date,countryiso3code,full_pubs,frac_pubs,frac_FWCI,frac_intl,frac_pubs_top10p_FWCI_perc,number_unique_authors
1992,ABW,1,1,0,,0,1
1993,ABW,1,0.333333333,0.69138368,0.333333333,0,6
1994,ABW,2,1.857142857,0.45551563,0.857142857,0,7
1995,ABW,1,1,0,,0,1
1997,ABW,3,0.833333333,0.934501827,0.833333333,0.2,3
2000,ABW,3,2.05,0.333991061,0.05,0,4
2001,ABW,1,0.333333333,0.249691435,0.333333333,0,1
2002,ABW,2,0.4,0.056747233,0.4,0,2
2003,ABW,1,0.2,0.136046913,0.2,0,1
2004,ABW,2,0.666666667,0,0.666666667,0,2
2005,ABW,3,1.75,0.708173618,0.75,0,3
2007,ABW,1,0.333333333,0.61013076,0.333333333,0,1
2008,ABW,1,0.2,1.30565869,,0,1
2009,ABW,3,0.8,0.138232021,0.3,0,4
2010,ABW,6,2.291666667,0.591517865,1.791666667,0.109090909,9
2011,ABW,9,1.201359585,0.873111915,1.201359585,0.003329561,10
2012,ABW,7,2.207575758,0.840277555,2.207575758,0.113246397,9
2013,ABW,8,4.269047619,0.329447429,0.935714286,0,9
2014,ABW,21,8.495173993,0.622119171,3.495173993,0.062780743,19
2015,ABW,10,5.016666667,0.694525184,2.016666667,0.139534884,12
2016,ABW,14,6.174242424,0.408623255,3.174242424,0,21
2017,ABW,13,4.318253968,0.572574794,2.818253968,0.025730564,16
2018,ABW,8,2.118391331,0.634974708,1.118391331,0,8
2019,ABW,16,6.181186869,0.401725216,3.181186869,0,16
2020,ABW,19,4.972351668,0.604257447,4.222351668,0.040222417,23
2021,ABW,26,5.550715002,1.315929231,4.550715002,0.073647738,37
2022,ABW,29,6.127651004,0.606580446,6.127651004,5.98E-04,36
2023,ABW,36,10.28343555,1.274584419,7.283435546,0.104189749,50
2024,ABW,4,1.31958908,0,1.31958908,1,16
1990,AFG,4,2.666666667,0,0.666666667,0,11
1991,AFG,3,3,0.645887642,,0,7
1992,AFG,2,1.6,0,0.6,0,4
1995,AFG,4,3.5,0,0.5,0,4
1996,AFG,1,0.2,0,0.2,0,1
1998,AFG,3,2.083333333,0.022189489,0.083333333,0,3
1999,AFG,3,0.866666667,0.121849516,0.166666667,0,3
2000,AFG,3,3,0.101586345,,0,7
2001,AFG,3,2.117647059,0,0.117647059,0,4
2002,AFG,6,4.4,0.232554838,1.4,0,7
2003,AFG,11,8.027472527,0.442944342,2.360805861,0,25
2004,AFG,11,5.342857143,0.577677512,1.50952381,0.046791444,13
2005,AFG,15,9.588311688,0.548719751,2.088311688,0.033861574,24
2006,AFG,34,23.85873016,0.458454651,4.858730159,0.008382676,39
2007,AFG,30,16.77946727,0.312628513,6.279467272,0.029551547,40
2008,AFG,35,12.61507937,0.833313127,10.28174603,0.046240956,53
2009,AFG,48,27.13115079,0.485943705,8.464484127,0.031738835,64
2010,AFG,72,33.20069375,0.545164478,16.11736042,0.032974619,90
2011,AFG,79,46.08374355,0.45319375,15.00041022,0.021196446,122
2012,AFG,79,35.41239594,0.612528466,15.66239594,0.046463459,114
2013,AFG,57,25.0934864,0.552891093,15.0934864,0.060809472,101
2014,AFG,91,33.91168466,0.908750364,19.41168466,0.066007604,128
2015,AFG,59,18.32117441,0.677065414,13.32117441,0.016089252,94
2016,AFG,100,43.44555845,0.580613211,23.44555845,0.025273339,164
2017,AFG,141,49.60435659,0.569986182,33.90435659,0.030870274,198
2018,AFG,175,59.98276159,0.617479665,43.48276159,0.029600214,212
2019,AFG,243,97.7708396,0.684283723,63.2708396,0.06166607,367
2020,AFG,288,131.981174,0.623988389,60.73117402,0.061497822,437
2021,AFG,456,193.6712965,0.962962727,103.4379632,0.107759445,588
2022,AFG,612,197.8150898,0.926121929,131.6484231,0.088307801,602
2023,AFG,544,189.2712679,1.026449377,110.1046012,0.112125368,669
2024,AFG,44,13.45527504,0.411822565,7.455275036,1,59
1990,AGO,8,5.533333333,0.309246682,1.533333333,0,9
1991,AGO,8,5.95,0.361050871,0.95,0,26
1992,AGO,6,3.569444444,1.110850669,2.569444444,0,19
1993,AGO,14,9.204901961,2.268873406,2.204901961,0.063904569,24
1994,AGO,13,9.116666667,0.075506902,2.116666667,0,27
1995,AGO,9,5.075,0.111906887,2.075,0,10
1996,AGO,5,3.773809524,0.174775232,1.773809524,0,14
1997,AGO,11,6.419047619,0.365197513,1.419047619,0.03115727,15
1998,AGO,10,4.015873016,0.307585914,2.015873016,0.041501976,17
1999,AGO,14,5.943722944,0.441101035,1.943722944,0.016824472,21
2000,AGO,16,6.313034188,0.782740033,3.063034188,0.078185818,21
2001,AGO,17,9.894047619,0.657558157,2.894047619,0.10107087,26
2002,AGO,18,9.323144399,0.641458355,4.406477733,0.016501531,32
2003,AGO,14,5.026587302,1.03836158,4.026587302,0.110128681,16
2004,AGO,22,9.50485348,0.969745764,3.90485348,0.118611082,29
2005,AGO,30,10.57493895,0.698129364,7.57493895,0.023640798,39
2006,AGO,33,13.80923414,0.365729086,10.30923414,0.065703019,61
2007,AGO,28,11.58365079,0.318726679,5.75031746,0.02877619,45
2008,AGO,35,13.05095314,0.453173709,7.05095314,0.058945752,40
2009,AGO,40,14.37700853,0.546255963,9.627008531,0.009283036,63
2010,AGO,45,15.8860119,0.616530034,11.8860119,0.042883639,65
2011,AGO,49,17.01196761,0.377565753,13.01196761,0.026480781,86
2012,AGO,70,24.16198912,0.629346275,19.96556054,0.023036339,114
2013,AGO,66,25.058928,0.871580638,15.058928,0.110815717,118
2014,AGO,97,35.89016149,0.639860135,24.22349482,0.068652668,147
2015,AGO,95,34.43607399,0.874814706,26.43607399,0.050365421,176
2016,AGO,109,38.50064436,0.52436644,24.50064436,0.023042587,171
2017,AGO,144,51.38963324,0.619415247,35.38963324,0.051780979,223
2018,AGO,108,32.84996893,0.610065444,24.34996893,0.050338192,151
2019,AGO,135,40.21340997,0.681111896,31.21340997,0.077129804,202
2020,AGO,164,58.05583948,0.484827076,40.55583948,0.014707235,250
2021,AGO,167,50.63710846,0.519444136,38.53710846,0.028158855,276
2022,AGO,219,57.09506912,0.744092356,44.09506912,0.062585257,273
2023,AGO,206,47.02582045,0.505099371,36.27582045,0.038541246,261
2024,AGO,20,3.805155955,0,3.805155955,1,24
1990,AIA,1,1,0,,0,1
1991,AIA,1,1,0.624768505,,0,1
2005,AIA,1,0.333333333,0.417324591,0.333333333,0,1
2006,AIA,1,0.2,2.331712904,0.2,0,1
2009,AIA,3,0.816666667,0.325703697,0.816666667,0.081632653,3
2011,AIA,8,3.336446886,0.388117643,2.336446886,0,10
2012,AIA,9,3.788690476,1.112577266,1.788690476,0.13197172,7
2013,AIA,19,9.243766001,0.782735349,5.243766001,0.099650614,37
2014,AIA,18,8.503147657,0.656683309,4.003147657,0.004570301,22
2015,AIA,25,7.572756325,0.621792295,4.572756325,6.99E-04,30
2016,AIA,25,7.91731409,0.732766877,2.91731409,0.076700114,33
2017,AIA,13,2.406177372,0.756262059,1.406177372,0.005535847,4
2018,AIA,24,4.222494673,0.6758264,2.222494673,0.04256122,29
2019,AIA,10,2.851641414,2.502552928,2.851641414,0.211069294,15
2020,AIA,24,5.353330568,0.704112222,5.353330568,0.058588606,36
2021,AIA,24,5.939487428,1.58185709,4.939487428,0.232565225,27
2022,AIA,33,10.85214449,0.908141245,7.85214449,0.131273886,47
2023,AIA,24,5.743123032,0.569648768,3.743123032,0.021281491,21
2024,AIA,4,0.877056277,0,0.877056277,1,10
1990,ALB,15,13.58333333,0.412812477,0.583333333,0.073619632,31
1991,ALB,15,13.58695652,0.099214774,0.586956522,0.0064,34
1992,ALB,21,16.87424242,0.097508437,1.374242424,0,36
1993,ALB,23,16.06904762,0.513209741,3.069047619,0.01466884,29
1994,ALB,28,17.47930403,0.205328928,3.979304029,0,43
1995,ALB,33,22.35127353,0.163308721,5.101273533,0.002080939,50
1996,ALB,67,38.01230159,0.399848094,13.76230159,0.025305091,90
1997,ALB,51,30.40248918,0.678749577,9.402489177,0.084971113,88
1998,ALB,50,33.18926074,0.326479912,9.189260739,0.002739112,80
1999,ALB,45,24.31807981,0.320206053,6.48474648,0.018788348,76
2000,ALB,40,24.25987958,0.2753057,7.759879584,0.02061016,54
2001,ALB,38,24.45470779,0.529371871,6.454707792,0.055761712,58
2002,ALB,51,30.03949939,0.391617007,12.53949939,0.023302652,82
2003,ALB,53,25.84134864,0.447542166,12.84134864,0.032248059,77
2004,ALB,52,21.15156271,0.585309398,10.65156271,0.044983885,67
2005,ALB,60,30.10444433,0.53421997,13.60444433,0.044290249,84
2006,ALB,68,31.32595702,0.507711534,17.57595702,0.049673202,126
2007,ALB,83,47.51317742,0.601391384,15.51317742,0.059756688,150
2008,ALB,104,58.79927166,0.564300938,20.29927166,0.06797247,160
2009,ALB,139,86.7146683,0.335306998,24.9646683,0.022802582,385
2010,ALB,228,150.2443078,0.322589416,36.84430784,0.016647392,357
2011,ALB,276,183.9515922,0.316089849,41.40040171,0.03231611,421
2012,ALB,337,228.9047569,0.256340999,48.83809025,0.014238614,560
2013,ALB,505,383.4925465,0.183587325,68.86754652,0.003766552,766
2014,ALB,519,391.8405319,0.244335599,68.92386528,0.011811235,810
2015,ALB,474,307.5680087,0.35274081,81.66800871,0.020512264,677
2016,ALB,398,218.0375036,0.389008622,84.43750359,0.01409081,657
2017,ALB,381,186.1113271,0.57698347,79.11132711,0.051847753,526
2018,ALB,475,235.8929127,0.512478095,91.89291266,0.039780314,646
2019,ALB,547,298.0039934,0.556323919,104.7539934,0.047188354,688
2020,ALB,640,292.0026356,0.648941287,126.585969,0.077777618,709
2021,ALB,861,428.6564497,0.47931752,145.989783,0.037806309,954
2022,ALB,966,487.2769293,0.556951521,168.5602626,0.041326465,1140
2023,ALB,1010,567.4028216,0.46476066,161.6944883,0.037823279,1325
2024,ALB,59,30.43193982,0.322422646,15.76527315,1,122
1990,AND,2,2,0.585105056,,0,7
1991,AND,1,1,0,,0,6
1992,AND,1,1,0,,0,3
1993,AND,2,0.916666667,0.391811852,0.916666667,0,4
1994,AND,1,1,0,,0,4
1995,AND,2,1.25,0.559787094,0.25,0,7
1996,AND,2,2,0,,0,6
1997,AND,3,1.285714286,0.196820994,0.952380952,0,4
1998,AND,4,2.083333333,0.253322493,1.083333333,0,4
1999,AND,1,0.076923077,2.241276299,0.076923077,0,1
2000,AND,2,1.166666667,0,0.166666667,0,5
2001,AND,4,2.476190476,0.323678548,0.476190476,0,8
2002,AND,1,0.5,0.224856934,0.5,0,2
2003,AND,9,4.402777778,0.995715798,4.402777778,0.176656151,15
2004,AND,6,2.268589744,0.146867373,1.268589744,0,11
2005,AND,12,6.440909091,0.297233875,1.940909091,0.052928723,21
2006,AND,17,5.622651368,0.529276478,2.122651368,0,22
2007,AND,16,5.97409826,0.326545591,2.97409826,0.005566294,27
2008,AND,4,1.67842245,0.407028612,0.67842245,0.073203796,42
2009,AND,9,3.7572469,0.7996604,1.7572469,0.061073741,19
2010,AND,9,1.700604203,1.191256459,1.700604203,0.061920951,218
2011,AND,5,0.909910138,0.904009239,0.909910138,0.049954983,6
2012,AND,15,5.652577933,0.390098118,2.3192446,0.004655538,25
2013,AND,18,5.958769139,0.311747363,3.958769139,0.004303074,20
2014,AND,23,5.584562569,0.913777644,4.584562569,0.036682259,20
2015,AND,25,8.804288041,0.614662515,6.804288041,0.056790509,32
2016,AND,26,7.785150715,0.339759348,5.785150715,0.004730066,28
2017,AND,15,3.592166795,0.87315667,2.592166795,0.111882524,15
2018,AND,18,2.829786872,0.851938967,2.829786872,0.125345431,21
2019,AND,31,5.959442587,1.113807875,4.959442587,0.095057848,24
2020,AND,32,7.735681586,0.529459407,4.735681586,0.029382768,32
2021,AND,38,9.470062899,1.066259972,6.470062899,0.158471957,56
2022,AND,43,10.8924087,0.681342839,7.392408703,0.024039548,44
2023,AND,49,11.12023555,0.255247575,8.120235554,0.046917014,58
2024,AND,5,0.576068376,0,0.576068376,1,8
1990,ANT,4,2.75,0.037776231,0.25,0,5
1991,ANT,3,1.116666667,0.061519356,1.116666667,0,5
1992,ANT,5,2.366666667,0.341883698,0.366666667,0.070422535,5
1993,ANT,6,4.75,0.843986317,0.25,0.210526316,9
1994,ANT,5,3.083333333,1.468676892,0.583333333,0.162162162,5
1995,ANT,6,5.5,0.259758804,0.5,0,12
1996,ANT,6,2.041666667,0.981466611,2.041666667,0,5
1997,ANT,13,6.053851541,0.890078353,4.053851541,0.029150135,24
1998,ANT,14,7.808333333,1.18711877,3.475,0.14941302,22
1999,ANT,18,7.181308155,0.507710361,3.847974822,0.020274004,24
2000,ANT,16,9.017857143,0.461947864,2.017857143,0.034323432,22
2001,ANT,9,5.728571429,1.321267521,2.728571429,0.141313383,16
2002,ANT,16,7.33807815,0.713486482,3.83807815,0.130597319,24
2003,ANT,15,6.152380952,0.289942435,3.152380952,0,20
2004,ANT,23,9.676190476,0.706041864,8.176190476,0.020669291,29
2005,ANT,20,6.727380952,0.959708142,5.727380952,0.059458503,28
2006,ANT,22,10.26068376,1.046110767,9.260683761,0.097459392,39
2007,ANT,19,7.058964646,0.711619054,4.058964646,0.080950763,26
2008,ANT,31,9.189122762,0.950940203,6.689122762,0.113714298,31
2009,ANT,35,14.48674136,0.779733318,8.486741363,0.074781023,52
2010,ANT,31,10.35887523,0.750341258,8.85887523,0.083894014,39
2011,ANT,15,4.730701136,0.344098069,2.230701136,0.0018762,15
2012,ANT,21,5.344448923,0.444394602,4.344448923,0.006930001,21
2013,ANT,15,2.627871148,0.950139346,2.627871148,0.126845387,11
2014,ANT,16,3.803210678,0.458274468,3.303210678,0.017529049,18
2015,ANT,25,6.406295339,0.418156983,4.406295339,0.00600371,20
2016,ANT,21,3.836508103,1.59993137,3.836508103,0.149025915,12
2017,ANT,22,4.805189829,0.724121895,3.805189829,0.071027567,17
2018,ANT,14,3.298495948,0.677356483,2.965162615,0,15
2019,ANT,21,5.764288326,1.05060864,4.764288326,0.057827318,25
2020,ANT,8,3.243589744,0.515485211,1.243589744,0,7
2021,ANT,16,3.547427934,1.205275274,2.547427934,0.130733626,13
2022,ANT,29,7.038937868,0.822117584,4.538937868,0.036861067,26
2023,ANT,23,4.524098095,1.122569438,3.524098095,0.031576933,24
2024,ANT,2,0.194444444,0,0.194444444,1,2
1990,ARE,87,69.25,0.352430839,12.75,0.020216606,114
1991,ARE,124,106.7166667,0.438690144,10.71666667,0.044510386,158
1992,ARE,147,120.6545788,0.463798257,15.48791209,0.0179576,223
1993,ARE,227,194.9319264,0.451053073,17.59859307,0.038010827,319
1994,ARE,230,185.4546287,0.457134977,34.28796204,0.021311849,351
1995,ARE,270,226.4409091,0.478579763,31.10757576,0.034300779,380
1996,ARE,405,306.6965803,0.440528388,61.97991363,0.030168512,499
1997,ARE,402,288.8452603,0.44923263,67.7202603,0.023436232,483
1998,ARE,423,318.3830447,0.454642556,68.12193362,0.037847493,595
1999,ARE,377,267.1178252,0.455298115,70.72893634,0.029758947,480
2000,ARE,497,353.4275751,0.506771074,98.04424172,0.028263852,642
2001,ARE,555,413.1495171,0.567578173,92.73285048,0.036588852,714
2002,ARE,614,444.256843,0.572782484,101.1973192,0.042902038,761
2003,ARE,860,571.4268328,0.570753751,140.6212773,0.049401053,891
2004,ARE,919,600.8055392,0.707826859,172.1214122,0.053467882,984
2005,ARE,1169,762.824966,0.631546957,218.374966,0.047080195,1197
2006,ARE,1360,872.0247754,0.609550143,263.6581087,0.050722606,1418
2007,ARE,1443,863.5992844,0.745007841,299.2040463,0.071509917,1392
2008,ARE,1592,1001.776107,0.738063535,308.5511074,0.069586695,1742
2009,ARE,1881,1153.144681,0.746199741,422.1875379,0.069059658,2032
2010,ARE,2207,1389.304709,0.753969691,435.9332805,0.06011654,2294
2011,ARE,2561,1595.986432,0.843623045,504.4530991,0.077725462,2479
2012,ARE,2904,1762.512502,0.815875448,598.6847239,0.079098013,3051
2013,ARE,3202,1903.478708,0.937146378,702.6271202,0.096125012,3266
2014,ARE,3484,1946.556227,0.977631124,747.7228936,0.106174598,3772
2015,ARE,4468,2466.86406,0.983067657,960.516838,0.106324143,4551
2016,ARE,5146,2780.350078,0.965132898,1119.933412,0.098569571,5532
2017,ARE,5978,3206.629721,0.913710202,1305.75234,0.092178352,6197
2018,ARE,6584,3359.510995,1.030620431,1503.795916,0.107042006,6335
2019,ARE,8340,4322.949445,1.173559007,1896.040354,0.126615748,8408
2020,ARE,9815,4881.104624,1.263635922,2338.285576,0.138617925,8885
2021,ARE,12058,5527.681034,1.341060568,2858.646298,0.149963193,10326
2022,ARE,14974,6704.851155,1.428847408,3558.525244,0.156430342,12755
2023,ARE,17439,7353.121155,1.354676441,4085.443482,0.1446795,14201
2024,ARE,1672,650.9784352,1.192114868,402.1927209,0.998244401,2429
1990,ARG,2137,1909.883675,0.540787236,167.4868856,0.035971034,4260
1991,ARG,2046,1787.94152,0.538738331,198.9280282,0.032734561,4113
1992,ARG,2040,1757.899937,0.572929416,207.5666037,0.037252055,4286
1993,ARG,2227,1913.144893,0.543315364,221.4227065,0.033940253,4576
1994,ARG,2524,2167.686646,0.61409221,272.9033122,0.038018144,5043
1995,ARG,2760,2411.218073,0.640818293,281.678121,0.036908079,5698
1996,ARG,4269,3473.886138,0.574160036,532.5389535,0.039525816,7628
1997,ARG,4812,3979.274108,0.608261555,571.8162737,0.037772313,9182
1998,ARG,4839,3882.706909,0.594154044,659.438202,0.038530002,8921
1999,ARG,5107,4119.369667,0.603568489,688.4688302,0.042470597,9878
2000,ARG,5457,4409.328801,0.629148224,752.2303632,0.044577098,10697
2001,ARG,5658,4623.931971,0.644688365,799.2847585,0.045446229,10807
2002,ARG,6066,4939.477816,0.627938733,911.19809,0.041047268,11603
2003,ARG,6126,4759.001239,0.649087849,1068.665917,0.041429206,11109
2004,ARG,6412,4852.313628,0.668552399,1215.101259,0.045415678,12007
2005,ARG,6800,5114.752422,0.697273485,1270.152261,0.04819336,12248
2006,ARG,7618,5811.407536,0.718021698,1366.330304,0.051174859,14835
2007,ARG,7881,5938.727767,0.704142514,1499.231888,0.049194261,14522
2008,ARG,8706,6529.782742,0.731314073,1644.736164,0.051436444,16483
2009,ARG,9580,7287.30033,0.723124175,1768.982793,0.051672681,17011
2010,ARG,10095,7699.994539,0.692563389,1792.206218,0.043739248,19009
2011,ARG,10886,8280.434916,0.684122845,1952.094007,0.043699964,19855
2012,ARG,11284,8464.487237,0.712089163,2111.66399,0.046471246,20394
2013,ARG,11439,8636.359866,0.671033725,2124.256784,0.041171829,21585
2014,ARG,12202,9208.455585,0.672100499,2293.703508,0.047073643,22634
2015,ARG,12420,9313.561733,0.666924144,2333.930781,0.042200206,23373
2016,ARG,12936,9659.264829,0.653219542,2429.281991,0.041738165,24640
2017,ARG,13389,9995.506754,0.648523615,2505.109639,0.042740324,25292
2018,ARG,14182,10578.55802,0.643861529,2694.962786,0.039647061,27102
2019,ARG,14631,10854.19503,0.635046227,2802.678899,0.041719726,30775
2020,ARG,16512,12048.97626,0.604643748,3197.932722,0.040023604,31346
2021,ARG,16569,11834.0749,0.608617248,3249.005592,0.037973393,31643
2022,ARG,15584,11012.1319,0.584443162,3001.594678,0.040565058,30678
2023,ARG,14880,10267.60129,0.596750994,2980.643851,0.054678572,29384
2024,ARG,1398,941.2409462,0.874564139,304.8945176,0.996776844,4328
1990,ARM,192,159.0090387,0.112087734,20.00903874,0.00244392,468
1991,ARM,238,186.0350861,0.203423244,29.53508614,0.007248551,542
1992,ARM,187,135.7251134,0.192437218,23.51082773,0.001841958,484
1993,ARM,183,141.589582,0.227167178,21.589582,0.012354406,483
1994,ARM,225,174.5058781,0.163790972,22.00587809,0.001534946,430
1995,ARM,226,167.0601362,0.216674124,28.56013622,0.012421662,398
1996,ARM,421,312.395308,0.166685067,48.39530799,0.007789647,669
1997,ARM,363,254.1851719,0.221853206,39.20898144,0.015554788,628
1998,ARM,379,273.4374184,0.24832715,48.68741844,0.011277701,677
1999,ARM,394,262.3368048,0.240882434,52.6368048,0.011442832,589
2000,ARM,500,346.2785248,0.272986222,62.94519148,0.011640523,807
2001,ARM,480,312.6030539,0.311850221,65.26972052,0.019163215,835
2002,ARM,513,327.6150136,0.362341414,73.78168024,0.030649886,823
2003,ARM,552,327.4908217,0.352672436,79.94796458,0.015762083,763
2004,ARM,566,352.7653706,0.320903293,80.73203729,0.008237548,792
2005,ARM,644,392.0336569,0.34974273,94.64079977,0.024519419,922
2006,ARM,616,368.181453,0.329268945,95.09811962,0.014499753,894
2007,ARM,663,416.9182552,0.400140616,97.21825524,0.026047596,875
2008,ARM,640,401.1909748,0.369570101,115.3243082,0.024584483,975
2009,ARM,700,451.0632624,0.365129815,99.19659577,0.024088616,962
2010,ARM,790,491.9046271,0.345861315,122.6379604,0.018969091,1148
2011,ARM,1022,621.8792211,0.324614313,142.4625544,0.022279965,1279
2012,ARM,1162,603.3577394,0.383422533,150.0077394,0.023866251,1269
2013,ARM,1043,567.3285358,0.337580444,140.1452025,0.021413522,1193
2014,ARM,1088,595.9007603,0.347709809,141.067427,0.020017167,1277
2015,ARM,1083,560.7989799,0.343845331,157.4656466,0.01840522,1223
2016,ARM,1133,560.3521704,0.368929024,151.6855038,0.01931003,1252
2017,ARM,1168,566.8139789,0.410506039,167.7806456,0.028066939,1386
2018,ARM,1249,562.7894368,0.443098554,165.4227701,0.026343658,1360
2019,ARM,1373,675.6790542,0.404776485,216.5623876,0.018847847,1635
2020,ARM,1273,681.6636725,0.378318782,179.6303392,0.023925926,1665
2021,ARM,1285,646.6481126,0.411759442,227.4147793,0.032750619,1734
2022,ARM,1582,788.2386928,0.437909571,250.1886928,0.029786663,2110
2023,ARM,1676,888.8751821,0.422233863,283.7180392,0.038284919,2277
2024,ARM,154,60.2625158,0.507729949,32.7625158,0.98212947,298
1994,ASM,1,0.666666667,0,0.666666667,0,2
1995,ASM,1,1,0.474041509,,0,2
1996,ASM,4,2.333333333,0.975733016,0.333333333,0.214285714,4
1997,ASM,7,3.566666667,0.906301927,1.4,0.186915888,9
1998,ASM,5,1.866666667,0.92362177,0.866666667,0,4
1999,ASM,3,1.583333333,0.499086884,1.25,0,4
2000,ASM,3,1.8,0.321489753,0.8,0,5
2001,ASM,2,1,0.917004374,0.5,0,2
2002,ASM,6,2.933333333,0.224086114,1.433333333,0,7
2003,ASM,4,1.283333333,0.819356741,1.283333333,0,5
2004,ASM,6,4.5,0.342258993,1.5,0,6
2005,ASM,4,0.904761905,0.279281643,0.904761905,0,5
2006,ASM,8,3.784313725,0.945752753,1.784313725,0.132124352,13
2007,ASM,7,2.773809524,0.684364464,1.773809524,0.025751073,11
2008,ASM,13,5.249782093,0.975266157,3.249782093,0.004645954,14
2009,ASM,10,2.917359545,0.721135926,1.917359545,0,19
2010,ASM,7,1.379304029,1.293977637,1.379304029,0,11
2011,ASM,9,3.012637363,0.566548765,3.012637363,0,13
2012,ASM,7,2.07582403,0.39642302,0.742490696,0,9
2013,ASM,11,3.773768473,1.645033543,1.702339901,0.274124596,30
2014,ASM,20,5.122338917,0.58529146,3.45567225,0,25
2015,ASM,9,2.618589744,0.409231926,1.618589744,0,10
2016,ASM,6,1.758333333,0.425505116,1.758333333,0,9
2017,ASM,8,2.513888889,1.111719037,1.513888889,0.08839779,9
2018,ASM,19,6.971036034,0.615770133,3.971036034,0.013040973,28
2019,ASM,7,0.577413273,1.241025635,0.577413273,0.145590581,7
2020,ASM,13,4.421367521,0.410215183,2.421367521,0,16
2021,ASM,11,3.549476912,0.393844812,2.549476912,0,22
2022,ASM,11,2.800335775,0.395257119,1.800335775,0.051014291,18
2023,ASM,21,3.192071186,0.473117218,3.192071186,0.017914721,29
2024,ASM,1,0.555555556,0,0.555555556,1,10
1993,ATA,1,0.5,1.706184698,,0,2
1997,ATA,1,1,0,,0,1
1999,ATA,1,1,1.17026256,,0,1
2000,ATA,1,0.043859649,0,0.043859649,0,5
2002,ATA,1,0.4,0,0.4,0,2
2003,ATA,1,0.333333333,0.714205786,0.333333333,0,1
2006,ATA,2,1.25,0.117754869,0.25,0,2
2007,ATA,2,0.185964912,5.924417778,0.185964912,0.283018868,3
2008,ATA,4,0.431754386,0.823656246,0.431754386,0,6
2009,ATA,6,3.820512821,1.01468382,0.820512821,0.174496644,8
2010,ATA,8,1.809203829,0.438180178,0.809203829,0.001198979,8
2011,ATA,2,0.088461538,0.679852014,0.088461538,0,3
2012,ATA,4,0.803113553,0.599557862,0.46978022,0,6
2013,ATA,1,0.2,1.840119047,0.2,0,1
2014,ATA,2,1.142857143,0,0.142857143,0,3
2016,ATA,2,0.18627451,0.095590931,0.18627451,0,2
2017,ATA,3,0.27457265,0.550070062,0.27457265,0,3
2018,ATA,3,0.333914053,0.553646202,0.333914053,0,5
2019,ATA,1,0.133333333,1.665882133,0.133333333,0,2
2020,ATA,3,2.017241379,0.021465594,0.017241379,0.008547009,7
2021,ATA,11,2.831218663,0.513637859,1.164551996,0.117734931,14
2022,ATA,5,0.794549643,1.461743224,0.794549643,0.028708731,6
2023,ATA,4,1.035855449,0.076726479,0.035855449,0,3
1993,ATF,1,0.285714286,0,0.285714286,0,2
1998,ATF,1,1,0.684557121,,0,1
2008,ATF,1,0.25,0.832247044,0.25,0,2
2018,ATF,1,0.125,1.470182616,0.125,0,1
1994,ATG,1,0.5,2.865063977,0.5,1,1
1995,ATG,1,1,0,,0,2
1996,ATG,1,1,0,,0,1
1997,ATG,3,1.142857143,0.416086069,0.142857143,0,2
1998,ATG,1,0.2,0.395461633,,0,1
1999,ATG,2,2,1.046696096,,0,4
2000,ATG,1,0.25,0.173392406,0.25,0,1
2001,ATG,1,1,0,,0,1
2002,ATG,3,2.083333333,0.24020308,0.083333333,0.04,7
2003,ATG,3,1.761904762,0.265569084,1.761904762,0,9
2005,ATG,6,1.891666667,0.463645296,1.891666667,0,7
2006,ATG,7,3.033333333,0.418156593,3.033333333,0,8
2007,ATG,10,5.992857143,0.27473783,3.992857143,0,14
2008,ATG,10,5.014285714,0.139940818,4.014285714,0,18
2009,ATG,7,3.791666667,0.160270067,2.791666667,0,10
2010,ATG,5,1.632051282,0.446303912,0.465384615,0,9
2011,ATG,5,0.54963925,0.685218295,0.54963925,0,5
2012,ATG,12,3.457539683,0.457740807,2.457539683,0,12
2013,ATG,11,2.997751323,0.393996142,2.997751323,0.041697922,14
2014,ATG,12,2.89770373,0.39031909,2.89770373,0.011132285,18
2015,ATG,10,2.761593371,0.345343711,1.761593371,5.93E-04,11
2016,ATG,22,7.93680563,0.306917749,6.93680563,0.011550952,24
2017,ATG,19,6.138538749,0.272630444,4.138538749,2.66E-04,31
2018,ATG,25,6.973788758,0.827938123,4.973788758,0.092181906,35
2019,ATG,20,6.435983923,0.47818706,3.935983923,0.052367601,37
2020,ATG,22,8.726322003,0.426881422,5.726322003,0.019099303,39
2021,ATG,32,9.086385446,0.52532999,5.086385446,0.053677504,33
2022,ATG,36,8.059374367,0.735450109,7.059374367,0.050197878,45
2023,ATG,51,11.61892079,0.277670435,9.952254118,0.041494037,56
2024,ATG,6,0.991425241,0,0.991425241,0.641951465,11
1990,AUS,16037,14533.80067,1.114193224,1176.405472,0.111698173,21387
1991,AUS,16592,14949.71184,1.082506375,1206.578968,0.108363181,22263
1992,AUS,17755,15916.80364,1.064990473,1368.744662,0.103505223,24025
1993,AUS,19045,17051.04668,1.02815742,1469.212676,0.097944523,25882
1994,AUS,21237,18875.97134,1.044430789,1716.916332,0.0969361,28462
1995,AUS,21836,19319.18987,1.022427854,1941.487751,0.098974294,30129
1996,AUS,25417,21176.3172,1.07536371,2978.466699,0.103456046,31808
1997,AUS,26834,22162.14965,1.060191401,3313.482784,0.102420863,33342
1998,AUS,27773,22800.85726,1.077319365,3571.992106,0.105739034,34779
1999,AUS,27840,22708.39541,1.071701663,3467.367802,0.103716897,35198
2000,AUS,29482,24322.62203,1.08613651,3789.116097,0.105202388,38686
2001,AUS,30119,25018.71817,1.105889277,3845.763659,0.113463373,40396
2002,AUS,31579,25772.63998,1.136626982,4234.711268,0.116269234,42224
2003,AUS,34393,26964.08941,1.159700599,5360.558674,0.117068002,41961
2004,AUS,37816,29479.88286,1.159329012,6064.989064,0.11816893,46085
2005,AUS,43089,33640.83126,1.185950314,6798.649079,0.119515072,51222
2006,AUS,46703,36191.4425,1.201167888,7609.689704,0.121323151,54729
2007,AUS,49781,38114.66012,1.237590646,8298.415143,0.126941057,58041
2008,AUS,52798,39973.41952,1.250693746,8978.190702,0.128377459,62164
2009,AUS,56536,42523.317,1.266757737,9785.873558,0.131642224,65579
2010,AUS,60986,45309.14292,1.268819285,10767.36309,0.132288201,71828
2011,AUS,66406,48938.45863,1.283838464,12066.18014,0.137609855,75512
2012,AUS,70272,50794.47669,1.308009872,12893.55487,0.136978095,79278
2013,AUS,77346,55382.67672,1.312335372,14699.36597,0.140378208,86720
2014,AUS,81627,57493.95422,1.33023491,15975.22688,0.140362851,92260
2015,AUS,85180,58847.23813,1.298414468,17322.09283,0.138427058,97350
2016,AUS,88509,59782.50379,1.301228839,18597.89197,0.136759546,104141
2017,AUS,91339,60268.89499,1.299990892,19988.21872,0.136548584,104451
2018,AUS,95918,61606.62675,1.290640574,21192.24855,0.135801838,109215
2019,AUS,101219,63819.57887,1.314879258,22605.69016,0.13789687,115632
2020,AUS,106014,64812.52875,1.270947436,23905.43849,0.133577258,120282
2021,AUS,112909,67884.68093,1.277201011,25098.48114,0.132420975,128465
2022,AUS,111029,65978.44312,1.270266464,24328.74549,0.128905967,128425
2023,AUS,108654,63991.97684,1.289115862,23364.09226,0.135340843,130065
2024,AUS,11143,6204.432414,1.233373962,2477.198532,0.995521824,26489
1990,AUT,5045,4490.530173,0.744276224,380.4535855,0.068044283,7166
1991,AUT,4750,4125.256109,0.87197197,452.6873649,0.076205571,6783
1992,AUT,4962,4225.75028,0.961092846,513.7672251,0.091858462,7210
1993,AUT,5329,4536.034804,1.004576375,557.3305325,0.093186196,8125
1994,AUT,5696,4723.98624,0.893654163,684.4270607,0.081844313,9064
1995,AUT,6070,4960.115097,0.992573133,777.2315227,0.090286681,9202
1996,AUT,7653,5905.840182,1.037516467,1184.732851,0.100240602,10144
1997,AUT,8295,6310.968759,1.030454442,1291.356346,0.103159638,11210
1998,AUT,8380,6236.884275,1.012831965,1301.672797,0.102626569,11254
1999,AUT,8601,6227.849981,1.071681571,1382.259481,0.106012375,11500
2000,AUT,9038,6654.795824,1.094981603,1487.168244,0.110319703,12471
2001,AUT,9654,7313.446503,1.084805616,1594.505482,0.110818445,13771
2002,AUT,10450,7815.16428,1.084402358,1742.175369,0.111125529,14451
2003,AUT,11507,8158.648088,1.117523196,2155.029788,0.113155917,14255
2004,AUT,12094,8405.780782,1.155163148,2347.749973,0.118838615,15165
2005,AUT,13570,9287.116003,1.178033025,2655.394694,0.119452335,16647
2006,AUT,14050,9595.61837,1.148908729,2733.769376,0.117354054,17383
2007,AUT,15325,10283.00247,1.195327248,3093.760701,0.124136975,18537
2008,AUT,16314,10772.15134,1.153323186,3338.375268,0.124957228,19501
2009,AUT,17238,11425.35477,1.154205514,3531.115164,0.119391039,20972
2010,AUT,18007,11671.52027,1.216088978,3736.280387,0.128331572,21967
2011,AUT,19530,12454.80313,1.163646398,4033.817738,0.124398165,26266
2012,AUT,20617,12924.11384,1.172008208,4304.309003,0.121742236,24317
2013,AUT,21619,13258.00258,1.154358368,4593.312134,0.123695361,25243
2014,AUT,22306,13489.02674,1.179770002,4791.44386,0.127571904,26451
2015,AUT,23509,14081.32163,1.094714567,5072.77921,0.11252877,27634
2016,AUT,24114,14016.9305,1.131841892,5220.72789,0.117502743,28674
2017,AUT,24575,14127.74654,1.126617127,5350.254156,0.112605306,29462
2018,AUT,25251,14103.4018,1.129621979,5586.250613,0.10864596,30186
2019,AUT,26648,14844.47144,1.090964033,5956.566961,0.107474736,31670
2020,AUT,28078,15189.4713,1.048229859,6245.222118,0.101810587,33550
2021,AUT,30687,16243.66816,1.065581588,6695.878709,0.104781495,35992
2022,AUT,29846,15729.1082,1.073217374,6502.800813,0.106110248,38166
2023,AUT,29759,15371.39058,1.07830162,6457.375984,0.114255601,35909
2024,AUT,2680,1294.456109,1.311412504,622.1029953,0.995286433,6270
1990,AZE,100,86.1,0.065117092,10.85,0,251
1991,AZE,97,87.61991342,0.112147364,8.11991342,0.009683699,232
1992,AZE,130,116.2650794,0.183156959,10.01507937,0.014335058,314
1993,AZE,150,136.1825397,0.093989733,10.18253968,0.003671543,299
1994,AZE,99,88.68721805,0.205918102,7.187218045,0.00644319,211
1995,AZE,117,95.01985237,0.212051146,15.51985237,0.008929553,202
1996,AZE,267,223.1232026,0.105532046,22.74701214,0.001493943,466
1997,AZE,251,212.5123016,0.088500066,30.34563492,0.003372354,405
1998,AZE,213,177.2107226,0.173643132,21.21072261,0.014272391,334
1999,AZE,203,168.2698246,0.16836099,20.60315795,0.011036696,320
2000,AZE,196,157.0367799,0.186451752,21.28677989,0.001591984,307
2001,AZE,200,165.1894018,0.131926155,19.02273512,0.005044714,346
2002,AZE,305,255.8325508,0.178940911,29.99921745,0.011300005,468
2003,AZE,370,294.8050155,0.224884699,40.93834882,0.015192985,477
2004,AZE,442,361.4350417,0.143992622,41.56837505,0.00634376,569
2005,AZE,439,360.362163,0.180418601,51.05263923,0.014884071,627
2006,AZE,386,299.8330613,0.248447336,61.89972795,0.016285388,555
2007,AZE,512,431.9649458,0.159966325,48.79827913,0.012854695,780
2008,AZE,606,499.0705009,0.167138276,74.50383425,0.007665887,992
2009,AZE,773,639.8588804,0.200437208,98.69221376,0.010686345,1213
2010,AZE,803,631.9488474,0.207596707,117.2821808,0.005590988,1203
2011,AZE,891,675.2985344,0.196318403,130.9890106,0.013481147,1336
2012,AZE,981,695.7208201,0.186130291,114.5541534,0.00971476,1310
2013,AZE,755,522.5219318,0.2470145,107.1885985,0.021115869,1117
2014,AZE,672,435.6322059,0.301241813,105.6655392,0.012388389,909
2015,AZE,804,515.2913955,0.343816397,125.8747289,0.026571068,1155
2016,AZE,1027,655.3363626,0.349165673,151.1696959,0.024746141,1389
2017,AZE,1148,790.4109566,0.34933056,160.7276232,0.024448007,1588
2018,AZE,1360,889.1965024,0.433862405,191.963169,0.037087618,1738
2019,AZE,1752,1228.313655,0.331297438,228.7303219,0.024724424,2322
2020,AZE,1940,1321.325727,0.411004212,247.4090606,0.033254741,2327
2021,AZE,1899,1273.690099,0.409947288,251.6567658,0.037533466,2313
2022,AZE,1997,1351.799568,0.424280377,257.1257581,0.037881224,2594
2023,AZE,2369,1484.846276,0.390357665,325.2879429,0.037753406,2888
2024,AZE,180,77.4758887,0.78143602,33.9758887,0.933261367,292
1990,BDI,17,13.21190476,0.147502414,2.211904762,0,52
1991,BDI,14,10.4,0.19029006,0.9,0,33
1992,BDI,21,17.16666667,0.121078567,2.166666667,0,35
1993,BDI,10,7.266666667,0.658271525,2.266666667,0.137614679,34
1994,BDI,24,15.75619658,0.867576336,5.256196581,0.031733547,60
1995,BDI,16,10.07722567,0.87585291,4.077225673,0.023729789,40
1996,BDI,24,10.0459707,0.781301063,8.045970696,0.040837906,35
1997,BDI,28,12.84085914,0.599245295,7.007525808,0.046199408,32
1998,BDI,9,3.50952381,0.791014586,2.50952381,0.040705563,11
1999,BDI,17,6.055343676,0.562330823,4.555343676,0,28
2000,BDI,5,2.683333333,0.267980055,0.683333333,0,5
2001,BDI,7,3.505555556,0.415790264,1.005555556,0,7
2002,BDI,4,0.976190476,0.421518039,0.976190476,0,3
2003,BDI,13,4.23355615,0.434104866,3.23355615,0,15
2004,BDI,11,4.453612498,0.396575155,2.453612498,0,23
2005,BDI,11,4.234632035,0.421593004,2.234632035,0,15
2006,BDI,14,5.185638115,0.844014183,2.685638115,0,18
2007,BDI,19,5.267038517,0.478498546,4.267038517,0,52
2008,BDI,8,2.058898305,0.801809484,2.058898305,0.016464293,10
2009,BDI,13,4.287301587,0.508370802,3.287301587,0.011662347,14
2010,BDI,33,12.67330257,0.38220821,8.339969241,0.016203917,39
2011,BDI,28,9.709469697,0.848217035,6.709469697,0.029426353,47
2012,BDI,31,9.280400948,0.594634609,6.280400948,0.053510472,41
2013,BDI,36,14.08005405,0.35552609,7.080054053,0.033872248,54
2014,BDI,37,13.84994583,0.489349988,6.849945825,0.056519377,48
2015,BDI,44,12.48912895,0.960230569,9.489128953,0.095702278,61
2016,BDI,51,14.06295005,0.812072713,10.06295005,0.03936382,81
2017,BDI,57,12.40152495,1.152744057,9.401524951,0.099001312,59
2018,BDI,84,24.28107427,0.691212079,16.28107427,0.030633014,112
2019,BDI,88,33.23262939,0.402570663,16.23262939,0.028990233,101
2020,BDI,124,40.2936621,0.45394524,29.46032877,0.027569949,171
2021,BDI,118,31.11439435,0.615935354,20.11439435,0.06629314,136
2022,BDI,128,37.11517616,0.559814269,27.11517616,0.040348639,194
2023,BDI,120,38.12586366,0.622810562,25.79253033,0.036685688,167
2024,BDI,14,4.487992318,0,2.487992318,1,21
1990,BEL,7187,6106.293293,1.015393629,759.022748,0.096080687,11066
1991,BEL,7239,6026.869883,1.006740854,838.430958,0.096101129,11665
1992,BEL,7610,6276.210044,1.079242814,936.7292609,0.105551582,12426
1993,BEL,8310,6790.920252,1.068762347,1060.000154,0.107945388,13170
1994,BEL,9275,7469.941478,1.089192879,1268.529275,0.111207861,14475
1995,BEL,9814,7865.022356,1.09716834,1325.928417,0.108451228,14869
1996,BEL,11843,8843.187997,1.132042317,1926.331193,0.116783602,15324
1997,BEL,12336,9146.842501,1.077159638,2072.618794,0.106762664,15876
1998,BEL,13024,9566.224026,1.102775224,2230.718421,0.111576612,16692
1999,BEL,12980,9350.411025,1.110781272,2216.764747,0.110623271,16636
2000,BEL,13377,9717.99527,1.098637956,2303.315425,0.107346514,17805
2001,BEL,13694,10237.31659,1.170254887,2259.811814,0.123151889,19215
2002,BEL,14689,10644.93815,1.156711403,2639.770395,0.123700776,20155
2003,BEL,16296,11139.66435,1.222750934,3229.653465,0.127091594,19535
2004,BEL,17492,11967.51471,1.202382206,3521.797109,0.125852346,20950
2005,BEL,19562,13213.08763,1.300268986,4005.018022,0.134807081,23132
2006,BEL,20253,13506.45551,1.323103354,4130.31495,0.135127883,23745
2007,BEL,21498,14044.10657,1.301298226,4462.394289,0.139971577,25235
2008,BEL,22813,14795.91078,1.277589234,4804.153514,0.136194054,26356
2009,BEL,24148,15665.56355,1.316524303,5110.803573,0.137610928,28380
2010,BEL,25231,15954.26902,1.321745096,5292.305195,0.139588316,29103
2011,BEL,26869,16689.15377,1.365769711,5710.432414,0.147725075,30896
2012,BEL,28336,17506.75008,1.342243748,6085.633856,0.144911669,32248
2013,BEL,29475,17981.80813,1.352923665,6470.90889,0.146902992,34102
2014,BEL,30541,18210.77203,1.295515418,6816.068231,0.139441618,35234
2015,BEL,31414,18092.70518,1.281227765,7062.397247,0.140393029,36493
2016,BEL,31975,18214.33229,1.231765627,7157.305218,0.133143938,38249
2017,BEL,32282,17875.40052,1.215871066,7160.440899,0.128162602,38400
2018,BEL,33416,17942.32432,1.226548902,7553.125118,0.129194912,39566
2019,BEL,33385,17887.30808,1.234565888,7414.746148,0.126498314,39566
2020,BEL,35646,18452.94904,1.174616986,7952.952772,0.121108827,42302
2021,BEL,38847,19889.62703,1.159958781,8533.490434,0.115945395,45881
2022,BEL,37580,18825.99877,1.156464725,8139.71884,0.116398954,45782
2023,BEL,37379,18699.45761,1.14350081,8124.837254,0.117395993,45899
2024,BEL,3591,1695.518817,1.143784365,835.0894518,0.997595619,8750
1990,BEN,27,21.39649321,0.629429067,2.396493213,0.093473261,55
1991,BEN,29,23.14885458,0.207647087,3.648854577,0,58
1992,BEN,18,14.125,0.321179054,1.125,0,36
1993,BEN,27,16.91666667,0.315308257,4.916666667,0,59
1994,BEN,28,18.90357143,0.362525284,4.236904762,0.026450028,63
1995,BEN,29,18.41190476,0.630467341,6.411904762,0.097762835,48
1996,BEN,53,25.09298479,0.446582855,12.59298479,0.004981472,77
1997,BEN,56,31.6967255,0.46357711,14.1967255,0.037926213,104
1998,BEN,63,26.9615143,0.545495621,17.62818097,0.076952186,93
1999,BEN,60,33.14325397,0.455032098,15.14325397,0.046551167,92
2000,BEN,71,38.5118104,0.492978357,14.2618104,0.011374369,116
2001,BEN,68,36.0713944,0.400526965,18.8213944,0.030528082,112
2002,BEN,76,37.06601536,0.581424116,17.06601536,0.025898568,137
2003,BEN,76,39.35415783,0.527095738,22.5208245,0.054773261,139
2004,BEN,110,55.51833722,0.583444781,33.15167055,0.034645938,186
2005,BEN,114,53.91145835,0.492156243,32.39360121,0.011937903,186
2006,BEN,142,69.03087556,0.534118018,39.9737327,0.0138672,232
2007,BEN,167,84.45425559,0.646636476,51.95425559,0.032952402,287
2008,BEN,173,77.77797884,0.609951821,53.97797884,0.029849681,274
2009,BEN,206,101.4105551,0.611033108,62.41055509,0.049709528,362
2010,BEN,221,96.27387199,0.664672528,60.56553866,0.041176436,311
2011,BEN,264,128.9834518,0.608243837,75.87392797,0.032584515,455
2012,BEN,315,148.946196,0.552021878,84.66841823,0.039791375,566
2013,BEN,362,177.8440991,0.582583175,108.6774324,0.047690845,679
2014,BEN,367,168.2960357,0.576130418,103.0460357,0.028602357,676
2015,BEN,386,177.575509,0.525994048,98.07550898,0.0294009,749
2016,BEN,373,168.5478944,0.577803174,96.04789438,0.031252055,694
2017,BEN,478,209.1931076,0.615661838,116.3597742,0.03676003,811
2018,BEN,512,231.4619273,0.591273698,128.4619273,0.036332311,999
2019,BEN,636,326.0859878,0.526951763,152.7526545,0.028824142,1255
2020,BEN,693,357.8656735,0.518300092,177.0085306,0.037995839,1362
2021,BEN,897,421.5833245,0.566692041,226.9166578,0.039113463,1557
2022,BEN,884,444.7130131,0.516719931,244.2130131,0.035825604,1569
2023,BEN,860,426.8388315,0.557783953,240.8388315,0.043778091,1564
2024,BEN,89,37.7493363,1.198122888,21.41600297,1,245
2011,BES,1,1,0,,0,5
2017,BES,1,0.166666667,1.508149255,0.166666667,0,1
2020,BES,1,1,0.29578696,,0,3
2021,BES,2,0.33125,0.520090065,0.33125,0.094339623,3
2022,BES,2,0.361111111,1.981830264,0.361111111,0,2
1990,BFA,35,27.18501401,0.833793213,3.185014006,0.079700774,55
1991,BFA,43,33.70555556,0.527098649,6.705555556,0.032965222,79
1992,BFA,40,28.09535297,0.276631776,8.262019632,0.017172097,99
1993,BFA,39,25.91904762,0.278255645,6.252380952,0,91
1994,BFA,39,30.40873016,0.476652615,7.408730159,0.034451259,111
1995,BFA,32,20.13694084,0.576806453,7.936940837,0,86
1996,BFA,65,38.86462981,0.54196563,15.28129648,0.033388175,124
1997,BFA,91,49.83743617,0.560761825,24.31838856,0.045101906,185
1998,BFA,128,78.66244493,0.415385378,33.18625445,0.005283136,243
1999,BFA,108,61.80389059,1.136906003,25.80389059,0.095940264,214
2000,BFA,88,51.08699185,0.419207359,21.50365852,0.014616386,187
2001,BFA,103,60.08770541,0.650107829,20.30199113,0.051406338,229
2002,BFA,111,73.87484009,0.485587886,25.24150675,0.02551237,275
2003,BFA,171,75.729907,0.712578716,48.44419271,0.043544475,274
2004,BFA,160,71.8093522,0.630137735,45.47601886,0.038948932,248
2005,BFA,168,70.50383872,0.678834254,49.00383872,0.044046018,254
2006,BFA,241,105.3901448,0.735880637,70.55681151,0.044399544,395
2007,BFA,236,112.5256666,0.944173951,68.21614277,0.07747167,406
2008,BFA,264,119.5919054,0.758603957,81.6919054,0.05929746,448
2009,BFA,292,130.5270356,0.729735372,84.33953558,0.056765588,500
2010,BFA,284,118.0020854,0.743862263,88.94256162,0.047848443,473
2011,BFA,357,156.6807843,0.820165116,104.9728478,0.065447653,597
2012,BFA,444,198.8109888,0.693603757,131.0919412,0.045174925,755
2013,BFA,387,175.996388,0.600404638,111.2630546,0.039006434,757
2014,BFA,443,195.7590498,0.639682935,128.6757164,0.044345947,837
2015,BFA,521,221.6719394,0.559386393,120.3386061,0.039624701,943
2016,BFA,530,226.6286327,0.593859805,140.6286327,0.046075749,1005
2017,BFA,535,221.0054208,0.63373339,140.0054208,0.038082682,978
2018,BFA,589,254.9005989,0.733693664,166.9005989,0.060995977,1094
2019,BFA,668,299.9419191,0.652962609,171.9419191,0.037086006,1306
2020,BFA,726,326.0786199,0.522760385,186.9982887,0.028159944,1380
2021,BFA,846,380.870436,0.591948973,208.2845774,0.036173236,1599
2022,BFA,966,465.8600575,0.541808481,250.1315487,0.028557478,1845
2023,BFA,970,500.380491,0.515944972,235.9971576,0.045060832,1904
2024,BFA,81,33.6129835,0.724990281,20.6129835,1,267
1990,BGD,462,348.1983147,0.749402768,75.19831472,0.054159006,757
1991,BGD,435,319.8956333,0.749871826,69.41944278,0.082824632,761
1992,BGD,491,350.0764628,0.721196603,86.07646283,0.063381278,842
1993,BGD,451,321.5726607,0.659078783,73.90599401,0.055613454,815
1994,BGD,384,282.9428173,0.580068769,55.77615065,0.043435727,684
1995,BGD,399,307.5137312,0.483099967,51.51373115,0.042939207,766
1996,BGD,552,387.0008381,0.386112701,92.01750474,0.029202539,955
1997,BGD,561,408.7380162,0.386289523,90.17968282,0.031345334,1048
1998,BGD,563,409.2175681,0.37920395,92.13423473,0.0266218,980
1999,BGD,581,414.9378802,0.377731092,103.7212135,0.022601394,1058
2000,BGD,618,453.4838568,0.39740775,109.3338568,0.02821208,1175
2001,BGD,609,447.2471214,0.404292767,115.9971214,0.031856757,1125
2002,BGD,639,460.2766521,0.448630284,102.3933187,0.028352658,1281
2003,BGD,768,524.3310649,0.539379097,144.1643983,0.040241936,1390
2004,BGD,866,563.1350667,0.553720983,176.7850667,0.04191814,1550
2005,BGD,1000,647.7343646,0.587501339,214.4986503,0.047915789,1729
2006,BGD,1240,835.6192886,0.48372378,262.4026219,0.035793201,2236
2007,BGD,1440,989.5972754,0.512141361,285.871085,0.043556357,2670
2008,BGD,1675,1161.240613,0.518382053,330.4906133,0.028440427,2887
2009,BGD,1937,1344.587207,0.64501096,385.0499663,0.046793408,3367
2010,BGD,2405,1666.647192,0.673485706,495.9439705,0.046939386,4128
2011,BGD,2558,1705.097339,0.632809601,493.172089,0.044268524,4450
2012,BGD,3264,2242.325649,0.592609014,612.2708333,0.04394336,5553
2013,BGD,3233,2116.660703,0.72087735,627.8364605,0.063519059,5665
2014,BGD,3951,2687.488968,0.725983454,756.9143535,0.064854773,7206
2015,BGD,3670,2431.287079,0.681765095,731.9323173,0.059021497,6859
2016,BGD,4251,2819.855729,0.794506028,843.217995,0.080641322,7709
2017,BGD,5505,3720.072364,0.874760503,1095.022364,0.083834581,9155
2018,BGD,5510,3650.402574,1.026695073,1083.213685,0.108006864,9883
2019,BGD,7536,5171.596467,1.152588894,1461.235753,0.128603638,12985
2020,BGD,8746,5703.054783,1.185785888,1956.030973,0.135011671,15352
2021,BGD,12411,8157.346313,1.275136972,2933.438773,0.151199919,20925
2022,BGD,12921,7973.507017,1.265202207,3084.776461,0.143368985,21715
2023,BGD,12505,7737.611254,1.477815065,2997.872726,0.147323249,22023
2024,BGD,1217,711.2846481,1.365747996,304.9513148,0.99740448,3303
1990,BGR,1554,1362.50247,0.409344157,131.6953276,0.028355327,2617
1991,BGR,1481,1270.785679,0.407998238,143.5690125,0.02906459,2408
1992,BGR,1442,1233.35763,0.435439097,144.8159631,0.023239086,2316
1993,BGR,1526,1289.568276,0.435468051,157.8849423,0.024598651,2413
1994,BGR,1606,1320.374881,0.468915787,185.7486902,0.031235474,2544
1995,BGR,1647,1349.102176,0.419858874,190.8140807,0.02304175,2588
1996,BGR,2347,1875.675851,0.398386404,275.4187078,0.022843631,3445
1997,BGR,2262,1742.098295,0.415818869,291.8232954,0.021611643,3460
1998,BGR,2286,1734.441854,0.435475712,318.9884355,0.027389482,3419
1999,BGR,2306,1728.512847,0.380614437,327.0628468,0.023537836,3467
2000,BGR,2171,1656.626941,0.464512633,320.0269413,0.030267116,3266
2001,BGR,2191,1638.25496,0.417028261,329.8644834,0.028070087,3321
2002,BGR,2279,1668.434021,0.496374675,351.8340209,0.037618993,3233
2003,BGR,2498,1712.760119,0.457040036,433.8560786,0.030364103,3313
2004,BGR,2667,1786.079371,0.503287876,480.7301646,0.029763945,3613
2005,BGR,2976,2000.511376,0.517023075,529.0510588,0.037859094,3889
2006,BGR,2886,1903.189579,0.548404961,526.1245967,0.045051015,3874
2007,BGR,3567,2448.078702,0.514200115,605.8834643,0.037170805,4553
2008,BGR,3463,2381.315286,0.451346673,584.2474284,0.024698178,4608
2009,BGR,3934,2757.808601,0.432696686,638.6641562,0.030305914,5098
2010,BGR,3805,2690.805068,0.464434287,629.1538778,0.036902868,4987
2011,BGR,3661,2518.34422,0.482486426,583.915252,0.030334455,4804
2012,BGR,3964,2767.005537,0.429868471,583.9106957,0.022756597,5270
2013,BGR,4021,2825.656791,0.420157947,594.9234574,0.023764574,5525
2014,BGR,4026,2773.730896,0.446783916,629.3154194,0.027135415,5723
2015,BGR,3945,2723.301018,0.410412931,587.4815731,0.025479711,5535
2016,BGR,4291,2797.89824,0.498035607,625.1426846,0.037278324,5865
2017,BGR,4893,3250.758741,0.513068244,704.016317,0.039741606,6398
2018,BGR,5558,3871.168232,0.571750969,768.1055333,0.046600069,7167
2019,BGR,6507,4874.664923,0.583148418,744.7577801,0.047685906,7878
2020,BGR,7084,5212.522038,0.480684945,821.280371,0.036851137,8427
2021,BGR,7384,5410.672054,0.576064322,821.1045575,0.04712654,8547
2022,BGR,7387,5377.635677,0.597226734,828.0479786,0.053102921,8882
2023,BGR,6898,4983.338473,0.605563006,765.3491876,0.059494627,8647
2024,BGR,363,198.1153109,0.345829871,60.61531091,0.933876893,844
1990,BHR,95,85.75,0.42662875,8.083333333,0.027210884,124
1991,BHR,94,83.58174603,0.471871451,8.581746032,0.025424212,86
1992,BHR,88,77.08571429,0.411446507,8.085714286,0.012972572,133
1993,BHR,83,75.14166667,0.341896819,7.141666667,0.013308196,115
1994,BHR,113,94.68333333,0.4268554,14.43333333,0.019362788,129
1995,BHR,115,98.7452381,0.268221291,11.2452381,0.002025414,163
1996,BHR,127,105.227381,0.285666811,12.74404762,0.029867294,182
1997,BHR,89,73.03674242,0.231468177,7.003409091,0.007986848,128
1998,BHR,110,95.3270202,0.248338518,6.702020202,0.015735308,167
1999,BHR,117,93.8046398,0.530774594,12.66178266,0.052160076,164
2000,BHR,100,86.91388889,0.362195255,6.913888889,0.023011282,128
2001,BHR,102,83.40887446,0.45876176,8.908874459,0.033969207,154
2002,BHR,88,68.74444444,0.430142851,10.91111111,0.033942137,130
2003,BHR,167,130.583961,0.326342579,20.49305195,1.53E-04,214
2004,BHR,184,137.963431,0.38237598,28.86343101,0.026962074,247
2005,BHR,208,159.9594084,0.377664647,23.4927417,0.027955956,259
2006,BHR,253,184.4306999,0.373169692,40.09736652,0.028065775,280
2007,BHR,251,182.6577561,0.42746536,40.1744228,0.033030808,273
2008,BHR,259,172.5914273,0.414797683,42.258094,0.037001532,272
2009,BHR,293,199.908937,0.531727224,47.74227037,0.04230168,337
2010,BHR,314,218.5943657,0.357569256,46.29436571,0.022744923,345
2011,BHR,329,201.3704812,0.460433811,59.83476693,0.033558822,344
2012,BHR,299,179.9846911,0.582351171,49.70135781,0.035453514,322
2013,BHR,416,248.5500163,0.47347879,75.53334963,0.035434522,468
2014,BHR,385,223.9999492,0.413997708,65.96661588,0.022570892,469
2015,BHR,357,192.525296,0.518322305,63.44751821,0.035441437,421
2016,BHR,464,253.9954724,0.509738258,88.37880572,0.027246844,579
2017,BHR,541,316.0950382,0.526488856,91.59503816,0.035943669,696
2018,BHR,675,389.2085299,0.660131911,128.6251966,0.067215467,819
2019,BHR,964,599.6266135,0.578830252,169.5432802,0.039878392,1094
2020,BHR,1172,713.4907346,0.707984066,208.274068,0.078137545,1318
2021,BHR,1407,773.8449918,0.786733848,266.0961822,0.081231426,1604
2022,BHR,1715,760.6474573,0.870382262,367.0641239,0.09033425,1486
2023,BHR,1675,751.1329118,1.254290757,352.7662451,0.132700199,1636
2024,BHR,145,52.61270772,3.923225995,30.61270772,1,215
1990,BHS,6,4,1.650733022,1,0.25,10
1991,BHS,9,5.45,0.280210247,1.95,0,20
1992,BHS,4,2.083333333,0.529703506,1.083333333,0,6
1993,BHS,4,1.183333333,1.168333447,1.183333333,0,4
1994,BHS,3,1.649122807,3.260709063,0.649122807,0.191489362,8
1995,BHS,6,3.333333333,1.412920938,1.333333333,0.3,8
1996,BHS,5,2.833333333,2.5703508,1.333333333,0.352941176,5
1997,BHS,6,3.166666667,1.267545537,2.166666667,0.157894737,6
1998,BHS,11,4.364139515,1.73553857,2.364139515,0.229140246,12
1999,BHS,6,2.783333333,1.9236537,1.783333333,0.161676647,7
2000,BHS,4,2.033333333,0.446829265,0.2,0.098360656,4
2001,BHS,12,4.284602785,0.377197037,1.784602785,0.017977635,11
2002,BHS,12,6.138471178,0.485700053,2.138471178,0,19
2003,BHS,9,4.871978022,0.305362474,1.871978022,0.009774069,12
2004,BHS,5,2.376190476,0.819454043,1.376190476,0.06012024,7
2005,BHS,17,7.810714286,0.664944927,4.477380952,0,20
2006,BHS,12,4.759271284,0.906338453,2.759271284,0.093384978,24
2007,BHS,27,11.48197815,0.809127418,6.481978153,0.021773252,34
2008,BHS,17,6.225396825,1.193109944,4.225396825,0.094339623,24
2009,BHS,30,11.45984089,0.912299311,7.95984089,0.022057704,41
2010,BHS,24,11.42010993,0.524954386,4.920109934,0.014594139,32
2011,BHS,30,8.890667213,0.839904073,6.390667213,0.046954905,53
2012,BHS,29,7.923698524,0.740845698,7.846775447,0.017127644,41
2013,BHS,44,18.32936508,0.587467384,9.829365079,0.024247673,60
2014,BHS,44,15.83936611,0.810177486,11.83936611,0.06559412,68
2015,BHS,44,14.45874958,0.676711679,11.45874958,0.025935853,56
2016,BHS,41,17.16512189,0.573588905,9.165121887,0.025004838,57
2017,BHS,69,23.73816229,0.658350423,15.73816229,0.068257857,73
2018,BHS,67,20.46777197,0.987402787,14.3011053,0.034191528,62
2019,BHS,85,20.06732259,0.842928869,15.06732259,0.093356112,66
2020,BHS,80,22.55872171,0.652154324,17.55872171,0.05383062,71
2021,BHS,102,23.53563868,0.775740791,20.86897201,0.063948909,91
2022,BHS,86,21.30340238,1.672758426,15.63673572,0.198907055,174
2023,BHS,73,15.95727869,0.917559312,12.29061202,0.107990932,61
2024,BHS,9,1.855061047,0,1.855061047,1,16
1990,BIH,72,59.25,0.128890242,6.583333333,0.009845288,139
1991,BIH,67,60.17142857,0.109722898,5.171428571,0,172
1992,BIH,54,42.35,0.236079051,9.35,0.031483668,96
1993,BIH,32,24.17857143,0.238758804,5.178571429,0.013786312,55
1994,BIH,46,39.46111111,0.369562821,4.127777778,0.026186119,98
1995,BIH,45,42.15,0.076997801,0.65,0,94
1996,BIH,46,32.71978022,0.236298648,6.553113553,0.018373915,84
1997,BIH,63,44.42654401,0.317238211,7.259877345,0.017882202,95
1998,BIH,53,39.34621849,0.458896075,5.346218487,0.038123105,88
1999,BIH,116,99.56031746,0.137796845,8.893650794,0.003348054,231
2000,BIH,98,75.02031025,0.189111059,10.98697691,0.025326475,168
2001,BIH,99,73.22757937,0.280266114,10.97757937,0.014794062,205
2002,BIH,147,113.0283245,0.277290277,18.52832454,0.036153448,301
2003,BIH,192,144.201532,0.243443624,23.80153199,0.01059474,372
2004,BIH,262,209.8856285,0.211644283,24.47653763,0.004659461,521
2005,BIH,335,262.6811255,0.320658098,49.68112554,0.028016785,625
2006,BIH,391,302.8253303,0.281447146,48.09199694,0.016921446,709
2007,BIH,448,331.7712114,0.348051547,70.13232247,0.026196762,774
2008,BIH,543,416.4184671,0.347621511,72.75180043,0.023421859,960
2009,BIH,639,492.0491074,0.404270911,100.6324407,0.026459151,1127
2010,BIH,759,518.3302958,0.460727508,124.3512915,0.024838285,1241
2011,BIH,864,572.3864904,0.352918779,142.0912523,0.018927943,1361
2012,BIH,885,562.743162,0.412768472,148.1179364,0.024726943,1399
2013,BIH,831,552.5611638,0.475449765,143.8738623,0.034567916,1429
2014,BIH,850,558.4506614,0.643393532,160.1530423,0.053979497,1406
2015,BIH,944,609.4315658,0.590926216,204.5148992,0.048796639,1564
2016,BIH,1019,636.7642956,0.584391561,195.4881051,0.046557131,1713
2017,BIH,1265,812.5709604,0.708378089,264.3590556,0.063215928,2038
2018,BIH,1359,851.1751201,0.655730714,290.5584535,0.051090871,2212
2019,BIH,1583,1037.622503,0.512052671,290.0268683,0.03662337,2710
2020,BIH,1750,1172.792947,0.705803616,328.7036616,0.064546586,2902
2021,BIH,2051,1281.828889,0.456333022,379.3998846,0.030376386,3214
2022,BIH,1963,1193.946924,0.519043913,390.5413686,0.036238927,3053
2023,BIH,1921,1170.888659,0.58106655,356.2327068,0.063043176,2985
2024,BIH,143,92.59167251,0.224083286,24.59167251,0.994599946,396
1990,BLR,652,604.0856532,0.137657595,33.3523199,0.006621578,1495
1991,BLR,690,641.3896584,0.164188709,35.97299171,0.005435883,1410
1992,BLR,680,616.7814671,0.198290732,40.28146707,0.012792391,1437
1993,BLR,836,750.3841422,0.264857899,61.38414225,0.013367756,1607
1994,BLR,794,696.971436,0.312568517,61.38810268,0.024759441,1424
1995,BLR,901,768.9368409,0.403504113,94.04709732,0.03366617,1562
1996,BLR,1415,1209.998396,0.278147885,135.5150632,0.017734608,2040
1997,BLR,1512,1245.148799,0.309007147,154.0321328,0.022218929,1982
1998,BLR,1477,1231.607763,0.318830748,158.2744295,0.022863764,2086
1999,BLR,1359,1081.447774,0.376088453,168.3144405,0.025622685,1942
2000,BLR,1432,1121.652141,0.380679781,179.7188074,0.028496568,2093
2001,BLR,1592,1263.875221,0.366407483,213.2585539,0.023905114,2278
2002,BLR,1657,1247.931469,0.308495031,232.1052788,0.020903347,2273
2003,BLR,1699,1190.962112,0.329714741,234.8347309,0.020852637,2144
2004,BLR,1660,1194.732854,0.323696211,229.0681719,0.022294602,2208
2005,BLR,1770,1259.874893,0.354587833,306.565369,0.024405637,2261
2006,BLR,1614,1181.187304,0.314098171,263.864227,0.019304516,2256
2007,BLR,1770,1280.3538,0.326050946,316.6371334,0.021132193,2383
2008,BLR,1468,1053.570633,0.354334313,260.8706333,0.022360122,2131
2009,BLR,1661,1182.989868,0.328232757,288.587487,0.021489995,2390
2010,BLR,1519,1043.699746,0.341905926,255.3664129,0.024490374,2173
2011,BLR,1709,1097.07002,0.317436839,302.7366869,0.018193858,2380
2012,BLR,1737,1031.686323,0.32362711,273.2696565,0.02089817,2289
2013,BLR,1766,1097.140195,0.328903845,319.3830524,0.020300025,2465
2014,BLR,1759,1045.580254,0.35987906,312.1088259,0.018754865,2409
2015,BLR,1741,974.8872807,0.414942992,328.8872807,0.027876202,2311
2016,BLR,1898,1022.228737,0.404706953,353.2287367,0.023623743,2486
2017,BLR,2091,1102.254062,0.432379856,388.4207286,0.034075186,2608
2018,BLR,2374,1268.638337,0.423525698,437.8050035,0.030110938,2977
2019,BLR,2924,1712.816919,0.318159027,495.1502527,0.019703338,3868
2020,BLR,2886,1674.920489,0.323343819,495.763346,0.02356199,3848
2021,BLR,2923,1704.063534,0.316950685,509.6468677,0.018162816,4078
2022,BLR,2799,1655.214751,0.37908554,481.2266561,0.027610476,3853
2023,BLR,2299,1394.772458,0.29953478,400.0153155,0.021161683,3520
2024,BLR,139,52.30209329,0.720699262,34.05209329,0.992488692,260
1990,BLZ,1,1,0,,0,1
1991,BLZ,5,4.333333333,0.522856655,0.333333333,0,6
1992,BLZ,1,1,2.280004846,,0,1
1993,BLZ,2,0.613636364,0.49315299,0.613636364,0,5
1994,BLZ,1,0.2,0,0.2,0,1
1995,BLZ,9,4.131493506,1.337110825,2.798160173,0.034577603,18
1996,BLZ,9,2.03968254,0.61588986,2.03968254,0.070038911,8
1997,BLZ,10,3.608333333,0.946361244,3.608333333,0.138568129,11
1998,BLZ,8,4.851190476,0.169823636,1.851190476,0,10
1999,BLZ,5,1.726190476,0.532312428,1.226190476,0.082758621,5
2000,BLZ,3,0.65,0.558201532,0.65,0,4
2001,BLZ,1,1,0,,0,3
2002,BLZ,7,1.648809524,0.386227076,1.648809524,0,9
2003,BLZ,11,4.253618114,0.468856316,2.253618114,0.094037591,17
2004,BLZ,12,4.692857143,0.832761982,3.692857143,0.071029934,17
2005,BLZ,17,6.386781609,0.828589886,4.053448276,0.044735252,21
2006,BLZ,18,4.733730159,0.682097966,4.733730159,0.035208316,20
2007,BLZ,9,2.507236228,1.187558137,2.507236228,0.232659901,11
2008,BLZ,9,3.297619048,1.032525498,2.297619048,0.232490975,16
2009,BLZ,21,7.972727273,0.794666341,5.972727273,0.063365369,29
2010,BLZ,23,8.768550411,0.673863795,4.768550411,0.068064317,39
2011,BLZ,16,3.394288955,1.338599594,3.394288955,0.098204171,19
2012,BLZ,21,6.578698638,1.273421051,5.578698638,0.183426092,32
2013,BLZ,28,8.6,0.740335152,8.6,0.019379845,40
2014,BLZ,23,5.21710241,0.882023096,4.21710241,0.015586425,31
2015,BLZ,29,6.916188006,1.58065037,4.916188006,0.170625609,42
2016,BLZ,26,5.551044631,0.946253469,5.051044631,0.038602773,37
2017,BLZ,38,11.46185953,1.064177971,8.461859526,0.043887006,62
2018,BLZ,33,9.509500441,0.489101695,7.509500441,9.22E-04,40
2019,BLZ,38,11.08877582,0.784900694,8.088775817,0.062935567,43
2020,BLZ,55,18.25897021,0.544239747,9.258970213,0.07086789,88
2021,BLZ,61,11.59498117,1.018329587,11.59498117,0.040217346,81
2022,BLZ,60,16.85428849,0.662780247,12.60428849,0.048921177,106
2023,BLZ,67,17.59757082,0.950539544,14.09757082,0.086157073,125
2024,BLZ,4,1.737179487,0,0.737179487,1,12
1990,BMU,2,1.6,1.3155672,0.6,0,6
1991,BMU,8,7.1,0.508803504,0.1,0,9
1992,BMU,8,5.0625,0.463554948,0.729166667,0.0781893,9
1993,BMU,7,4.75,0.691276481,0.75,0,7
1994,BMU,4,1.666666667,8.797135166,1.666666667,0.6,5
1995,BMU,6,3.5,1.163258337,1,0.19047619,7
1996,BMU,23,11.54285714,3.124116332,5.542857143,0.454826733,18
1997,BMU,12,8.216666667,1.435782713,2.216666667,0.31643002,15
1998,BMU,29,14.9281746,2.980817329,7.928174603,0.406044818,20
1999,BMU,13,6.29478022,1.786142563,3.29478022,0.290228255,11
2000,BMU,26,11.90302627,1.911282698,5.344202742,0.283958066,36
2001,BMU,34,13.93541619,2.694320851,6.935416192,0.356897229,37
2002,BMU,27,13.18757816,1.588372874,6.187578163,0.212353843,42
2003,BMU,16,6.798067633,1.020773579,3.131400966,0.073550313,23
2004,BMU,28,11.31102641,2.806547245,6.47769308,0.157617503,22
2005,BMU,31,13.99484682,0.793392736,7.49484682,0.148810186,45
2006,BMU,36,16.24072907,5.488324469,10.24072907,0.077670469,952
2007,BMU,32,13.97783306,1.981251334,7.977833063,0.219233626,37
2008,BMU,30,10.6491453,1.8357949,6.982478632,0.122075525,31
2009,BMU,37,14.06712149,1.476196664,8.06712149,0.128818335,27
2010,BMU,36,11.09881259,1.724451804,7.765479256,0.203475496,34
2011,BMU,45,18.69798535,0.964612654,9.831318681,0.134595606,34
2012,BMU,47,15.24570168,1.885589769,12.24570168,0.245049386,46
2013,BMU,60,16.72534895,1.470000439,11.72534895,0.13150956,45
2014,BMU,31,10.51312189,1.378777905,5.513121889,0.142687179,30
2015,BMU,44,14.79814793,1.276428129,9.298147931,0.158389229,44
2016,BMU,48,13.41265506,1.054718841,10.41265506,0.103814615,52
2017,BMU,54,14.78663837,0.709163963,10.45330504,0.050087392,45
2018,BMU,39,10.1132903,0.946861212,7.779956967,0.105287737,37
2019,BMU,50,12.7917856,0.752036479,9.791785598,0.061847539,52
2020,BMU,55,13.01547023,0.96773211,10.01547023,0.164813598,42
2021,BMU,46,10.80519215,0.940786896,8.305192147,0.041962553,42
2022,BMU,42,8.990654663,0.954970205,7.740654663,0.118560228,46
2023,BMU,50,9.185022891,0.562994078,9.185022891,0.048493141,44
2024,BMU,7,1.226767677,0,1.226767677,1,11
1990,BOL,30,22.09716117,0.84712221,3.097161172,0.090509364,71
1991,BOL,27,15.47759463,1.05147248,5.477594628,0.064609523,61
1992,BOL,33,20.9952381,0.514451788,6.995238095,0,76
1993,BOL,40,27.98968254,0.452184792,7.98968254,0.035727451,82
1994,BOL,43,21.60338175,0.457693789,9.603381749,0,83
1995,BOL,50,33.7255864,0.585591829,6.725586402,0.034506226,103
1996,BOL,68,30.88325051,0.702593723,20.88325051,0.090569353,124
1997,BOL,90,38.8576737,0.971638653,26.1076737,0.143906908,142
1998,BOL,97,40.35470855,0.955565414,28.52137522,0.074753772,163
1999,BOL,126,57.99375836,0.9557181,32.99375836,0.087422069,198
2000,BOL,76,38.77279787,0.868491661,21.77279787,0.083306772,133
2001,BOL,89,44.597176,0.484739051,22.01384266,0.026160102,158
2002,BOL,109,49.91644887,0.740499498,27.41644887,0.060400243,188
2003,BOL,121,48.83757205,0.576549991,33.17090538,0.038618524,178
2004,BOL,131,46.2184444,0.752640151,31.88511107,0.066780272,172
2005,BOL,148,58.71882569,0.636905394,34.38549235,0.026814751,209
2006,BOL,172,71.25107535,0.860253364,45.91774202,0.078952565,239
2007,BOL,212,82.04744118,0.797744282,56.34744118,0.052283205,337
2008,BOL,228,89.57319974,0.967062448,56.2398664,0.124332367,327
2009,BOL,233,88.71915794,0.813403466,53.1358246,0.078036811,362
2010,BOL,228,84.48527346,0.85266256,55.98527346,0.07605663,340
2011,BOL,244,89.45666022,0.710474419,60.87332688,0.060612765,381
2012,BOL,226,81.33204034,0.973723691,59.83204034,0.055962557,393
2013,BOL,268,91.35511533,0.726401335,57.896782,0.055063637,387
2014,BOL,284,90.24622192,0.785686473,66.24622192,0.066498238,452
2015,BOL,303,94.74853228,0.80626958,66.24853228,0.046392564,478
2016,BOL,310,94.60025841,0.843213541,64.43359174,0.071516454,453
2017,BOL,288,94.60076463,0.805011121,55.76743129,0.066588252,486
2018,BOL,357,123.0671668,0.641396929,79.40050013,0.038319307,529
2019,BOL,398,138.1068709,0.700881077,79.52353756,0.059731237,634
2020,BOL,495,196.1253415,0.546543884,102.4467701,0.046294978,740
2021,BOL,542,189.3870676,0.564730276,113.4037342,0.047596111,801
2022,BOL,562,201.7957262,0.55930559,118.7957262,0.041428367,954
2023,BOL,527,199.5457654,0.641820605,108.3624321,0.062581817,926
2024,BOL,47,12.35142041,0.014687011,8.351420414,1,85
1990,BRA,4290,3786.200322,0.455287054,334.116989,0.032129517,8725
1991,BRA,4539,3948.586659,0.439303431,389.287849,0.029426593,9514
1992,BRA,5109,4363.776278,0.437823503,480.1262782,0.029028075,10963
1993,BRA,5315,4526.342366,0.494845413,482.6649243,0.033395786,11136
1994,BRA,5809,4909.938306,0.508754792,578.8811629,0.034703412,12428
1995,BRA,6762,5647.200183,0.547301499,695.0728021,0.03760899,13962
1996,BRA,9451,7422.344338,0.541868243,1179.431551,0.036385734,17345
1997,BRA,11323,9159.369671,0.523760512,1377.726106,0.03503486,21117
1998,BRA,12836,10365.47892,0.573905238,1540.64734,0.039502193,23805
1999,BRA,13713,11165.41011,0.59202016,1598.002604,0.042423242,25389
2000,BRA,15288,12539.33929,0.629265251,1856.063824,0.048516222,28436
2001,BRA,16431,13883.65764,0.617128597,1831.033566,0.04408789,32181
2002,BRA,18982,16022.95933,0.626581835,2168.864633,0.046359176,36818
2003,BRA,20978,17375.8894,0.623740443,2498.333904,0.042349927,40397
2004,BRA,23629,19851.58938,0.659888403,2930.156216,0.044460081,46338
2005,BRA,26547,22292.38909,0.695240726,3230.383636,0.049860772,52778
2006,BRA,33305,28452.58086,0.660126898,3841.817557,0.045787218,66060
2007,BRA,36656,31220.61676,0.680559627,4244.08302,0.049579255,73448
2008,BRA,41600,35342.00702,0.681165295,4687.668951,0.048433199,84551
2009,BRA,45281,39129.73535,0.682435366,4943.811353,0.049492272,93762
2010,BRA,48998,42160.59118,0.660167308,5136.858069,0.045587184,101556
2011,BRA,52587,45099.9354,0.675451486,5759.967243,0.048179837,111316
2012,BRA,57952,49486.32992,0.654859247,6318.776494,0.045472559,124212
2013,BRA,60753,51623.46142,0.665355294,7114.478476,0.045894061,132235
2014,BRA,64374,54244.75716,0.665474787,8082.721107,0.047137336,140358
2015,BRA,67057,55775.75654,0.671479909,8811.094496,0.046478748,147473
2016,BRA,70938,58336.96939,0.699339783,10133.15347,0.049507735,157212
2017,BRA,75344,62094.56346,0.689967219,10831.26149,0.04944078,169193
2018,BRA,80337,66156.00179,0.688175513,12030.0705,0.05009236,182015
2019,BRA,85706,70663.90028,0.680931769,12985.93149,0.048825235,197227
2020,BRA,91504,74964.22335,0.662689601,14486.22314,0.04928207,211607
2021,BRA,96205,77858.24583,0.659440061,15841.62741,0.047087709,226386
2022,BRA,87931,70718.987,0.632048838,14792.44034,0.046061375,215692
2023,BRA,81119,64563.43403,0.636071817,14446.19417,0.059677461,209278
2024,BRA,7991,6291.125137,0.72054783,1472.133579,0.998418703,33383
1990,BRB,19,15.0952381,0.926790911,2.095238095,0.088328076,41
1991,BRB,16,11.82619048,0.327375945,2.826190476,0,31
1992,BRB,23,18.64285714,0.454487867,3.642857143,0.026819923,48
1993,BRB,19,13.51904762,0.149989726,2.019047619,0.004931314,36
1994,BRB,12,7.358333333,0.903852759,2.858333333,0.054360136,28
1995,BRB,19,11.25119048,0.606630976,3.251190476,0.048248863,53
1996,BRB,22,8.513034188,0.709406409,4.513034188,0.126502849,24
1997,BRB,24,13.53809524,0.609038819,4.954761905,0.044671122,34
1998,BRB,20,9.883928571,0.707575202,4.050595238,0.043842216,28
1999,BRB,18,8.392063492,0.652695918,4.392063492,0.005674295,20
2000,BRB,20,9.569444444,0.728688119,6.569444444,0,33
2001,BRB,27,16.30972222,0.481942653,3.309722222,0.021289279,42
2002,BRB,23,13.51175666,0.582639445,4.511756664,0.037004811,30
2003,BRB,32,17.15258425,0.627342034,6.21925092,0.040280175,67
2004,BRB,36,17.59325397,0.660593442,8.593253968,0.060009022,53
2005,BRB,33,14.3808396,0.635137866,6.880839599,0.098278916,47
2006,BRB,47,23.35697636,0.517481712,11.35697636,0.001783907,68
2007,BRB,42,18.6006123,0.379527569,12.1006123,0.013653758,43
2008,BRB,38,15.88928571,0.506799846,11.38928571,0.015733873,56
2009,BRB,42,15.73920635,0.356913726,9.596349206,0,56
2010,BRB,44,16.32771902,0.60752121,8.32771902,0.043600993,48
2011,BRB,46,19.47538993,0.729539779,10.47538993,0.035601687,52
2012,BRB,59,27.99545029,0.720036989,10.99545029,0.071297732,62
2013,BRB,63,22.32169745,0.670869518,13.82169745,0.086884779,81
2014,BRB,54,24.0089265,0.55680331,10.5089265,0.0043992,67
2015,BRB,60,22.39379058,0.827892522,11.89379058,0.091619883,72
2016,BRB,55,14.28728112,0.868065051,11.62061445,0.113960949,67
2017,BRB,69,19.08452396,0.476977804,13.58452396,0.032830338,80
2018,BRB,78,25.53556958,0.618717046,16.53556958,0.061920502,86
2019,BRB,67,14.87100275,0.773199242,13.87100275,0.044901597,77
2020,BRB,65,20.50817916,0.523097447,14.75817916,0.053372691,84
2021,BRB,102,25.01463627,1.41737273,18.51463627,0.079963473,148
2022,BRB,96,21.96261943,0.812825392,17.46261943,0.090257067,127
2023,BRB,85,16.58324025,0.803139131,12.58324025,0.114552362,85
2024,BRB,9,1.153496262,2.161613858,1.153496262,1,9
1990,BRN,21,15.37424242,0.390549999,3.374242424,0.013008771,38
1991,BRN,26,22.14285714,0.357391002,1.642857143,0,25
1992,BRN,30,25.15555556,0.434296626,1.822222222,0.03975265,35
1993,BRN,20,15.95,0.621778949,1.95,0.012539185,25
1994,BRN,29,21.39285714,0.618666067,4.392857143,0.015581525,35
1995,BRN,40,30.65384615,0.593573687,4.820512821,0.097867001,43
1996,BRN,53,38.6718254,0.543453435,7.171825397,0.034478159,54
1997,BRN,51,32.51241679,0.545155243,11.67908346,0.041009973,58
1998,BRN,61,43.82619048,0.534058985,6.492857143,0.038979736,62
1999,BRN,57,39.945671,0.814242701,10.77900433,0.068843505,84
2000,BRN,55,40.67777778,0.739440855,9.844444444,0.029500137,62
2001,BRN,50,31.54371275,0.801794425,11.04371275,0.071329587,72
2002,BRN,40,26.95634921,0.770399527,6.706349206,0.120565288,50
2003,BRN,59,38.24365079,0.550956745,10.44365079,0.018303692,62
2004,BRN,67,39.22732812,0.502864774,14.39399479,0.025492432,76
2005,BRN,60,36.74686147,0.806345297,10.83019481,0.036284278,72
2006,BRN,70,36.13333333,0.964410774,17.63333333,0.074723247,63
2007,BRN,81,46.9834707,0.95653764,16.9834707,0.114135885,103
2008,BRN,95,51.63365744,0.89285533,21.46699077,0.09652096,103
2009,BRN,98,55.52305195,0.658576574,18.02305195,0.049143038,96
2010,BRN,106,64.10807701,0.679408295,21.10807701,0.046610277,148
2011,BRN,140,92.86909154,0.538308606,25.36909154,0.060868709,188
2012,BRN,209,125.8692133,0.619823388,37.55968953,0.056856355,238
2013,BRN,251,143.4833607,0.653641483,49.73336074,0.06114833,307
2014,BRN,355,218.8913904,0.599711472,63.89139042,0.053397239,408
2015,BRN,409,218.536182,0.883608785,82.83618198,0.093550662,411
2016,BRN,492,275.8812139,0.919071107,121.8812139,0.070941584,484
2017,BRN,486,264.7147619,0.963297899,115.305671,0.085677779,490
2018,BRN,536,316.3768451,0.906313082,122.5435117,0.081644153,576
2019,BRN,559,280.5446006,1.087862366,137.5446006,0.116644663,599
2020,BRN,718,349.2723317,1.282361332,158.2723317,0.128227952,619
2021,BRN,800,368.7742596,1.144151113,163.718704,0.123225615,678
2022,BRN,1061,460.3571635,1.177267968,222.3571635,0.110351691,817
2023,BRN,1205,541.4130347,1.546831589,273.0797014,0.150713268,979
2024,BRN,90,40.02788418,0.388894143,19.02788418,1,135
1992,BTN,4,2.733333333,0.163380498,0.4,0,8
1993,BTN,4,2.555555556,2.095955621,0.222222222,0.391304348,7
1994,BTN,4,2.583333333,0.29566009,0.583333333,0,8
1995,BTN,2,1.2,0.199698773,0.2,0,2
1996,BTN,4,2.033333333,0.071485362,0.533333333,0,3
1997,BTN,6,3.583333333,0.425024401,1.583333333,0,4
1998,BTN,4,1.666666667,0.379149636,0.666666667,0,4
1999,BTN,2,0.904761905,0.308105441,0.904761905,0,5
2000,BTN,4,2.083333333,0.24061344,1.083333333,0,4
2001,BTN,2,2,0,,0,5
2002,BTN,10,6.208333333,0.149973834,2.208333333,0,15
2003,BTN,4,3.425,0.736998485,1.425,0.182481752,13
2004,BTN,17,9.320634921,0.454926721,5.320634921,0,23
2005,BTN,14,5.8,0.40062733,3.3,0,16
2006,BTN,37,17.66838624,0.627090613,10.66838624,0.07001415,44
2007,BTN,19,8.505927406,0.512315545,5.505927406,0,22
2008,BTN,18,6.448809524,0.537492529,4.448809524,0,23
2009,BTN,25,11.90833333,0.494612118,6.908333333,0.0029991,43
2010,BTN,48,19.49699628,0.558772557,9.830329612,0.057701196,60
2011,BTN,49,19.31886724,0.449006518,14.31886724,0.002352858,70
2012,BTN,41,19.78131145,0.3747926,8.281311453,0,47
2013,BTN,67,30.92750305,0.49348718,12.92750305,0.018476389,90
2014,BTN,74,31.01162432,0.672211591,19.17829099,0.044638543,89
2015,BTN,78,28.16046348,0.933247046,16.82713015,0.131165166,127
2016,BTN,97,47.65038063,0.60850057,23.65038063,0.016277154,167
2017,BTN,112,51.73463793,0.525396541,27.73463793,0.020912758,175
2018,BTN,114,56.35133475,0.599220977,25.85133475,0.030171878,198
2019,BTN,136,57.56980084,0.662594992,40.56980084,0.050014884,241
2020,BTN,203,87.89302146,0.682025127,57.55968813,0.054864639,308
2021,BTN,250,118.266888,2.132969949,66.80022131,0.055580195,401
2022,BTN,254,126.1634481,0.536093617,55.66344806,0.031572147,400
2023,BTN,211,89.60475859,0.534432045,50.60475859,0.049410799,366
2024,BTN,15,5.779128618,1.178355517,4.779128618,1,41
1990,BUR,1,1,0.526269095,,0,4
1991,BUR,1,1,0,,0,3
1990,BUX,2,1.333333333,0.207013584,0.333333333,0,6
1992,BUX,3,2.333333333,2.668906875,0.333333333,0.428571429,5
2018,BVT,2,1.75,1.335707725,0.75,0,5
2019,BVT,1,0.8,0.268670165,0.8,0,8
2021,BVT,2,1.266666667,0.047131425,1.266666667,0,4
1990,BWA,37,27.4,0.797802089,6.4,0.054744526,39
1991,BWA,50,41.95,0.610961825,5.45,0.039729837,52
1992,BWA,30,23.88333333,0.873378676,4.883333333,0.041870202,36
1993,BWA,57,45.83333333,0.83995244,9.333333333,0.058181818,64
1994,BWA,57,49.83809524,0.515775007,3.338095238,0.040129945,67
1995,BWA,65,57.13333333,0.511507275,5.633333333,0.026837806,76
1996,BWA,122,94.30952381,0.701740809,13.47619048,0.06432719,122
1997,BWA,116,85.72251082,0.574327573,19.72251082,0.038064529,135
1998,BWA,134,105.247619,0.519479869,14.24761905,0.030034989,151
1999,BWA,157,120.152381,0.494301868,18.31904762,0.024102991,167
2000,BWA,173,134.3938697,0.427267909,22.5605364,0.020090202,218
2001,BWA,152,119.2428571,0.447730353,17.17380952,0.009783954,199
2002,BWA,188,143.2618182,0.564283822,25.76181818,0.013766559,249
2003,BWA,191,142.2127089,0.604929463,28.71270889,0.051761203,253
2004,BWA,211,149.5238356,0.483284108,32.69050228,0.016582031,280
2005,BWA,234,153.7086777,0.751810771,40.20867768,0.073912488,291
2006,BWA,319,213.7219966,0.627811139,61.22199665,0.035384025,394
2007,BWA,281,182.7500255,0.762897284,61.00002553,0.055427202,367
2008,BWA,327,214.9502498,0.502640787,66.78358317,0.027179786,371
2009,BWA,304,204.3494526,0.512349903,63.18278593,0.037875839,412
2010,BWA,307,204.1719436,0.620942789,60.75527693,0.045037964,410
2011,BWA,371,221.9808417,0.847039732,74.48084169,0.055447712,457
2012,BWA,328,192.4493105,0.595139434,71.28264386,0.033318108,421
2013,BWA,369,210.8250966,0.564990002,94.21398546,0.036546682,536
2014,BWA,424,235.7888826,0.543681264,93.55554926,0.029799154,574
2015,BWA,374,201.1305394,0.572737736,86.46387273,0.038647281,508
2016,BWA,559,285.2695741,0.613481025,129.2695741,0.055914813,732
2017,BWA,565,285.6001533,0.824971489,130.3501533,0.063636898,730
2018,BWA,706,347.5522875,0.742370345,178.8856208,0.056675403,926
2019,BWA,731,343.2686222,0.784092769,187.4352889,0.067611004,898
2020,BWA,792,371.2890014,0.787053956,197.7890014,0.080718483,928
2021,BWA,918,430.2320284,0.752043595,219.3486951,0.060339103,1117
2022,BWA,931,426.2500334,0.844977294,203.0833668,0.071187932,1170
2023,BWA,959,437.6337012,0.905826498,229.3003679,0.072263869,1159
2024,BWA,80,38.79536424,1.043173929,16.29536424,0.999888414,213
1990,CAF,26,23.11212121,0.621111359,1.612121212,0.051920808,65
1991,CAF,16,13.15238095,0.277771803,1.152380952,0,51
1992,CAF,17,12.0468254,0.182631411,3.546825397,0,35
1993,CAF,17,10.52272727,0.950499962,3.522727273,0.141492681,36
1994,CAF,12,6.26622807,0.381520248,1.56622807,0.025197732,28
1995,CAF,21,11.64193723,0.393364038,4.141937229,0,31
1996,CAF,16,8.966089466,0.504506394,4.466089466,0,42
1997,CAF,24,8.473500373,0.696464296,5.773500373,0.050104607,38
1998,CAF,20,13.32380952,0.270629037,3.157142857,0,35
1999,CAF,21,6.860468403,0.461115821,4.860468403,0.031687531,37
2000,CAF,15,6.328214286,0.455753581,3.328214286,0.011287319,23
2001,CAF,15,7.897619048,0.393409084,2.897619048,0.050648176,27
2002,CAF,11,5.337626263,0.529708067,3.004292929,0.003406349,34
2003,CAF,26,11.71131933,0.653147508,3.933541553,0.01584233,47
2004,CAF,25,10.00649351,0.519899255,4.806493506,0.04744394,50
2005,CAF,23,10.23806651,0.605137438,6.238066509,0.006976764,47
2006,CAF,28,12.15947833,0.537279613,8.159478327,0.021665474,64
2007,CAF,26,8.153591431,0.552159957,4.153591431,0.004717128,34
2008,CAF,26,10.31345247,0.297532446,6.938452472,0.006686948,49
2009,CAF,31,10.18497696,0.668126214,6.984976963,0.024675829,54
2010,CAF,25,10.91446044,0.621525642,6.914460436,0.035194317,61
2011,CAF,35,13.0058822,0.499535178,9.005882195,0.013845783,63
2012,CAF,37,8.712674508,0.754694139,7.712674508,0.011328473,60
2013,CAF,32,10.34189271,0.791993409,7.84189271,0.101859296,74
2014,CAF,46,15.8277629,0.634741493,7.827762901,0.064627642,87
2015,CAF,39,10.48908708,0.598711751,6.489087079,0.015002193,66
2016,CAF,65,23.95790254,0.657512757,14.95790254,0.032745747,131
2017,CAF,52,19.82817597,0.547744136,12.82817597,0.001682514,106
2018,CAF,69,22.5299331,0.590454902,15.5299331,0.046465355,119
2019,CAF,55,19.13754964,0.326301172,12.13754964,0.010730587,93
2020,CAF,86,21.22123276,0.702272666,15.42123276,0.042366289,107
2021,CAF,83,19.39071332,0.790010175,14.31928475,0.073424315,141
2022,CAF,88,24.96405354,0.953031355,16.96405354,0.060508793,129
2023,CAF,95,30.96207942,0.418040141,20.96207942,0.040539745,150
2024,CAF,7,2.110714286,0,1.110714286,1,9
1994,CAI,1,1,0,,0,2
1990,CAN,31811,28311.79035,1.165889936,2664.16104,0.116372204,43219
1991,CAN,31773,28038.98148,1.180780465,2748.887929,0.12081123,44014
1992,CAN,33653,29379.30511,1.158272501,3120.855227,0.114935684,46493
1993,CAN,35939,31474.4534,1.151590032,3330.847583,0.116776055,50641
1994,CAN,37376,32616.93866,1.15837317,3567.354309,0.11408616,53236
1995,CAN,37578,32524.53335,1.15161965,3720.195182,0.114410532,53259
1996,CAN,43668,35354.42951,1.20748927,5724.631208,0.120623057,56293
1997,CAN,43238,34884.43364,1.201284116,5913.501697,0.12079607,56707
1998,CAN,42399,33696.01057,1.227355256,5912.971927,0.123600846,56423
1999,CAN,41660,33100.94961,1.206124278,5827.727402,0.122436498,55079
2000,CAN,43616,34823.77032,1.241673228,6141.765371,0.122691333,59243
2001,CAN,43060,34528.46497,1.261372411,5803.835878,0.133010344,60703
2002,CAN,47329,37803.14882,1.217910758,6507.373468,0.127660374,65649
2003,CAN,52252,39754.04077,1.234886579,8463.996125,0.12641542,65150
2004,CAN,58017,43956.34508,1.244519394,9432.91366,0.127837298,72434
2005,CAN,65321,49315.25773,1.255523759,10750.25858,0.130325078,79791
2006,CAN,69723,52192.12767,1.262672828,11657.06729,0.128729817,84414
2007,CAN,72436,53780.19051,1.260542091,12402.3235,0.130732996,88851
2008,CAN,75141,55526.5464,1.263337042,12832.59813,0.130120057,92344
2009,CAN,79099,58371.35583,1.268140768,13694.37415,0.129855413,97719
2010,CAN,81136,59272.85188,1.278094509,14206.93924,0.129032675,100864
2011,CAN,83571,60497.11539,1.279689045,14807.37056,0.131006997,104833
2012,CAN,87448,62462.45596,1.267221854,15895.99955,0.126652052,109353
2013,CAN,89965,63270.33828,1.24290999,16423.34576,0.125406222,112906
2014,CAN,91957,63801.94711,1.242975139,17400.02446,0.126765038,117619
2015,CAN,93822,64410.21221,1.243183459,17997.10877,0.123665806,122158
2016,CAN,96114,64464.36553,1.192442243,18748.93639,0.120020133,124459
2017,CAN,98165,65137.5151,1.184506352,19238.70153,0.117012977,128585
2018,CAN,102498,66857.52574,1.14515032,20295.32508,0.114196696,133271
2019,CAN,106220,67823.7044,1.169521773,21167.63223,0.11695282,138372
2020,CAN,111029,69268.15726,1.136358934,22122.77936,0.111884699,144646
2021,CAN,119386,74025.22306,1.118807821,23671.59181,0.10677005,156141
2022,CAN,118086,71929.12225,1.104606389,23466.59939,0.105947111,156917
2023,CAN,115041,69422.4093,1.066746984,22867.93852,0.109111416,157344
2024,CAN,10838,6184.169683,0.998784882,2202.204424,0.99655305,27388
1997,CCK,1,0.5,0,,0,1
2002,CCK,1,0.166666667,16.16354765,0.166666667,1,2
2006,CCK,2,0.485714286,0.215982629,0.485714286,0,2
2009,CCK,4,2.261904762,0.15848431,0.761904762,0,8
2010,CCK,1,0.333333333,0.388989019,0.333333333,0,1
2011,CCK,1,0.076923077,2.264636189,0.076923077,0,1
1990,CHE,10607,8504.92726,1.326463512,1257.363096,0.135102537,15378
1991,CHE,11150,8727.168629,1.27495321,1433.979668,0.129020499,16142
1992,CHE,11529,8957.700403,1.231547601,1552.717822,0.124407692,17239
1993,CHE,12618,9720.50002,1.278044593,1698.011205,0.135865533,18511
1994,CHE,13487,10316.16482,1.342884446,1904.128408,0.142679901,20003
1995,CHE,13591,10231.24003,1.343802121,1987.190388,0.145000499,20438
1996,CHE,16736,11690.934,1.378965781,2825.765721,0.146822554,21264
1997,CHE,17698,12308.23013,1.397586326,3034.180331,0.149966719,22623
1998,CHE,18206,12392.35106,1.362370721,3163.310748,0.149182772,23464
1999,CHE,18388,12371.49888,1.404999237,3219.704798,0.150182007,23766
2000,CHE,19071,13165.8654,1.38305707,3369.169255,0.1493752,25446
2001,CHE,18524,12913.7825,1.426115386,3137.578765,0.159637397,26333
2002,CHE,19587,13281.5859,1.374919185,3482.483973,0.148624409,28121
2003,CHE,22335,14039.38366,1.472635715,4412.141833,0.162168442,27318
2004,CHE,24391,15183.44619,1.463743258,4968.849579,0.163035412,29712
2005,CHE,26701,16556.5183,1.51764417,5447.723861,0.165610036,32145
2006,CHE,28523,17526.67156,1.476678997,5914.866116,0.159758702,33773
2007,CHE,29861,18005.00642,1.46619626,6336.669637,0.161895509,35379
2008,CHE,30842,18355.60615,1.495861148,6541.173264,0.168330448,37698
2009,CHE,32206,19032.41673,1.52566755,6972.390104,0.174000846,38645
2010,CHE,34214,19849.38344,1.508465315,7377.341381,0.168621228,40911
2011,CHE,36520,20941.63137,1.553072539,7913.609549,0.170168813,46430
2012,CHE,38980,22031.37532,1.515648644,8460.342057,0.165039848,52001
2013,CHE,40929,23042.20552,1.49193389,9102.030912,0.165827888,51478
2014,CHE,42458,23501.402,1.488503593,9355.382301,0.161907949,53790
2015,CHE,43644,23524.97624,1.459346873,9742.882129,0.158359244,52800
2016,CHE,44903,23817.81461,1.435230518,10047.87602,0.155124694,55134
2017,CHE,46422,24452.88055,1.36876324,10436.50781,0.149244458,57057
2018,CHE,47113,24078.73796,1.38292856,10591.59803,0.149326972,58216
2019,CHE,47694,24344.78838,1.359903963,10682.36359,0.147844829,60511
2020,CHE,50373,25069.2922,1.295241791,11290.39628,0.138084369,63637
2021,CHE,55094,26899.83963,1.290724885,12236.78349,0.135140415,67972
2022,CHE,53826,25979.73308,1.29434912,11855.22625,0.129421964,68365
2023,CHE,52161,24577.08493,1.265578223,11716.73679,0.130603167,69458
2024,CHE,4768,2122.367495,1.296978586,1091.948664,0.995946094,12411
1990,CHL,1073,933.2422437,0.437306911,92.82557704,0.028777807,2311
1991,CHL,1115,945.2343296,0.433717895,115.5732184,0.025067766,2426
1992,CHL,1097,934.9478984,0.453754136,110.8074222,0.026531419,2495
1993,CHL,1208,1028.93503,0.491248293,119.1278873,0.033467179,2695
1994,CHL,1181,972.1118382,0.478802298,132.3868382,0.031813453,2669
1995,CHL,1260,1027.660143,0.509179307,132.7823651,0.02771948,2694
1996,CHL,1715,1243.891586,0.578814688,251.9345629,0.038442081,3087
1997,CHL,1861,1361.610408,0.592144701,280.7463843,0.039283042,3409
1998,CHL,1821,1313.5769,0.64586655,295.8136822,0.041931134,3252
1999,CHL,2026,1449.291446,0.678771543,331.9814033,0.055024049,3639
2000,CHL,2132,1521.066445,0.729153443,361.5328092,0.056956234,3783
2001,CHL,2263,1626.355805,0.756923145,377.0625376,0.059177546,4074
2002,CHL,2746,2044.595047,0.690144146,457.8083151,0.053774773,4995
2003,CHL,2998,2056.327382,0.790226511,575.367991,0.061932618,4986
2004,CHL,3307,2267.888657,0.77986829,632.367006,0.058366341,5549
2005,CHL,3718,2512.315315,0.799561284,753.922325,0.06291399,6268
2006,CHL,4449,3074.362176,0.725313696,895.0429854,0.056141789,7582
2007,CHL,5001,3444.532844,0.747249778,989.3068735,0.059326044,8418
2008,CHL,5633,3933.331846,0.728271219,1051.530046,0.056803367,9495
2009,CHL,6162,4286.7695,0.701623217,1131.329697,0.050692289,10200
2010,CHL,6646,4514.84209,0.692168916,1223.844255,0.055558142,11005
2011,CHL,7380,4934.824375,0.698812077,1362.431554,0.053340333,12014
2012,CHL,8227,5459.191614,0.723594241,1530.012718,0.056780959,13225
2013,CHL,8712,5671.330086,0.74858044,1711.418456,0.06115936,13557
2014,CHL,10277,6535.231166,0.711724299,2030.773871,0.053669936,15580
2015,CHL,11050,7022.932343,0.706269062,2243.2252,0.053528351,17765
2016,CHL,12406,7688.865302,0.73093009,2529.371837,0.05855773,17946
2017,CHL,12801,7914.918894,0.742653111,2659.983516,0.060204174,18930
2018,CHL,14295,8719.983135,0.753780537,2997.007751,0.062630873,20862
2019,CHL,15269,9387.534008,0.7618834,3173.706589,0.060915356,22431
2020,CHL,17463,10513.443,0.713683133,3707.37335,0.057329231,25505
2021,CHL,19280,11656.82037,0.720156705,4030.581758,0.058302415,27801
2022,CHL,17999,10708.51071,0.681789333,3814.93924,0.051054938,27030
2023,CHL,17565,10005.62864,0.6702838,3906.234413,0.065799395,26547
2024,CHL,1577,818.7905587,0.954749777,391.0683364,0.993762577,3786
1990,CHN,12443,11340.99461,0.310930122,720.242333,0.020210817,25730
1991,CHN,13943,12756.27642,0.302474616,827.399179,0.02088865,28940
1992,CHN,14969,13676.71199,0.294312171,912.402332,0.017292182,30973
1993,CHN,20715,19344.57939,0.252553823,955.0251707,0.013935515,43090
1994,CHN,19214,17742.81588,0.319267438,1085.182579,0.019758403,40842
1995,CHN,21482,19821.40948,0.303009223,1234.33152,0.017888803,45712
1996,CHN,33245,30051.15787,0.281325628,2111.889884,0.018615054,61799
1997,CHN,36655,33035.07999,0.307566414,2515.527053,0.021147322,68323
1998,CHN,43024,39088.27054,0.308093944,2891.263436,0.021735306,81306
1999,CHN,43474,39485.16695,0.3606019,3038.056049,0.026619325,82291
2000,CHN,51506,46690.82716,0.405368197,3808.336778,0.030229257,94989
2001,CHN,65273,60368.36298,0.397804294,4156.206141,0.030433206,119719
2002,CHN,68099,61876.40999,0.488283746,5258.020134,0.037889301,124263
2003,CHN,80875,72417.56583,0.53721471,7252.666455,0.043793407,145629
2004,CHN,116198,105816.1299,0.535904605,9285.825895,0.043704246,198909
2005,CHN,169917,156437.4969,0.488988278,11837.51592,0.038049894,277363
2006,CHN,199685,183905.1872,0.52825699,14301.04323,0.04157795,328216
2007,CHN,222670,204105.9491,0.584501916,16386.17466,0.048991851,371976
2008,CHN,260266,239424.8539,0.593988062,19093.55266,0.0493947,436383
2009,CHN,304318,279632.3983,0.589873255,22602.45776,0.048898685,510873
2010,CHN,336914,306727.2499,0.612421831,25462.31283,0.050581124,563946
2011,CHN,385517,351460.8247,0.642989945,29320.24297,0.056288629,647668
2012,CHN,409362,372284.5705,0.679070835,33129.32102,0.06272036,716038
2013,CHN,447623,408406.8995,0.698891357,39277.30523,0.064660486,816614
2014,CHN,478705,439429.5928,0.734630384,45247.54601,0.069366958,903846
2015,CHN,454555,411646.3971,0.837007556,51294.99442,0.078960608,914489
2016,CHN,492702,443606.6413,0.867540047,58284.23686,0.083698129,996335
2017,CHN,538099,483395.7205,0.911552449,66622.80573,0.089376283,1100556
2018,CHN,596717,535756.0975,0.960018176,77917.6696,0.096660144,1223746
2019,CHN,700237,630964.1838,0.992984353,90922.54604,0.101415436,1454806
2020,CHN,771702,695947.5326,1.038820597,99759.91356,0.107083452,1653887
2021,CHN,867513,788020.9546,1.014373552,104414.6862,0.105611777,1925860
2022,CHN,1006248,924338.6046,1.032596379,116151.8285,0.103150378,2229549
2023,CHN,1016119,935855.0727,1.024568075,117682.5988,0.1029551,2347168
2024,CHN,118986,109467.0206,1.023270642,15797.53137,0.996868008,515999
1990,CIV,89,70.63258114,0.5074873,10.13258114,0.046638969,238
1991,CIV,82,63.8015873,0.58906869,9.301587302,0.03061948,207
1992,CIV,82,63.06420154,0.549257435,12.06420154,0.04770271,192
1993,CIV,82,61.45946276,0.484490197,13.20946276,0.045623052,234
1994,CIV,103,77.55226146,0.41945946,12.55226146,0.022535931,289
1995,CIV,100,62.78563838,0.917885589,18.78563838,0.046757736,214
1996,CIV,119,72.80655635,0.51577652,29.79703254,0.035253235,233
1997,CIV,184,111.7332009,0.561789735,38.09034381,0.039187738,344
1998,CIV,193,93.83051447,0.599570365,43.8288911,0.012949725,343
1999,CIV,188,107.739068,1.245215062,39.52676643,0.066322597,388
2000,CIV,153,76.20581384,0.676655505,32.29470273,0.064916619,308
2001,CIV,128,78.45074393,0.469769378,35.64122012,0.041640647,325
2002,CIV,150,82.08208462,0.62325553,36.43922748,0.029382081,372
2003,CIV,183,100.1155691,0.447492733,45.7405691,0.036039728,396
2004,CIV,200,114.4765673,0.431307542,44.83767845,0.030607317,507
2005,CIV,195,105.6136512,0.445277094,44.47476229,0.037358056,499
2006,CIV,239,126.3155022,0.591392788,63.84883557,0.028238683,532
2007,CIV,288,166.0375689,0.440282569,62.17645777,0.028191815,659
2008,CIV,363,242.6832913,0.367805792,65.23884686,0.026200269,887
2009,CIV,364,210.8357398,0.520409005,89.2671501,0.040120574,859
2010,CIV,365,223.79023,0.422970692,73.47951575,0.036997715,885
2011,CIV,399,239.1650574,0.336956446,79.69845179,0.026174385,975
2012,CIV,419,230.6694507,0.427859758,82.26901783,0.030971851,1018
2013,CIV,359,190.9524125,0.421817338,76.59526969,0.031734139,882
2014,CIV,410,222.5805842,0.451605809,82.58058424,0.035408845,1186
2015,CIV,450,230.6056004,0.492548777,86.27226709,0.037817511,1096
2016,CIV,457,218.5625868,0.531580081,90.5625868,0.035187121,1049
2017,CIV,459,223.9397311,0.499928104,104.4397311,0.042036122,1106
2018,CIV,572,266.7213925,0.497443311,124.2213925,0.042804825,1222
2019,CIV,665,327.528408,0.479043132,131.728408,0.034080892,1545
2020,CIV,701,315.7704753,0.450711894,139.5204753,0.032862611,1522
2021,CIV,868,403.4939778,0.433987949,173.5773112,0.025469427,1989
2022,CIV,791,343.0155117,0.478920413,163.5710673,0.029744292,1720
2023,CIV,824,371.3140601,0.473163794,167.3076498,0.038002998,1835
2024,CIV,79,29.79584341,0.0733626,17.29584341,1,222
1990,CMR,109,88.91190476,0.253994628,17.91190476,0.004061448,248
1991,CMR,115,90.72776611,0.392167509,16.72776611,0.024652813,265
1992,CMR,127,95.560058,0.344620808,19.560058,0.024417454,294
1993,CMR,140,115.848335,0.387931952,17.848335,0.010358371,329
1994,CMR,176,125.66583,0.434978328,33.63249667,0.017220626,355
1995,CMR,152,117.6396659,0.26050318,26.63966589,0.009326975,322
1996,CMR,177,113.8088079,0.347813648,36.10880786,0.024451661,318
1997,CMR,209,122.1261655,0.488918423,47.95437063,0.021711642,343
1998,CMR,207,118.8200776,0.551460097,48.23674422,0.020976002,322
1999,CMR,199,112.38045,0.579632431,51.68044996,0.035665815,313
2000,CMR,212,112.4722311,0.583736173,47.97223109,0.04141639,352
2001,CMR,243,146.1223882,0.522440227,53.53905482,0.036954459,428
2002,CMR,283,180.5916043,0.668272727,81.02493763,0.055108274,504
2003,CMR,350,203.178927,0.546401231,98.09559362,0.023632217,581
2004,CMR,390,210.8375945,0.685692808,98.87092786,0.040127043,635
2005,CMR,460,272.206259,0.557047151,126.7657828,0.03706373,823
2006,CMR,563,325.4110679,0.592556676,150.5872584,0.030732599,898
2007,CMR,597,354.4492139,0.537888198,158.7896901,0.019149793,1008
2008,CMR,606,326.1936679,0.607098823,177.6186679,0.027837714,1000
2009,CMR,709,375.6633603,0.613513343,194.8121698,0.035870318,1250
2010,CMR,747,383.8375335,0.637956562,193.0875335,0.038228687,1363
2011,CMR,858,454.3230612,0.587248812,210.1885374,0.040596783,1562
2012,CMR,916,462.5341052,0.635069095,228.2229581,0.044284822,1767
2013,CMR,1052,545.4168252,0.684595343,250.701349,0.059223954,1827
2014,CMR,1132,623.3959661,0.696321198,292.7197756,0.05076571,2135
2015,CMR,1215,670.1083643,0.672071138,315.0012215,0.049010115,2411
2016,CMR,1362,747.8820345,0.733029204,350.9098123,0.054653673,2642
2017,CMR,1589,862.8498288,0.716912986,389.5958606,0.061371311,2817
2018,CMR,1696,920.2504936,0.755911751,437.131446,0.059293703,3173
2019,CMR,1867,1064.77505,0.756345617,498.0988592,0.058832416,3788
2020,CMR,2215,1256.738363,0.705437931,576.8864146,0.053341439,4415
2021,CMR,2586,1457.2373,0.704859666,668.8253953,0.052113888,5285
2022,CMR,2739,1566.462722,0.764843019,742.6545637,0.057065736,5815
2023,CMR,2929,1692.443918,0.758954991,776.3105849,0.072798502,6290
2024,CMR,310,168.7242475,0.720695757,78.72424747,0.998062382,857
1990,COD,38,25.64724463,0.506285138,7.647244628,0.040825392,112
1991,COD,28,20.87078755,0.448588651,4.870787546,0.014742726,78
1992,COD,36,18.88819179,0.947466785,7.888191792,0.068516662,93
1993,COD,26,18.34264706,0.359946309,2.675980392,0.013228574,55
1994,COD,29,11.9857344,0.708159577,6.985734397,0.091384473,75
1995,COD,20,12.43449328,0.312988929,3.434493284,0.017871434,56
1996,COD,46,23.72497127,0.383966883,9.524971271,0.035458046,71
1997,COD,27,15.00228105,0.375504108,6.335614386,0.044437687,48
1998,COD,33,20.87698413,0.589169041,7.543650794,0.047899639,76
1999,COD,40,17.01138029,1.389538266,12.01138029,0.215052116,115
2000,COD,25,11.68522727,0.490036218,6.289393939,0.042789069,48
2001,COD,18,9.7407168,0.668427337,3.7407168,0,46
2002,COD,28,13.7114899,0.561475781,5.711489899,0.035351536,41
2003,COD,27,13.65923309,0.308522203,8.659233087,6.15E-04,53
2004,COD,28,12.11933142,0.471844961,7.11933142,0.031962439,61
2005,COD,47,24.79257964,0.291627712,14.79257964,0.003361221,94
2006,COD,65,32.40522256,0.880886852,14.57188922,0.056575243,122
2007,COD,74,32.01144298,0.559128854,20.51144298,0.019718228,122
2008,COD,89,39.90067958,0.545908914,19.31734624,0.02296603,177
2009,COD,86,36.69017989,0.71328435,19.35684655,0.045132489,176
2010,COD,130,54.63390344,0.561549513,32.93390344,0.051243607,248
2011,COD,123,42.49400788,0.950598523,31.16067455,0.102473382,208
2012,COD,151,62.5281791,0.733461566,42.66032196,0.041842675,311
2013,COD,183,70.26721499,0.5770587,54.12435784,0.045546579,380
2014,COD,204,92.01574473,0.386483057,50.51574473,0.015586889,433
2015,COD,253,107.0739101,0.451491196,70.24057675,0.025377314,521
2016,COD,282,107.9421291,0.586379527,71.94212914,0.046793542,563
2017,COD,339,118.8932198,0.698999832,89.89321979,0.045858053,666
2018,COD,377,137.9938158,0.660205827,107.9938158,0.046166535,846
2019,COD,444,169.5657839,0.614077774,117.8991173,0.053293396,904
2020,COD,625,235.3760424,0.602299024,173.3760424,0.041200837,1323
2021,COD,774,287.357985,0.686903615,220.1913184,0.049895118,1621
2022,COD,879,321.999238,0.648434216,239.1594944,0.043950413,1827
2023,COD,855,302.2982194,0.681844779,228.7982194,0.0671005,1875
2024,COD,80,27.20750623,0.31686544,24.20750623,0.977947262,253
1990,COG,36,29.48156566,0.419933136,5.481565657,0.0067839,76
1991,COG,42,31.63628961,1.071532457,9.136289609,0.126598371,142
1992,COG,33,20.56883394,0.610767152,4.568833944,0.053603627,78
1993,COG,47,38.75276341,0.252883997,4.252763413,0.008601537,127
1994,COG,38,27.69506503,0.436785861,6.695065033,0.022323228,109
1995,COG,22,16.96666667,0.443229464,2.966666667,0.019646365,68
1996,COG,27,14.61456044,0.521512109,7.11456044,0.050178268,46
1997,COG,34,15.32280579,0.357979955,6.846615313,0.014891176,55
1998,COG,50,20.90189687,0.395508762,14.40189687,0.041473447,109
1999,COG,45,26.36349092,0.242293326,6.863490921,0.023707027,109
2000,COG,37,20.9738456,0.314560735,8.116702742,0.032260339,90
2001,COG,27,14.79468295,0.189942828,5.794682946,0,60
2002,COG,43,24.82093921,0.536696261,9.820939206,0.072177042,84
2003,COG,65,32.96504327,0.420635405,15.96504327,0.028643749,108
2004,COG,77,43.38401321,0.453613803,15.42567988,0.034247582,161
2005,COG,95,44.42830912,0.579538344,25.92830912,0.05884784,202
2006,COG,110,39.81406298,0.774305377,24.98072965,0.031448679,186
2007,COG,119,52.76041731,0.531003142,29.76041731,0.0444504,234
2008,COG,108,48.84868692,0.450385753,23.81535358,0.015351854,201
2009,COG,130,51.15830689,0.93106142,35.45830689,0.104113653,246
2010,COG,154,53.6057419,0.689995085,34.5557419,0.061113974,260
2011,COG,188,65.06476192,0.734818285,45.42190478,0.042495298,337
2012,COG,196,65.32972106,0.648129874,43.96305439,0.039086694,404
2013,COG,232,78.84468609,0.619086921,52.97801943,0.045208471,435
2014,COG,295,104.3149556,0.569534302,70.56495558,0.020914886,566
2015,COG,316,108.5565963,0.470834181,70.55659626,0.027031246,558
2016,COG,288,84.80296363,0.579538831,63.30296363,0.046853047,568
2017,COG,286,94.27935246,0.57003188,70.1126858,0.022205232,562
2018,COG,330,92.99665836,0.618155017,72.99665836,0.042767526,621
2019,COG,315,84.55544124,1.100373732,64.05544124,0.069426775,571
2020,COG,265,69.79423383,0.681533453,60.79423383,0.074684757,505
2021,COG,294,74.14055419,0.668043275,59.51555419,0.043513622,560
2022,COG,294,77.60892435,0.944229552,67.77559102,0.08001075,540
2023,COG,231,59.86387388,0.63147153,53.36387388,0.055558716,510
2024,COG,14,4.372577812,0,4.372577812,1,37
1992,COK,2,1.5,0,,0,2
1994,COK,1,1,0.289855986,,0,1
1995,COK,1,0.333333333,5.248004008,0.333333333,1,4
1996,COK,3,1.4,0.780190238,0.4,0.142857143,4
1997,COK,1,0.5,0.171809567,0.5,0,1
1998,COK,2,0.866666667,0.172649201,0.866666667,0,3
1999,COK,1,0.5,0.624615289,0.5,0,1
2000,COK,2,0.7,0,0.7,0,2
2002,COK,1,0.333333333,2.082143909,0.333333333,0,1
2005,COK,1,0.285714286,0,0.285714286,0,2
2006,COK,1,0.666666667,0.738294881,0.666666667,0,2
2007,COK,6,1.215512266,0.95383896,1.215512266,0.182821867,9
2009,COK,3,0.674089069,0.43217864,0.674089069,0.005577006,8
2010,COK,4,2.007936508,0.403838623,0.507936508,0,5
2011,COK,8,1.834935897,1.522433946,1.834935897,0.338165939,16
2012,COK,8,2.655494505,0.317876137,1.655494505,0,23
2013,COK,7,1.557875458,0.65806414,1.557875458,0,9
2014,COK,10,2.074265807,1.020779723,2.074265807,0.16069943,28
2015,COK,8,2.493650794,1.891597839,1.493650794,0.46785487,12
2016,COK,8,1.552777778,1.251340995,1.552777778,0.114490161,9
2017,COK,8,1.366847407,1.271357125,1.366847407,0.171511336,15
2018,COK,7,2.787819396,0.655973647,1.787819396,0,26
2019,COK,10,1.681351696,1.183226441,1.681351696,0,18
2020,COK,6,1.077832449,0.416867187,1.077832449,0.006103868,11
2021,COK,4,1.05518018,0.356761897,1.05518018,0,7
2022,COK,11,1.76699154,0.507294184,1.76699154,0.01451112,16
2023,COK,15,3.285154486,0.315568086,3.285154486,0.02584413,21
1990,COL,269,201.4106708,0.678892988,34.24400412,0.059120483,531
1991,COL,208,148.8357726,0.773369215,30.58577256,0.073533938,401
1992,COL,258,193.0121906,0.726155663,32.34552395,0.067717705,491
1993,COL,289,201.5385412,0.770329463,53.37187454,0.04771452,591
1994,COL,337,252.2813737,0.668834256,51.33137365,0.055829583,991
1995,COL,364,245.2673826,0.556463999,55.89238256,0.0338088,666
1996,COL,580,366.2686739,0.5666452,101.1758168,0.049276725,995
1997,COL,661,406.660078,0.657023006,133.810078,0.057123915,1107
1998,COL,651,405.2713356,0.536762304,129.9704953,0.030438874,1471
1999,COL,766,471.645321,0.562315942,142.14294,0.038888217,1330
2000,COL,884,551.1224352,0.562651546,173.7914828,0.039906904,1455
2001,COL,846,563.1023129,0.582526197,151.4078685,0.052210677,1547
2002,COL,1069,716.7633072,0.494632774,192.3871167,0.023734433,1988
2003,COL,1173,738.9548675,0.57625882,238.5545068,0.040016554,2030
2004,COL,1372,904.04648,0.481825866,277.14648,0.026478682,2443
2005,COL,1603,1040.244601,0.559791596,306.2374577,0.035689041,2901
2006,COL,2198,1494.372098,0.569707295,399.134014,0.040333373,3789
2007,COL,2510,1661.357204,0.526049254,467.2205743,0.04131612,4413
2008,COL,3525,2468.852753,0.472837739,580.7308445,0.031331993,5962
2009,COL,4140,2886.68567,0.460741677,727.781305,0.03044491,7146
2010,COL,4783,3345.344928,0.500555178,797.6907069,0.037836824,8071
2011,COL,5477,3792.909112,0.466677293,900.2154615,0.030668443,9091
2012,COL,6430,4415.926584,0.459702212,1069.268359,0.033691511,10618
2013,COL,7097,4979.858222,0.449697425,1162.805878,0.031750741,11836
2014,COL,7890,5539.841752,0.467589561,1291.733022,0.031883284,13195
2015,COL,8744,6063.055588,0.501136507,1437.160747,0.03455848,14409
2016,COL,10233,7257.46804,0.507431134,1629.521612,0.033523906,17198
2017,COL,11384,7909.583506,0.53561811,1950.772322,0.04151386,19398
2018,COL,12713,8880.177119,0.529807982,2167.767931,0.040298896,21936
2019,COL,14604,10370.52557,0.560487081,2467.903572,0.042924525,25508
2020,COL,16080,11248.36865,0.535100763,2869.86772,0.042313715,28093
2021,COL,16961,11549.57959,0.532752225,3134.546115,0.036772519,31012
2022,COL,16447,11229.67556,0.514101487,2967.070537,0.036190812,31642
2023,COL,15641,10299.29433,0.489406279,2893.106321,0.046058641,30621
2024,COL,1227,755.6633773,0.445114487,245.9967106,0.996841775,3368
1990,COM,3,3,0,,0,10
1991,COM,6,6,0,,0,4
1993,COM,1,1,0,,0,4
1994,COM,4,2.283333333,0.307132739,0.283333333,0,6
1995,COM,1,1,1.018919304,,0,6
1996,COM,1,0.857142857,0,0.857142857,0,5
1997,COM,2,1.181818182,0.015192957,0.181818182,0,8
1998,COM,1,0.125,0,0.125,0,1
1999,COM,2,1,0,,0,2
2000,COM,2,1,0.025376631,0.2,0,5
2001,COM,1,0.166666667,0.382936596,0.166666667,0,1
2002,COM,1,0.2,0.194729803,0.2,0,1
2003,COM,2,0.366666667,0.425929284,0.366666667,0,2
2004,COM,2,1.125,0.124173114,0.125,0,2
2005,COM,6,2.157692308,0.189281321,1.157692308,0,8
2006,COM,3,1.233766234,0.014583876,0.233766234,0,3
2007,COM,9,2.420970696,0.870926743,1.420970696,0.082611491,15
2008,COM,2,0.641666667,2.825642534,0.641666667,0.584415584,7
2009,COM,3,0.761904762,0.253722811,0.761904762,0,5
2010,COM,6,1.763131313,1.344923565,0.763131313,0.031509596,9
2011,COM,10,3.674242424,0.29228214,1.674242424,0,17
2012,COM,6,1.472939926,0.163975297,1.472939926,0,35
2013,COM,15,7.566666667,0.422504252,2.566666667,0,28
2014,COM,5,1.303451178,0.37635663,1.303451178,0,15
2015,COM,9,2.634401709,0.394361651,1.634401709,0,24
2016,COM,18,4.133321888,0.661955853,4.133321888,0.023041538,32
2017,COM,13,3.788934047,0.479000602,2.788934047,0,27
2018,COM,18,2.433669389,1.04534686,2.433669389,0,23
2019,COM,20,3.281539178,1.240138857,3.281539178,0.04643518,31
2020,COM,21,3.693342838,0.401157823,3.693342838,0.005108631,31
2021,COM,21,3.625246843,0.792528179,2.625246843,0.022067463,32
2022,COM,18,3.587945243,0.783354837,3.587945243,0.027050657,38
2023,COM,41,7.73993447,1.422157163,7.73993447,0.190980248,49
2024,COM,7,1.648135198,6.443375434,1.648135198,1,8
1990,CPV,1,0.2,8.095896304,0.2,1,1
1991,CPV,1,0.666666667,0,0.666666667,0,3
1992,CPV,1,0.166666667,0,0.166666667,0,1
1993,CPV,1,0.571428571,0.342054717,0.571428571,0,4
1995,CPV,2,0.458333333,0.857877068,0.458333333,0.272727273,3
1996,CPV,2,0.476190476,0.760425542,0.476190476,0,2
1997,CPV,1,0.5,0.075188279,0.5,0,4
1998,CPV,1,0.166666667,0.810905051,0.166666667,0,1
1999,CPV,3,1.359649123,0.207916207,0.359649123,0.019354839,6
2000,CPV,2,1.25,0,0.25,0,2
2001,CPV,2,0.533333333,0.069705287,0.533333333,0,2
2002,CPV,1,0.2,0,0.2,0,1
2003,CPV,5,1.358241758,0.300755365,0.858241758,0,6
2004,CPV,2,0.75,0,0.75,0,2
2005,CPV,2,0.366666667,0.440264213,0.366666667,0,2
2006,CPV,12,4.087301587,0.346128465,3.087301587,0.027184466,17
2007,CPV,7,4,0.146734265,2,0,9
2008,CPV,9,2.55,2.680749535,2.55,0.235294118,9
2009,CPV,13,4.678968254,0.810728081,2.678968254,0.096175049,16
2010,CPV,14,3.31117846,1.725739676,2.31117846,0.231299226,15
2011,CPV,6,2.016666667,0.102397233,2.016666667,0,8
2012,CPV,14,3.74710961,0.708112591,2.74710961,0.111196818,21
2013,CPV,30,10.22570705,0.881743907,7.225707054,0.154205802,41
2014,CPV,35,9.288379103,1.07040929,7.288379103,0.174949793,46
2015,CPV,39,11.84024835,0.906501757,9.840248348,0.03800596,62
2016,CPV,40,11.7271978,0.478355479,9.727197802,0.010658983,51
2017,CPV,46,14.58920781,0.836636257,11.58920781,0.104148523,67
2018,CPV,38,10.08819391,0.777794183,8.75486058,0.044913699,59
2019,CPV,52,14.51851443,0.71366762,13.51851443,0.0467561,71
2020,CPV,69,22.77494052,0.629150015,18.77494052,0.046574866,130
2021,CPV,77,24.59257466,0.442821712,18.09257466,4.45E-04,123
2022,CPV,81,22.79357708,0.504525655,16.79357708,0.049724787,117
2023,CPV,83,17.17138481,0.836402455,15.17138481,0.075824027,119
2024,CPV,6,1.862957304,0,1.862957304,1,21
1990,CRI,92,68.40779221,0.538332595,13.40779221,0.029967346,170
1991,CRI,111,74.11578699,0.977015573,21.28245366,0.045868476,191
1992,CRI,113,72.44285714,0.761641262,21.94285714,0.10774776,186
1993,CRI,146,98.42216117,0.770243254,24.17216117,0.057405771,248
1994,CRI,153,107.2428571,0.570285805,23.40952381,0.055825674,235
1995,CRI,147,97.1710084,0.573283913,28.4210084,0.044937958,245
1996,CRI,271,158.1179157,0.450692631,61.00839189,0.019488397,352
1997,CRI,272,157.2684121,0.629268966,51.77674545,0.064254644,360
1998,CRI,259,156.6700369,0.522813443,54.93670359,0.048680489,368
1999,CRI,224,128.550738,0.619602375,47.01740464,0.052622495,337
2000,CRI,224,126.3321087,0.77675838,48.3321087,0.038453213,309
2001,CRI,281,164.465971,0.735948205,64.29930429,0.061247792,400
2002,CRI,303,169.0174004,0.832640316,64.02930514,0.071002244,425
2003,CRI,296,152.8498825,0.85052135,72.84988252,0.046017582,431
2004,CRI,386,219.6686616,0.613570219,79.38532826,0.055183148,528
2005,CRI,430,221.663087,0.725934424,99.49642033,0.068930928,534
2006,CRI,444,228.6096548,0.680464104,104.9191786,0.054964105,576
2007,CRI,490,240.0309678,0.744862944,114.6333488,0.033878882,639
2008,CRI,502,256.2162959,0.728911454,118.5718514,0.059039989,714
2009,CRI,531,258.1778699,0.736175386,117.7612032,0.06421135,691
2010,CRI,573,275.2855695,0.920768297,120.3689028,0.08211901,751
2011,CRI,586,273.7802583,0.735124929,139.7302583,0.064297793,781
2012,CRI,653,324.1144666,0.754491955,145.7216095,0.070672586,853
2013,CRI,625,278.9457086,0.760808026,136.8623752,0.061263777,811
2014,CRI,788,369.0515768,0.632096321,169.7515768,0.05093775,1085
2015,CRI,800,372.9649535,0.738962811,169.6792392,0.07772284,1062
2016,CRI,922,459.2228485,0.591942248,176.0704675,0.037264118,1290
2017,CRI,1037,501.4191711,0.675881761,206.5858377,0.046069507,1491
2018,CRI,1143,563.6419527,0.670773134,228.4752861,0.04338525,1568
2019,CRI,1347,713.5579932,0.534864711,269.0579932,0.03505196,1963
2020,CRI,1543,780.3350447,0.566270176,295.0017113,0.042068959,2196
2021,CRI,1668,823.511616,0.536984292,317.311616,0.02801093,2350
2022,CRI,1626,807.3752613,0.526211789,343.6252613,0.04024311,2477
2023,CRI,1497,680.7181322,0.581816552,317.5669418,0.054033538,2162
2024,CRI,114,44.32201496,1.168971626,22.48868163,1,235
1990,CSK,74,71.86666667,0.154746043,0.866666667,0.027829314,189
1991,CSK,76,74.16666667,0.053050912,1.166666667,0,142
1992,CSK,64,61.18333333,0.159847043,1.683333333,0.032688641,183
1993,CSK,7,2.838368045,0.049764565,0.838368045,3.51E-04,8
2006,CSK,1,0.75,0,0.75,0,3
2008,CSK,1,0.047619048,2.154842424,0.047619048,0,1
2014,CSK,1,0.666666667,0,0.666666667,0,2
1990,CSX,302,284.577381,0.141597363,9.577380952,0.01229894,745
1991,CSX,102,87.33452381,0.109930773,9.33452381,0.003816742,215
1992,CSX,84,67.95952381,0.272916977,9.292857143,0.009809761,184
1993,CSX,17,10.76349206,0.142394094,2.763492063,0.010322961,33
1995,CSX,1,0.6,0,0.6,0,3
1999,CSX,1,0.090909091,0.321202833,0.090909091,0,1
2007,CSX,2,1,0,1,0,3
1990,CUB,361,321.0113636,0.194174035,24.74469697,0.01829243,971
1991,CUB,252,223.7535714,0.157767058,19.75357143,0.014492985,709
1992,CUB,280,247.9911364,0.320715638,17.39113637,0.021170111,829
1993,CUB,242,203.2132874,0.283687693,25.64185879,0.020773989,718
1994,CUB,289,248.3469297,0.434503064,26.7437551,0.046058665,877
1995,CUB,357,294.5732046,0.448653229,35.73987124,0.034626367,994
1996,CUB,805,579.4945396,0.324912306,86.42717084,0.01927354,1837
1997,CUB,937,759.7356488,0.285358117,112.5809452,0.016663709,2304
1998,CUB,1169,958.2273411,0.303143752,147.2747548,0.014234637,2697
1999,CUB,1269,1005.763308,0.28200966,159.0854169,0.017308076,3022
2000,CUB,1285,1015.946725,0.228712345,158.6044668,0.01102697,3202
2001,CUB,1387,1100.957325,0.271322202,177.2542944,0.018713004,3291
2002,CUB,1387,1083.768909,0.234265064,166.6169138,0.013761134,3276
2003,CUB,1176,870.6653556,0.335926115,192.064562,0.022825775,2896
2004,CUB,1211,906.5715112,0.338681369,215.0378381,0.022681297,3016
2005,CUB,1450,1066.041486,0.373295747,247.9795808,0.027522448,3231
2006,CUB,1823,1375.98912,0.315256599,287.5947367,0.024932855,4126
2007,CUB,1774,1195.520406,0.318196991,281.0811235,0.020953666,3829
2008,CUB,1789,1294.315561,0.281151471,308.3166032,0.015437164,4308
2009,CUB,2060,1568.784019,0.243187056,309.0606177,0.010811483,4920
2010,CUB,1916,1427.396866,0.26463915,296.1555959,0.019267665,4533
2011,CUB,2227,1677.609197,0.266952076,346.0790024,0.012934819,5622
2012,CUB,2244,1647.463832,0.259069371,376.8967687,0.010208244,5430
2013,CUB,2295,1684.748244,0.273852298,368.2503506,0.012797977,5639
2014,CUB,2193,1598.75774,0.265868817,393.9978917,0.011494733,5578
2015,CUB,2068,1487.692994,0.270786254,371.9953754,0.010159751,4994
2016,CUB,1926,1296.274312,0.26567712,356.3755022,0.012621489,4524
2017,CUB,1873,1240.643548,0.282160612,370.9046163,0.016278346,4466
2018,CUB,1971,1251.907395,0.325442797,423.0502523,0.016643177,4339
2019,CUB,2160,1403.312217,0.25405451,416.1550738,0.010170529,4760
2020,CUB,2431,1649.511097,0.228977937,456.3849067,0.010230194,5412
2021,CUB,2685,1845.238853,0.242964338,489.6817105,0.014588806,6231
2022,CUB,2319,1583.789927,0.272911636,453.2232604,0.014814845,5672
2023,CUB,1776,1130.763496,0.280616785,339.2944488,0.025748688,4410
2024,CUB,137,67.073917,0.260688289,34.573917,1,310
1990,CUW,2,1.428571429,0.141271145,0.428571429,0,6
1991,CUW,2,1.055555556,0.091192022,0.055555556,0,4
1992,CUW,4,3.333333333,0.724371187,0.333333333,0.1,7
1993,CUW,8,7.111111111,0.266868863,0.111111111,0,12
1994,CUW,3,3,0.322623765,,0,8
1995,CUW,2,0.625,0.553812503,0.625,0,3
1996,CUW,2,0.541666667,1.179040887,0.541666667,0,4
1997,CUW,2,0.666666667,0.151816238,0.666666667,0,2
1998,CUW,4,1.766666667,1.137765442,1.266666667,0,9
1999,CUW,2,0.785714286,1.082837661,0.785714286,0,3
2000,CUW,2,0.875,0.140968283,0.875,0,6
2001,CUW,2,1.160714286,0.664456352,1.160714286,0,9
2002,CUW,2,0.472727273,0.843413244,0.472727273,0,4
2003,CUW,5,1.678571429,0.800830761,1.678571429,0.14893617,9
2004,CUW,5,0.92452381,1.664285566,0.92452381,0.154519701,11
2007,CUW,2,0.916666667,0.19176409,0.916666667,0,3
2008,CUW,7,3.190909091,0.200319208,1.690909091,0,12
2009,CUW,5,2.287179487,0.211256712,2.287179487,0,7
2010,CUW,1,0.125,2.134239927,0.125,0,1
2011,CUW,3,0.680555556,0.143973388,0.680555556,0,6
2012,CUW,2,0.583333333,0.118665163,0.333333333,0,3
2013,CUW,2,1.066666667,0.598132873,0.066666667,0,2
2014,CUW,3,0.29696468,0.584708399,0.29696468,0,6
2015,CUW,1,0.083333333,0.640483368,0.083333333,0,1
2016,CUW,1,0.166666667,1.14106061,0.166666667,0,1
2018,CUW,2,0.158730159,0.543542406,0.158730159,0,2
2019,CUW,10,2.812734488,0.279824843,1.812734488,0,14
2020,CUW,28,7.203267538,0.482631015,6.203267538,0.034706472,28
2021,CUW,36,9.954242424,0.609058735,7.829242424,0.012358135,45
2022,CUW,49,12.45543925,0.57547918,9.70543925,0.032276678,72
2023,CUW,60,17.03180296,0.165482092,13.53180296,0,74
2024,CUW,4,0.893849206,7.743616166,0.893849206,1,7
1998,CXR,1,0.111111111,1.282543998,0.111111111,0,1
1999,CXR,1,0.142857143,0.196933159,0.142857143,0,1
2006,CXR,1,0.333333333,1.248157279,0.333333333,0,1
2010,CXR,1,0.166666667,0.234388348,0.166666667,0,2
2013,CXR,1,0.2,0,0.2,0,1
2017,CXR,1,0.1,0.389311012,0.1,0,1
1990,CYM,1,0.5,1.618636048,0.5,0,1
1991,CYM,3,2.75,0.408603142,0.75,0,6
1993,CYM,3,2.333333333,0.029589771,0.333333333,0,3
1995,CYM,1,0.5,0.357643869,0.5,0,1
1996,CYM,4,2,0.50676863,2,0,4
1997,CYM,5,3.416666667,0.414689434,1.916666667,0.146341463,6
1998,CYM,4,4,0.22572103,,0,5
1999,CYM,3,1.439393939,0.051116368,0.439393939,0,6
2000,CYM,2,1.333333333,0.045803877,0.333333333,0,2
2001,CYM,7,4.933333333,0.104356272,1.933333333,0,15
2002,CYM,5,1.470342523,1.356198758,0.470342523,0,5
2003,CYM,5,1.4,0.556332211,1.4,0,5
2004,CYM,5,2.491666667,0.816446504,0.491666667,0.117056856,4
2005,CYM,9,5.488095238,0.351231199,2.488095238,0,11
2006,CYM,13,8.216666667,0.154530546,2.216666667,0,16
2007,CYM,6,4.055555556,0.546502898,2.055555556,0,10
2008,CYM,18,7.998015873,0.610333412,3.998015873,0.013892334,20
2009,CYM,23,9.295551671,1.076538051,4.795551671,0.142936253,26
2010,CYM,18,8.451839827,0.606357432,3.451839827,0.107049107,19
2011,CYM,31,11.51819292,0.460227061,5.518192918,0.014469862,29
2012,CYM,17,5.54731424,0.808741069,3.54731424,0.013353142,19
2013,CYM,13,4.840079365,0.895639104,2.840079365,0.185947364,14
2014,CYM,15,4.971707382,0.461100241,2.721707382,0.047108038,25
2015,CYM,15,4.438358273,0.512744581,2.10502494,3.69E-04,17
2016,CYM,14,3.991917122,0.563975976,1.991917122,0.028244688,16
2017,CYM,18,5.651404804,0.642888162,3.651404804,0.032382486,20
2018,CYM,26,8.87039627,0.701351198,7.87039627,0.011273454,42
2019,CYM,22,9.354616735,1.085841738,4.354616735,0.13362386,39
2020,CYM,28,10.11128427,0.502220288,6.111284271,0.032966468,30
2021,CYM,37,12.37090104,0.421212984,7.370901043,0.00203691,58
2022,CYM,31,11.59749714,0.765610926,7.597497139,0.041957542,50
2023,CYM,37,9.270399638,0.5339534,7.270399638,0.101351854,46
2024,CYM,2,0.5,0,0.5,1,2
1990,CYP,31,24.87619048,0.366879834,2.376190476,0.005742726,34
1991,CYP,31,20.92424242,0.288832898,5.424242424,0.023895728,35
1992,CYP,73,42.80312314,0.680999439,11.13645648,0.09528714,78
1993,CYP,76,47.24855218,0.43053921,6.748552175,0.015217353,85
1994,CYP,118,76.76276744,0.565161654,16.26276744,0.023033681,110
1995,CYP,158,100.7408658,0.804302451,25.24086576,0.060867713,175
1996,CYP,190,122.212035,0.866367849,29.46203499,0.080485676,207
1997,CYP,261,159.8807803,0.635823813,41.71411362,0.03870297,232
1998,CYP,274,163.3746667,0.781189086,51.17466669,0.061253587,301
1999,CYP,273,175.9822675,0.773119507,47.16560088,0.066390823,313
2000,CYP,321,217.1903742,0.75225946,56.81537419,0.059951507,380
2001,CYP,276,180.0861228,0.699849275,53.08612284,0.04970267,314
2002,CYP,392,257.2497481,0.886580417,74.08308139,0.091055832,446
2003,CYP,414,268.5302723,1.105826796,74.33027233,0.092055923,404
2004,CYP,558,345.1864001,0.96065187,113.1030668,0.084714755,582
2005,CYP,689,429.6160649,0.766494918,134.9493982,0.063085019,684
2006,CYP,792,481.3950369,0.959952743,160.3950369,0.10317308,725
2007,CYP,912,560.2387233,0.980577421,188.05539,0.103207524,828
2008,CYP,1073,654.6467,0.880892051,218.6967,0.090641671,1038
2009,CYP,1318,794.999791,0.941189707,263.999791,0.094659274,1214
2010,CYP,1471,857.6632347,0.987821905,300.9703776,0.104074409,1308
2011,CYP,1621,938.0630683,0.963028592,324.1130683,0.109098845,1373
2012,CYP,1743,969.0516109,1.049484983,341.6766109,0.10493577,1557
2013,CYP,1986,1163.548499,1.078607667,399.3839159,0.113073693,1847
2014,CYP,1937,1122.974745,1.140930862,395.7830782,0.120974879,1842
2015,CYP,2050,1156.502248,1.033960883,428.6355817,0.100660154,1954
2016,CYP,2305,1285.149299,0.987838871,467.7659657,0.100279476,2246
2017,CYP,2497,1344.106702,1.074713946,506.4400353,0.111336299,2400
2018,CYP,2774,1415.041727,1.080895731,561.2083942,0.124760716,2534
2019,CYP,3145,1589.062566,1.168029434,648.295899,0.127897159,2780
2020,CYP,3696,1805.082535,1.244753174,792.7325345,0.135776687,3314
2021,CYP,4241,1987.555503,1.241737372,916.1888361,0.140121249,3708
2022,CYP,4631,2109.825024,1.265570236,997.9916905,0.13666311,3875
2023,CYP,4933,2196.396398,1.433953194,1061.329731,0.13987374,4180
2024,CYP,376,160.7040747,1.127242723,84.7040747,1,595
1990,CZE,3829,3445.623313,0.329885722,279.7760911,0.023797364,6032
1991,CZE,3330,2896.286021,0.409312296,292.521735,0.027381519,5348
1992,CZE,3339,2841.941325,0.411483911,330.0079915,0.029092302,5123
1993,CZE,3652,3102.845818,0.429281492,339.3291515,0.028855691,5533
1994,CZE,3750,3062.400801,0.491434515,421.787706,0.032892936,5990
1995,CZE,3775,3036.661098,0.498525235,435.1468127,0.034093241,5511
1996,CZE,5577,4368.572186,0.47351569,702.109091,0.031648267,7460
1997,CZE,5889,4665.026223,0.486067116,723.3349535,0.03666654,7828
1998,CZE,5909,4630.534208,0.491338959,793.1119493,0.031254021,8046
1999,CZE,6285,4943.552152,0.534335029,790.6398509,0.03945935,8580
2000,CZE,6643,5271.665672,0.565532041,828.5186708,0.044060095,9402
2001,CZE,7305,5854.319821,0.564713576,875.0683056,0.043089956,10657
2002,CZE,7725,6204.172664,0.580031289,954.5549196,0.04466105,11104
2003,CZE,8577,6659.632525,0.589066193,1179.538926,0.043548002,11356
2004,CZE,9415,7255.252029,0.600172654,1296.677849,0.046483328,12644
2005,CZE,10537,8153.752183,0.621978888,1461.830815,0.054002401,13922
2006,CZE,11838,9114.594589,0.675248964,1608.2608,0.055403738,15341
2007,CZE,13265,10334.55001,0.649154463,1837.642222,0.051777975,17292
2008,CZE,14145,10939.05362,0.688452439,1936.215332,0.05762834,18195
2009,CZE,14749,11379.32317,0.73888018,2028.66465,0.06303534,19167
2010,CZE,16542,12820.36894,0.725937404,2214.35933,0.063825413,21121
2011,CZE,17846,13856.74675,0.721271987,2277.583556,0.061747859,22606
2012,CZE,18827,14337.55204,0.733920901,2435.914678,0.063726358,23846
2013,CZE,19820,15065.96597,0.774693122,2693.246371,0.06800917,25144
2014,CZE,22347,16871.96,0.802607109,3127.374285,0.074293801,27662
2015,CZE,23500,17547.72394,0.689730691,3452.41712,0.057383833,28640
2016,CZE,23922,17672.7888,0.698292694,3545.647489,0.057845338,29824
2017,CZE,25020,18164.35096,0.679842501,3795.896471,0.054860087,30586
2018,CZE,24763,17517.71284,0.650777131,3964.598537,0.050866309,30916
2019,CZE,26030,18169.97292,0.655694132,4241.35421,0.049270167,32439
2020,CZE,26028,17155.22669,0.645613877,4590.16595,0.050893594,32152
2021,CZE,27242,17538.13935,0.691013817,4816.705127,0.052445532,34546
2022,CZE,25749,16318.09778,0.705305009,4585.427064,0.057456204,33935
2023,CZE,24202,14723.36356,0.757483749,4583.727852,0.071024046,32581
2024,CZE,2112,1183.271942,0.89608079,438.0608312,0.995367969,5865
1990,DDR,337,321.3444444,0.12495708,7.844444444,0,682
1991,DDR,28,28,0.340816471,,0.035714286,63
1992,DDR,3,3,0,,0,12
1995,DDR,1,1,0.349866934,,0,2
1996,DDR,2,2,0,,0,7
1998,DDR,4,1.766666667,0.224359086,0.166666667,0,7
2004,DDR,1,0.4,1.138544939,0.4,0,2
2009,DDR,1,0.5,0.497474587,0.5,0,1
2015,DDR,1,0.142857143,0.170013029,0.142857143,0,1
1990,DDX,368,354.7833333,0.080257118,10.28333333,4.70E-04,806
1991,DDX,55,53.64285714,0.131341105,0.642857143,0,128
1992,DDX,1,0.25,0,0.25,0,6
1993,DDX,1,0.033333333,0,0.033333333,0,2
1990,DEU,53530,48364.81308,0.901501662,3942.157486,0.087831944,77464
1991,DEU,53471,47595.09606,0.925694244,4432.188306,0.087502299,77356
1992,DEU,51297,44998.20364,0.987811191,4796.444548,0.096493037,77268
1993,DEU,55874,48924.59475,1.030136786,5251.050988,0.102431075,83469
1994,DEU,59929,51951.89559,1.052165806,6006.742858,0.105337317,90067
1995,DEU,62509,53725.10621,1.070535475,6441.334719,0.106519872,93445
1996,DEU,77840,63562.99891,1.110470125,9829.008047,0.112709188,105173
1997,DEU,83743,68047.36726,1.078657237,10734.81956,0.110154769,113302
1998,DEU,85232,68596.62845,1.078711782,11219.46984,0.108439828,115430
1999,DEU,84271,65790.74387,1.109240109,11418.10869,0.112909856,114411
2000,DEU,86818,68747.36616,1.097766217,11835.88535,0.111799469,122024
2001,DEU,89064,71705.49732,1.115036797,12039.24555,0.116962511,127230
2002,DEU,92230,72965.12444,1.118063143,13017.13885,0.11695598,130315
2003,DEU,98340,73916.63382,1.117589423,15996.58171,0.115397676,128679
2004,DEU,104113,78260.66269,1.122538696,17195.91933,0.116209154,136613
2005,DEU,115451,86855.96135,1.148028455,19364.8136,0.120099759,149586
2006,DEU,118979,88954.65404,1.149001727,20264.92323,0.119124885,154412
2007,DEU,123851,91674.55593,1.16905097,21894.65102,0.121335519,160276
2008,DEU,127139,93558.11536,1.189075138,22399.60907,0.125334269,166613
2009,DEU,133245,97888.40477,1.188003239,24114.10603,0.12505628,175359
2010,DEU,137392,100134.068,1.204957419,25042.19158,0.129060093,182320
2011,DEU,143645,103958.7643,1.237249255,26459.32745,0.131816776,191985
2012,DEU,151424,108550.7478,1.201631696,27863.61241,0.127342164,203996
2013,DEU,154511,109666.5231,1.204675053,29131.38836,0.126679525,209220
2014,DEU,157572,111253.4841,1.206065293,30024.17792,0.126003246,217993
2015,DEU,161263,112269.0772,1.156455876,31296.90073,0.119135364,224095
2016,DEU,166411,115054.0648,1.122459407,32314.89612,0.115353125,235006
2017,DEU,169705,116307.8195,1.078403082,33044.46404,0.110368948,240067
2018,DEU,172009,116296.5016,1.06812267,33829.05548,0.10784258,244726
2019,DEU,175486,117667.5746,1.096022302,34569.5327,0.108189881,250356
2020,DEU,179211,117659.4069,1.059974413,36040.58128,0.106068669,258011
2021,DEU,193495,126835.4731,1.064094816,38516.55951,0.103218864,277336
2022,DEU,186774,121451.1773,1.061876049,36988.56794,0.103897231,277339
2023,DEU,179735,115031.3019,1.059504235,36049.5779,0.109147728,272759
2024,DEU,15600,9317.535498,1.068563717,3281.107323,0.997068018,46474
1990,DJI,5,2.695238095,0.61963942,1.195238095,0,10
1991,DJI,4,1.478571429,0.50264688,1.478571429,0,8
1992,DJI,2,0.5,0.772783241,0.5,0,2
1993,DJI,4,2.147619048,0.076900131,1.147619048,0,14
1994,DJI,2,1.5,0.258985449,0.5,0,6
1996,DJI,4,1.73015873,0.124059584,0.73015873,0,7
1997,DJI,7,4.833333333,0.132310725,1.833333333,0,18
1998,DJI,6,1.827380952,0.469678711,1.827380952,0,10
1999,DJI,1,0.083333333,0.711601427,0.083333333,0,1
2000,DJI,2,2,0,,0,2
2001,DJI,2,0.590909091,0.327050307,0.590909091,0,3
2002,DJI,1,0.714285714,0,0.714285714,0,5
2003,DJI,3,2,0,1,0,7
2004,DJI,5,1.715909091,0.448533989,0.715909091,0,8
2005,DJI,7,3.670634921,0.241169875,1.670634921,0,21
2006,DJI,8,2.588888889,0.58027555,2.088888889,0,10
2007,DJI,10,2.017099567,0.644331704,2.017099567,0.09915227,10
2008,DJI,8,3.206349206,0.164221005,2.206349206,0,15
2009,DJI,16,7.893972808,0.433529387,2.893972808,0.01847401,27
2010,DJI,17,7.507709751,0.539513768,3.507709751,0,29
2011,DJI,16,3.621661998,0.934353002,3.34388422,0.059167784,30
2012,DJI,19,6.602496345,0.274004846,5.602496345,0,38
2013,DJI,18,5.864992935,0.494432483,4.864992935,0.0172463,38
2014,DJI,25,6.326518379,0.439777669,4.326518379,0.047327011,38
2015,DJI,18,5.364707645,0.543255356,4.198040979,0.034085202,26
2016,DJI,18,5.085754012,0.247053208,5.085754012,0,40
2017,DJI,23,4.628205719,1.34845478,3.628205719,0.064594867,39
2018,DJI,22,5.090600086,0.475154879,4.090600086,0,35
2019,DJI,22,5.15544624,1.308314254,5.15544624,0.127003924,34
2020,DJI,37,9.797861689,0.917438279,7.797861689,0.057410486,42
2021,DJI,71,18.35440315,0.544409387,16.35440315,0.032189692,71
2022,DJI,40,11.31528065,1.179447956,7.315280648,0.237416948,66
2023,DJI,57,18.9407312,0.41764548,11.9407312,0.01671882,94
2024,DJI,3,1.216666667,0,1.216666667,1,6
1993,DMA,3,2.5,0.654493855,0.5,0,3
1994,DMA,3,2.166666667,0.415426589,0.666666667,0,7
1996,DMA,2,1.4,0.150137428,0.4,0,7
1997,DMA,2,0.642857143,0.219884486,0.642857143,0,2
1998,DMA,7,3.842857143,0.190700032,1.842857143,0,8
2001,DMA,5,1.821428571,0.699329544,0.821428571,0,11
2002,DMA,1,1,0,,0,2
2003,DMA,8,5.976190476,0.642103501,0.476190476,0.023904382,11
2004,DMA,2,1.125,0.387874559,0.125,0,2
2005,DMA,9,5.766666667,1.118417443,1.266666667,0.208092486,11
2006,DMA,3,0.776923077,0.484423922,0.576923077,0.099009901,4
2007,DMA,7,2.564285714,1.096283058,1.564285714,0.155988858,8
2008,DMA,4,3.047619048,1.175640429,0.047619048,0.328125,4
2009,DMA,10,5.521428571,1.27299922,1.521428571,0.181112549,9
2010,DMA,24,9.593265306,0.724332222,6.593265306,0.123002957,31
2011,DMA,8,3.775396825,0.326177483,2.775396825,0,16
2012,DMA,17,3.718963444,0.295918921,3.218963444,0.009958968,14
2013,DMA,16,5.93531746,1.049338474,3.93531746,0.208263689,25
2014,DMA,15,4.361352898,0.602246154,3.361352898,0.033319591,22
2015,DMA,18,3.963752549,0.826476973,3.463752549,0.06389736,27
2016,DMA,19,5.090301225,0.901677175,4.090301225,0.09419269,26
2017,DMA,20,8.910014006,0.69463367,2.910014006,0.006601957,32
2018,DMA,18,7.598660809,0.681380148,5.598660809,0.078961282,32
2019,DMA,20,7.217832168,0.962685649,5.217832168,0.051954658,30
2020,DMA,18,6.023402088,0.499950433,4.023402088,0.056597432,22
2021,DMA,23,4.760728135,0.813649295,4.760728135,0.094836399,26
2022,DMA,30,6.598766263,0.374130472,5.598766263,0.028485536,33
2023,DMA,21,2.83918927,0.614214231,2.83918927,0.001397672,24
2024,DMA,1,0.5,0,0.5,1,1
1990,DNK,5840,5048.815167,1.275271113,502.7931023,0.126530493,8337
1991,DNK,6263,5396.529575,1.19566243,562.1753725,0.119168689,8622
1992,DNK,6529,5460.682378,1.199609507,652.4619514,0.122703017,9426
1993,DNK,6955,5763.83378,1.188293816,744.9370651,0.121111835,9540
1994,DNK,7651,6259.059529,1.197686428,864.1777825,0.12632274,10477
1995,DNK,7450,5986.397061,1.226786486,909.9994057,0.124277407,10423
1996,DNK,8457,6169.624094,1.30911074,1226.806083,0.138901551,10459
1997,DNK,9358,6930.649572,1.278613129,1375.898923,0.132264717,11406
1998,DNK,9514,6813.780775,1.310731958,1477.185367,0.142965107,11712
1999,DNK,9402,6574.306509,1.382029095,1485.725129,0.148591352,11358
2000,DNK,9937,7130.02873,1.344837446,1542.677557,0.141404288,12770
2001,DNK,9794,7147.316283,1.367140083,1537.082588,0.148256022,12875
2002,DNK,9939,7202.240971,1.335904886,1593.902032,0.1464755,13620
2003,DNK,10934,7418.870937,1.485702503,1979.913476,0.156112151,12765
2004,DNK,11486,7818.092926,1.424550275,2126.286302,0.150095699,13689
2005,DNK,12401,8308.063269,1.376847275,2338.464734,0.148698271,14670
2006,DNK,13117,8644.366332,1.438855974,2461.165829,0.150362099,15180
2007,DNK,13946,9081.845292,1.415444821,2713.858214,0.153666098,16186
2008,DNK,14546,9328.250532,1.42486376,2817.838541,0.15033371,16952
2009,DNK,15754,10124.29855,1.416129573,3039.12515,0.149006566,18434
2010,DNK,16973,10772.03111,1.418703078,3350.173175,0.152170981,19901
2011,DNK,18898,12017.70956,1.458648354,3704.972935,0.158264727,21634
2012,DNK,20556,12975.23145,1.458080882,4052.089386,0.159155654,23366
2013,DNK,21686,13508.37257,1.437507447,4307.447998,0.153143562,24851
2014,DNK,23734,14554.43541,1.448148869,4707.507778,0.158523845,26821
2015,DNK,25064,14912.78933,1.391173837,5118.441937,0.154422447,28351
2016,DNK,25720,15009.03988,1.417384297,5406.718341,0.15587017,29580
2017,DNK,26489,15330.45719,1.331347558,5641.351978,0.138459352,30771
2018,DNK,27490,15391.65184,1.283165689,5926.724578,0.136166376,31726
2019,DNK,28441,15701.36049,1.343028437,6144.306718,0.139641776,32703
2020,DNK,30339,16141.93264,1.199032008,6423.744657,0.124359373,34817
2021,DNK,32554,17028.82946,1.245824455,6687.156,0.123877559,36944
2022,DNK,32224,16843.86007,1.225796012,6523.726917,0.123674754,37534
2023,DNK,32776,17038.43886,1.200555601,6678.966161,0.128204259,38763
2024,DNK,3338,1661.842705,1.344014381,722.3960934,0.995920221,7847
1990,DOM,30,22.30972222,0.33119144,4.809722222,0.044263214,81
1991,DOM,26,14.2609127,0.401126777,6.260912698,0.037690435,42
1992,DOM,18,10.18674242,0.457444736,3.686742424,0.035994497,42
1993,DOM,26,17.52202381,0.401670723,3.52202381,0.041614295,50
1994,DOM,19,12.46114719,0.253372747,2.461147186,0,39
1995,DOM,17,10.26134153,0.385584808,2.761341526,0,30
1996,DOM,41,22.24582648,0.471262577,8.245826483,0.005544111,83
1997,DOM,26,11.57851219,0.456672311,4.078512188,0.018306024,33
1998,DOM,24,10.28704906,0.601152374,7.287049062,0.017821761,43
1999,DOM,29,11.71621989,0.693367473,5.993997669,0.047756342,37
2000,DOM,33,12.68554224,1.288608709,6.685542236,0.084025505,46
2001,DOM,23,9.758603896,2.282955899,5.758603896,0.163469909,37
2002,DOM,19,8.420422633,0.998815041,4.420422633,0.25467183,30
2003,DOM,26,11.71720779,1.05852946,9.217207792,0.124913409,47
2004,DOM,34,11.95019943,0.611668927,10.6168661,0.068184202,64
2005,DOM,41,17.2982612,0.3555749,8.798261201,0.011561856,60
2006,DOM,43,18.93966556,0.594090363,10.93966556,0.076462769,75
2007,DOM,53,21.0969012,0.441939415,13.5969012,0.005457274,77
2008,DOM,65,19.48241547,0.78064181,14.48241547,0.056671461,85
2009,DOM,49,15.50119468,0.667776565,12.16786135,0.048023176,70
2010,DOM,52,18.39439515,0.674269589,12.39439515,0.045956527,77
2011,DOM,74,22.51149428,0.678793242,15.51149428,0.059378444,89
2012,DOM,79,26.31381356,0.696250002,22.31381356,0.036054364,129
2013,DOM,112,37.00128466,0.82961202,26.00128466,0.076439083,143
2014,DOM,105,43.30697721,0.468817233,21.80697721,0.023544528,175
2015,DOM,140,43.40504602,0.666957902,28.90504602,0.041578005,190
2016,DOM,141,40.55146074,0.701401924,30.35146074,0.039973967,205
2017,DOM,167,59.12163747,0.527690122,37.62163747,0.024404891,222
2018,DOM,191,59.76352074,0.561444841,43.76352074,0.040721525,241
2019,DOM,265,81.82761568,0.711751398,55.99428235,0.051837878,332
2020,DOM,324,102.9338112,0.613173927,71.96952551,0.054425114,415
2021,DOM,373,116.2610346,0.77638841,80.51103464,0.057099579,538
2022,DOM,392,122.0277714,0.670237917,79.19443803,0.045344543,541
2023,DOM,395,113.7254699,0.723982459,80.89213652,0.075223928,587
2024,DOM,28,7.013764061,0.17502899,6.013764061,1,54
1990,DZA,175,118.9693503,0.421750819,27.71935032,0.016874731,284
1991,DZA,184,130.9350649,0.410849316,31.8517316,0.032586127,317
1992,DZA,225,146.1789161,0.368079178,35.6789161,0.024193648,378
1993,DZA,204,131.1184257,0.3641697,33.78509236,0.015827037,388
1994,DZA,235,160.1332692,0.255346813,44.98326923,0.006244799,407
1995,DZA,272,186.2815873,0.405505665,43.44825395,0.021733146,447
1996,DZA,395,219.1980257,0.404243403,84.09802574,0.02418907,549
1997,DZA,411,248.5648329,0.334364979,91.2314996,0.007322121,661
1998,DZA,477,302.4162795,0.424114895,107.7496128,0.021025665,793
1999,DZA,506,307.5328477,0.364811704,111.7245143,0.009945045,804
2000,DZA,570,384.6933632,0.443330021,120.6933632,0.027789672,901
2001,DZA,663,448.3602584,0.44820382,124.3269251,0.020365932,1067
2002,DZA,710,495.4783308,0.437579049,126.6449975,0.023724283,1114
2003,DZA,921,632.4368959,0.427157846,185.0702293,0.018886191,1439
2004,DZA,1205,847.2454658,0.45417228,264.3287991,0.032799604,1890
2005,DZA,1337,925.4792328,0.499873436,292.1070716,0.031904434,2144
2006,DZA,1876,1332.034704,0.478708459,393.5680371,0.037756743,2890
2007,DZA,2085,1434.632382,0.518032836,452.4657156,0.034276838,3224
2008,DZA,2541,1799.541189,0.559015435,513.4161892,0.043696058,3975
2009,DZA,3183,2220.262373,0.564852015,674.8457059,0.048703277,4989
2010,DZA,3189,2205.272471,0.582930651,659.4224707,0.040988914,5036
2011,DZA,3644,2605.375073,0.543265408,724.7250727,0.038702227,5736
2012,DZA,4285,3158.429703,0.575072031,796.6523225,0.047675234,6891
2013,DZA,4934,3668.321313,0.61470777,937.589567,0.046359962,7829
2014,DZA,5314,3954.874691,0.642704416,1020.98977,0.052567517,8882
2015,DZA,5928,4449.349394,0.6304726,1170.275585,0.046400464,9946
2016,DZA,6668,4920.777426,0.634785578,1337.574648,0.048369987,11125
2017,DZA,7368,5394.976242,0.672659393,1517.53021,0.053291184,12038
2018,DZA,8001,5897.943481,0.589517092,1628.873243,0.043798859,13559
2019,DZA,8022,5888.499714,0.661668085,1686.876675,0.056153402,13695
2020,DZA,8224,5921.787906,0.702570713,1801.811283,0.064559214,14320
2021,DZA,9624,6918.477607,0.696038226,2119.055385,0.062040335,16167
2022,DZA,10635,7753.099374,0.699693728,2231.582708,0.062820894,18173
2023,DZA,10171,7378.123134,0.746527541,2190.956631,0.072659135,18177
2024,DZA,937,646.9148957,0.635365735,224.3648957,1,2632
1990,ECU,33,22.93591779,0.458408919,4.935917786,0.030863184,80
1991,ECU,52,34.99087302,0.818503003,7.990873016,0.064574662,89
1992,ECU,62,41.81664169,0.660802638,10.81664169,0.087588032,109
1993,ECU,53,34.18373016,0.41408268,9.183730159,0.042394623,79
1994,ECU,80,55.42327534,0.657842013,13.00019841,0.048155044,189
1995,ECU,98,70.14956903,0.456023854,13.48290236,0.024880787,220
1996,ECU,93,52.76822824,0.534818947,20.26822824,0.043126327,155
1997,ECU,155,96.85927781,0.489922422,28.52594448,0.03665111,274
1998,ECU,148,91.58845328,0.38938501,19.63845328,0.049301761,232
1999,ECU,130,62.31102284,0.53111782,28.8665784,0.028177796,213
2000,ECU,140,73.47049556,0.940119074,26.38716222,0.129856335,238
2001,ECU,123,62.20497357,1.343471374,19.03830691,0.186538693,177
2002,ECU,161,86.3197941,0.646757296,24.48646077,0.042461627,244
2003,ECU,190,89.585763,0.571343277,46.96909634,0.031514255,311
2004,ECU,202,94.43705028,0.751423771,49.15371694,0.083504446,329
2005,ECU,275,123.3115899,0.698375747,59.95444702,0.053948967,367
2006,ECU,297,131.4689809,0.662145818,61.92731419,0.055542068,417
2007,ECU,327,141.602135,0.649969004,77.63546836,0.058428696,483
2008,ECU,388,150.8745528,0.89139514,89.12455276,0.054755506,524
2009,ECU,465,180.2271814,0.794461958,98.17718138,0.086698348,607
2010,ECU,437,192.7905868,0.772090054,103.6739202,0.06556782,601
2011,ECU,468,176.8616038,0.704591903,100.8616038,0.049012957,651
2012,ECU,606,252.2828792,0.708810223,128.4245458,0.052661313,794
2013,ECU,699,280.6662564,0.751553151,153.2376849,0.055562059,938
2014,ECU,975,434.1025742,0.839258791,230.4025742,0.086066059,1383
2015,ECU,1615,746.336849,0.714631458,410.384468,0.064683822,2264
2016,ECU,2440,1306.627539,0.72555744,611.369206,0.072763744,3655
2017,ECU,3578,2016.261946,0.65048058,840.2794065,0.056665067,5681
2018,ECU,4573,2778.692232,0.565847535,1008.214393,0.045498986,7659
2019,ECU,5128,3109.454548,0.509096913,1146.980489,0.038782856,8991
2020,ECU,5867,3647.048271,0.536193396,1321.829992,0.040994754,9937
2021,ECU,6028,3683.118741,0.578129044,1389.79453,0.049322227,10355
2022,ECU,6585,4199.549893,0.584497908,1438.250138,0.045325419,11851
2023,ECU,6443,3889.924187,0.577486378,1391.149644,0.06448548,11807
2024,ECU,548,305.1527587,0.539108311,130.6027587,0.996313322,1330
1990,EGY,1952,1741.858085,0.353616495,174.4937993,0.018245773,3381
1991,EGY,2055,1844.201803,0.35508097,199.9279937,0.017762953,3424
1992,EGY,1968,1746.445885,0.347488782,179.0625518,0.015257066,3277
1993,EGY,2039,1813.667957,0.351777073,170.167957,0.019071151,3470
1994,EGY,2230,1982.234194,0.343604741,199.488956,0.011407883,3649
1995,EGY,2353,2083.529694,0.357865767,240.8511227,0.019302772,3831
1996,EGY,2956,2418.401407,0.367250615,370.490296,0.015003668,4541
1997,EGY,2934,2420.137415,0.393565292,351.0126316,0.020188905,4491
1998,EGY,3004,2475.0318,0.393913741,331.9460852,0.019007527,4503
1999,EGY,2965,2497.596694,0.412498125,312.4895507,0.02150756,4479
2000,EGY,3290,2765.63652,0.46662216,397.0246156,0.026471172,4994
2001,EGY,3528,3047.563781,0.438416736,346.5168941,0.025113301,5305
2002,EGY,3734,3155.191621,0.489962462,411.5904309,0.027592055,5550
2003,EGY,4459,3638.002728,0.472959089,598.055903,0.026672152,6313
2004,EGY,4509,3678.86983,0.513248084,597.6868936,0.031938621,6496
2005,EGY,4741,3763.980694,0.58464396,680.6704128,0.039318631,6905
2006,EGY,5242,4188.960295,0.632553741,717.2453598,0.048220434,7645
2007,EGY,5886,4720.077766,0.65775215,794.0829243,0.051375175,8662
2008,EGY,6609,5226.292902,0.669072489,973.2087746,0.054950269,9829
2009,EGY,8297,6468.62539,0.643743014,1236.395628,0.05038294,12465
2010,EGY,9245,7103.320676,0.693513509,1498.502422,0.055344176,14187
2011,EGY,10928,8233.432148,0.676215622,1794.44647,0.052677683,16709
2012,EGY,12887,9697.399494,0.635452188,2125.986002,0.042692593,19334
2013,EGY,14260,10297.66943,0.681166756,2604.710235,0.053101836,20440
2014,EGY,15170,10600.17625,0.724919722,2873.666211,0.062120626,21345
2015,EGY,16471,11483.42568,0.757132144,3125.651118,0.065517822,23567
2016,EGY,18870,13358.9186,0.766614491,3486.029319,0.067327037,27403
2017,EGY,18809,12925.446,0.881180166,3626.290949,0.083926416,27447
2018,EGY,21411,14860.01377,0.925993144,4160.269719,0.091511671,32120
2019,EGY,24841,17162.95983,0.973807908,4951.566299,0.100087602,37483
2020,EGY,31087,21050.88386,1.031492262,6617.292927,0.120195441,44841
2021,EGY,37001,24514.64346,1.08535144,8366.333296,0.1200461,52703
2022,EGY,41994,26742.7632,1.135729108,9440.07119,0.126462063,56338
2023,EGY,40185,25159.37466,1.297593238,9305.932156,0.140043224,56226
2024,EGY,4177,2608.981671,1.315164422,997.0483381,0.996922419,10165
1993,ERI,2,0.583333333,0,0.583333333,0,7
1994,ERI,1,1,0.39174429,,0,1
1995,ERI,3,2,0.722617502,1,0,5
1996,ERI,8,4.075,0.801737358,2.075,0.049079755,7
1997,ERI,4,1.266666667,0.102825135,0.766666667,0,6
1998,ERI,17,9.407936508,0.165311029,2.407936508,0.00590518,22
1999,ERI,12,4.020670996,0.256412805,3.020670996,0,14
2000,ERI,13,4.861835749,1.220778538,2.861835749,0.096134738,15
2001,ERI,17,7.2,0.457202596,4.2,0,11
2002,ERI,25,11.93928571,0.34121313,6.439285714,0,32
2003,ERI,27,14.64303752,0.66820186,6.643037518,0.034145921,47
2004,ERI,25,11.86228632,0.6906309,7.362286325,0,44
2005,ERI,30,13.17940115,0.49236668,8.179401154,0.025291994,42
2006,ERI,44,23.26437349,0.801661217,12.26437349,0.043926815,62
2007,ERI,51,29.02692365,0.321082563,11.02692365,0.006929753,63
2008,ERI,23,12.34547619,0.531944982,6.34547619,0.035409153,35
2009,ERI,26,9.619480519,0.484102353,6.619480519,0.00945052,32
2010,ERI,25,13.59008296,0.528481552,4.590082956,0.02563754,34
2011,ERI,35,19.18464912,0.568850858,8.184649123,0.02526234,56
2012,ERI,14,8.663095238,0.482872808,2.663095238,0.014429023,29
2013,ERI,28,12.52559524,0.401666197,6.525595238,0.035593784,41
2014,ERI,29,10.29778309,0.453978474,6.297783094,0.037892363,33
2015,ERI,28,9.802184804,0.565516945,5.802184804,0.027204819,48
2016,ERI,27,9.846192696,0.628917422,6.846192696,0.026159935,46
2017,ERI,35,14.40039267,0.867569219,6.400392667,0.077507347,73
2018,ERI,51,24.92959326,1.024767736,9.929593257,0.150951436,110
2019,ERI,61,34.11895806,1.083644607,10.11895806,0.20257119,122
2020,ERI,69,42.1008381,0.66911654,11.7008381,0.056248805,155
2021,ERI,77,37.5276768,0.383839,17.5276768,0.014380921,140
2022,ERI,86,35.85993942,0.765695612,15.35993942,0.046943048,182
2023,ERI,68,29.87368629,0.517934772,13.87368629,0.093258157,149
2024,ERI,5,1.641666667,0,0.641666667,1,10
1990,ESH,1,1,0,,0,1
1992,ESH,1,0.333333333,0.598972456,0.333333333,0,3
2004,ESH,1,1,0,,0,1
2008,ESH,1,1,0.933996194,,0,1
2009,ESH,2,1.25,0.278746751,0.25,0,2
2010,ESH,2,0.325,1.989426645,0.325,0.615384615,2
2015,ESH,2,2,0.33714962,,0,2
2021,ESH,1,0.142857143,0,0.142857143,0,3
2022,ESH,1,0.333333333,6.855509549,0.333333333,1,1
1990,ESP,13262,12216.93538,0.546320322,873.3336414,0.042166116,28696
1991,ESP,13573,12329.52887,0.599700222,1037.896807,0.0451659,29087
1992,ESP,15639,14160.4393,0.631136264,1297.996871,0.048243736,33232
1993,ESP,16889,15193.95514,0.704048983,1496.511023,0.055780148,35892
1994,ESP,18335,16447.5666,0.72611394,1703.411589,0.055688521,37838
1995,ESP,19923,17802.5439,0.74808239,1913.369525,0.059016788,41136
1996,ESP,24855,21221.7878,0.789809684,3040.985724,0.067811752,46359
1997,ESP,26939,22909.83188,0.78499341,3394.163636,0.06593076,50007
1998,ESP,27520,23209.25703,0.819925113,3603.650425,0.071286967,50602
1999,ESP,28839,24106.74704,0.846818182,3754.270926,0.075563167,52206
2000,ESP,30025,25244.05341,0.859719982,3901.003571,0.075630312,55926
2001,ESP,31617,26904.53337,0.89052711,3965.286371,0.084265099,60076
2002,ESP,34278,28816.67735,0.899537337,4652.760268,0.082061209,63652
2003,ESP,37200,30024.80104,0.895264407,5674.31727,0.078504888,63544
2004,ESP,40658,32878.33217,0.9397894,6243.614477,0.086671657,69105
2005,ESP,46245,37153.77628,0.968210405,7229.881258,0.091228483,76578
2006,ESP,51186,40975.91777,0.977936312,8217.432776,0.093280683,84339
2007,ESP,55043,43757.0732,1.003924313,9109.7428,0.094338473,88538
2008,ESP,58411,45979.82712,1.010835916,10039.11409,0.098528193,94751
2009,ESP,63481,49905.30566,1.021328351,11019.72413,0.100094114,100685
2010,ESP,67329,52161.87822,1.026031841,12059.7081,0.100704116,105900
2011,ESP,72674,55911.71684,1.054840196,13551.43651,0.104665612,112612
2012,ESP,77221,58862.40907,1.049912487,14717.31118,0.101407552,119257
2013,ESP,79245,59849.61568,1.05350021,15537.66766,0.102066079,121478
2014,ESP,82000,61410.24409,1.027493216,16784.84509,0.098156541,128169
2015,ESP,82470,60822.89098,1.002633622,17493.75675,0.097196326,131383
2016,ESP,85254,61833.10909,0.985971746,18248.96808,0.094552257,135399
2017,ESP,87214,62692.69833,0.980299184,18730.34269,0.093550329,141019
2018,ESP,90588,64361.33706,0.98885884,19372.90895,0.092921462,145692
2019,ESP,97592,69775.87505,0.981034799,20549.65723,0.093934683,151540
2020,ESP,107230,76062.69803,0.9590504,22429.02442,0.091155731,165720
2021,ESP,115388,81580.37311,0.955877089,23395.37605,0.087787961,181300
2022,ESP,111901,77903.15901,0.943287983,22091.83597,0.088942579,182332
2023,ESP,110902,75554.39609,0.958418592,22493.6779,0.098224224,183252
2024,ESP,10519,7032.403408,0.833544933,2309.043557,0.997589315,33161
1990,EST,170,145.8725191,0.574453981,16.20585248,0.067132982,302
1991,EST,222,174.9666839,0.731968452,27.4000172,0.0587264,349
1992,EST,215,168.9766234,0.557340874,27.47662338,0.044431806,311
1993,EST,273,214.3953968,0.669487378,40.56206343,0.060118335,425
1994,EST,342,253.2816434,0.530097168,50.11497669,0.024841614,461
1995,EST,387,297.2770851,0.57214975,58.27708512,0.0363901,612
1996,EST,592,421.3105258,0.770550514,98.29147814,0.060979348,789
1997,EST,610,418.0285712,0.79151886,109.0214283,0.071008361,837
1998,EST,666,467.6860337,0.765611436,108.1527004,0.063129393,849
1999,EST,680,486.9498781,0.778049192,120.907021,0.061897901,964
2000,EST,649,459.896733,0.773307834,112.9836378,0.063413454,947
2001,EST,725,529.4728343,0.764370359,114.9395009,0.052856207,1093
2002,EST,744,527.70461,0.800801625,122.25461,0.075966131,1130
2003,EST,824,573.1386695,0.803056201,139.2470028,0.070495635,1201
2004,EST,943,650.1787675,0.89398369,173.5621009,0.064225229,1419
2005,EST,1080,742.7288863,0.97734714,201.520553,0.082622065,1501
2006,EST,1268,932.2028419,0.892723422,216.3056197,0.071533726,1823
2007,EST,1509,1101.729187,0.920070939,255.5125206,0.084865876,2148
2008,EST,1644,1183.67317,0.953042223,263.7469792,0.086542521,2316
2009,EST,1743,1242.511215,0.976447706,287.7612147,0.088438802,2346
2010,EST,2120,1481.369735,0.9312505,333.1614013,0.087774588,2819
2011,EST,2212,1489.646836,0.994667912,357.5039785,0.102242134,2890
2012,EST,2402,1575.754019,0.916547419,400.2015658,0.090374051,3061
2013,EST,2589,1635.515097,1.024910805,423.8127157,0.098448739,3261
2014,EST,2888,1867.802156,1.006619812,482.468823,0.092576276,3617
2015,EST,2833,1741.461164,1.030517061,471.1556081,0.09056029,3571
2016,EST,2988,1757.94364,1.002452698,551.7269732,0.096284869,3633
2017,EST,3151,1830.922267,0.965594331,555.0889337,0.097307982,3660
2018,EST,3273,1767.559521,1.036841983,598.1261872,0.110239891,3698
2019,EST,3730,1963.887423,1.06239398,730.1255182,0.106776976,3898
2020,EST,3916,2067.080535,1.001246051,753.5305352,0.097083632,4154
2021,EST,4330,2212.24984,1.034951788,838.733173,0.101931995,4431
2022,EST,4161,2130.82311,1.029842081,824.8397763,0.106735679,4473
2023,EST,4048,1995.180028,0.947954144,822.7855834,0.101812989,4465
2024,EST,343,151.9373364,0.590115755,69.93733637,0.997620915,680
1990,ETH,147,123.7039072,0.561247662,18.87057387,0.049850217,260
1991,ETH,160,129.9103175,0.391010951,20.66031746,0.019024113,223
1992,ETH,139,104.4672439,0.484083918,25.46724387,0.017549361,223
1993,ETH,186,141.0594489,0.490036468,30.05944888,0.031977399,270
1994,ETH,149,115.3115079,0.532650871,23.81150794,0.025486519,226
1995,ETH,186,140.7710317,0.58013436,30.02103175,0.032079562,279
1996,ETH,266,174.664917,0.591385139,54.24825036,0.039255437,333
1997,ETH,258,167.9863752,0.517872443,58.28637525,0.02179642,325
1998,ETH,245,155.565274,0.446523372,55.39860735,0.018814163,336
1999,ETH,276,188.1756979,0.478429662,53.05751612,0.016802385,405
2000,ETH,244,163.1639583,0.524374613,47.16395826,0.033105273,353
2001,ETH,252,173.2517026,0.420235021,48.75170261,0.014210249,405
2002,ETH,293,206.9795162,0.538038269,51.14618289,0.026375526,435
2003,ETH,353,209.5959997,0.588941319,91.42933308,0.023392758,476
2004,ETH,366,210.4313031,0.506303132,99.09796977,0.024144528,530
2005,ETH,411,226.5244239,0.528899459,105.6910905,0.033180075,573
2006,ETH,500,288.1611159,0.670222497,113.9111159,0.048862962,701
2007,ETH,595,348.2903438,0.721201483,133.4236771,0.061696606,810
2008,ETH,621,379.4981563,0.702391921,137.055732,0.049709114,893
2009,ETH,715,439.096998,0.83276615,159.2329629,0.063535683,1068
2010,ETH,814,488.9467075,0.758543,194.0252789,0.060292817,1123
2011,ETH,997,600.1581022,0.726760892,232.8671931,0.047656278,1489
2012,ETH,1205,764.4357581,0.669415728,253.2095676,0.038281353,1793
2013,ETH,1425,897.5152715,0.729400738,303.7319382,0.049707242,2200
2014,ETH,1758,1110.676668,0.725498073,354.4266684,0.046095557,2639
2015,ETH,1839,1110.175548,0.799836093,388.5088818,0.050076393,2891
2016,ETH,2079,1227.188152,0.888215376,450.1881519,0.071024794,3410
2017,ETH,2819,1712.210315,1.001430007,619.9388861,0.08357027,4593
2018,ETH,3501,2225.640504,0.919330938,693.2416947,0.068196825,5827
2019,ETH,4549,3006.934835,0.960102507,841.2700419,0.094467093,7252
2020,ETH,6441,4563.596049,0.88048881,1086.296049,0.072586859,10080
2021,ETH,8655,6035.52277,0.876971067,1466.174556,0.071659504,13261
2022,ETH,11222,7594.449775,0.747821326,1794.188141,0.053902776,16741
2023,ETH,10175,7144.093821,0.730996579,1726.843821,0.069024951,16980
2024,ETH,890,584.9912349,0.49711785,154.9912349,0.991167959,2366
2009,EUE,1,1,0,,0,2
2020,EUE,10,5.154684096,0.600907719,1.654684096,0.007185123,23
2021,EUE,7,2.912134862,0.093647874,0.912134862,0,11
2022,EUE,3,1.5,0.23164058,0.5,0,4
2023,EUE,10,3.077861953,1.479975063,1.077861953,0.180910707,23
1990,FIN,7233,6312.688046,1.439301711,669.946379,0.153541821,9297
1991,FIN,7268,6216.043349,1.556053972,780.9620357,0.162017847,9208
1992,FIN,7721,6480.882696,1.470359899,897.9138323,0.154680678,10527
1993,FIN,8250,6921.213341,1.437635849,925.7270526,0.149322117,10714
1994,FIN,8833,7362.961165,1.421147552,1033.418237,0.141444735,11451
1995,FIN,8753,7188.239855,1.404031346,1028.938231,0.146172479,11870
1996,FIN,10471,8156.674767,1.377743559,1413.083747,0.141545631,12929
1997,FIN,10804,8285.178947,1.365496635,1537.298771,0.1399839,13720
1998,FIN,11220,8463.56148,1.377285219,1656.526335,0.141424437,14293
1999,FIN,11193,8402.548906,1.355133411,1728.062583,0.139581522,14537
2000,FIN,12013,9140.998957,1.389978198,1865.622226,0.140576414,16001
2001,FIN,11914,9172.800089,1.404646028,1849.946722,0.141529079,16593
2002,FIN,11949,9195.139133,1.335864768,1939.433697,0.139270156,16648
2003,FIN,12748,9439.604762,1.255568067,2316.962178,0.129380612,16012
2004,FIN,13270,9853.56425,1.217300202,2354.151668,0.120712553,17056
2005,FIN,14023,10253.33251,1.231036305,2461.478278,0.123707121,17900
2006,FIN,14608,10585.154,1.253747629,2626.027874,0.130849931,18772
2007,FIN,14929,10511.64462,1.278225129,2798.850841,0.129381021,18850
2008,FIN,15426,10833.82714,1.283502826,2963.596046,0.129912842,19444
2009,FIN,16203,11329.82837,1.284301702,3100.449645,0.129702869,20625
2010,FIN,16598,11362.64779,1.319561717,3256.652696,0.137289224,20823
2011,FIN,17428,11845.5695,1.319971766,3416.649889,0.135975876,21859
2012,FIN,18119,12063.07277,1.312904939,3699.856556,0.13397898,22535
2013,FIN,18732,12295.57045,1.325318131,3942.061363,0.134966648,22899
2014,FIN,19366,12544.01683,1.383643524,4126.171801,0.138302523,23692
2015,FIN,19899,12494.51827,1.271245858,4255.810154,0.128788479,24287
2016,FIN,20504,12675.63874,1.26605065,4406.619731,0.128479338,24999
2017,FIN,20580,12524.62181,1.274771483,4638.628819,0.127250053,25080
2018,FIN,20997,12559.3468,1.230922295,4629.34222,0.125944567,25598
2019,FIN,22001,12814.5573,1.239131127,4880.543915,0.129476087,26071
2020,FIN,22661,12887.96579,1.215428514,5030.24055,0.127692695,26598
2021,FIN,23937,13304.99243,1.203620021,5226.54891,0.12453504,27949
2022,FIN,24057,13389.15719,1.219377088,5139.071308,0.124713539,28622
2023,FIN,23687,13223.04976,1.183872679,4986.848992,0.126463241,29085
2024,FIN,2259,1224.112495,1.048722082,533.6124949,0.998156364,5681
1990,FJI,23,17.09285714,0.983296548,4.092857143,0.146259925,28
1991,FJI,36,25.78333333,0.313012469,7.783333333,0.005540678,39
1992,FJI,30,22.23614719,0.772556353,4.236147186,0.053966184,42
1993,FJI,42,29.82222222,0.746184103,4.822222222,0.073770492,43
1994,FJI,30,22.40995671,0.346871009,4.90995671,0.012749435,36
1995,FJI,21,14.39358974,0.502330179,3.893589744,0.075264986,26
1996,FJI,33,19.80396825,0.583227941,5.970634921,0.025247465,34
1997,FJI,45,22.30578597,0.283046684,10.30578597,0.008966283,50
1998,FJI,48,27.72202381,0.562870994,9.22202381,0.077298005,47
1999,FJI,53,30.41697747,0.544845941,9.083644134,0.041221918,60
2000,FJI,60,39.48571429,0.385103257,9.152380952,0.048962856,68
2001,FJI,60,46.65555556,0.651729193,8.155555556,0.0797809,83
2002,FJI,66,48.91868687,0.387007848,9.061544012,0.021610205,77
2003,FJI,87,52.43164353,0.583239815,14.59831019,0.084094198,97
2004,FJI,112,74.13323668,0.535230976,22.63323668,0.024754346,121
2005,FJI,109,65.54850053,0.751540257,20.2151672,0.037129243,109
2006,FJI,152,96.72269993,0.70152992,30.72269993,0.022154646,152
2007,FJI,173,100.6453106,0.850544184,38.1953106,0.071504142,165
2008,FJI,136,79.13227987,0.854939287,29.96561321,0.082930575,152
2009,FJI,138,76.33989682,0.632936659,33.75656348,0.048663087,152
2010,FJI,147,82.99270119,0.71088315,28.92603452,0.058256447,160
2011,FJI,154,80.30766885,0.826606806,33.72433552,0.050310507,160
2012,FJI,173,86.36143266,0.670622932,35.73643266,0.052281111,165
2013,FJI,208,105.1450605,0.773367759,40.06172716,0.098717738,182
2014,FJI,257,148.7444675,1.137389118,52.57780079,0.156164301,281
2015,FJI,241,120.201166,0.847287299,47.70116599,0.077674799,242
2016,FJI,343,190.3626227,0.754969386,66.11262267,0.070153737,380
2017,FJI,335,170.8473925,0.862772326,75.09739254,0.074047558,378
2018,FJI,357,167.8815477,0.89907183,89.21488105,0.103100458,357
2019,FJI,388,178.9548223,0.90999765,88.12148899,0.087257575,403
2020,FJI,481,228.1181013,1.068960526,110.6181013,0.125676139,515
2021,FJI,511,235.4080965,0.99935315,109.5747632,0.132502019,563
2022,FJI,522,247.4679085,0.997459798,126.2179085,0.102450089,561
2023,FJI,471,218.0147618,0.953792039,119.0147618,0.105713508,568
2024,FJI,45,20.96496313,0.895367579,10.96496313,1,77
1991,FLK,1,0.166666667,0.099289089,0.166666667,0,1
1992,FLK,1,0.5,0.531816757,0.5,0,1
1994,FLK,2,1.5,0,0.5,0,7
1995,FLK,2,2,0.784192901,,0,6
1996,FLK,1,0.285714286,0.82819811,0.285714286,0,2
1997,FLK,3,0.777777778,1.032639631,0.777777778,0,4
1998,FLK,8,3.433333333,0.860352761,1.433333333,0.029126214,9
1999,FLK,9,3.575,0.828649605,2.575,0,8
2000,FLK,9,4.533333333,0.939420311,1.533333333,0,6
2001,FLK,6,5.5,0.718634534,,0,15
2002,FLK,18,13,0.948350932,2.166666667,0.102564103,20
2003,FLK,24,13.87216117,1.499575939,4.872161172,0.067281033,32
2004,FLK,19,11.10119048,1.158997858,4.101190476,0.112600536,23
2005,FLK,28,16.58821734,0.583166116,6.588217338,0,33
2006,FLK,17,9.528246753,1.024730855,4.528246753,0.098749446,19
2007,FLK,32,13.88414502,0.802493406,9.884145022,0.072024601,24
2008,FLK,16,7.188888889,0.834141358,4.188888889,0.086553323,18
2009,FLK,15,7.861111111,0.466297501,2.861111111,0.00908632,17
2010,FLK,20,10.91590909,0.664568258,3.915909091,0,22
2011,FLK,18,7.67320545,0.468344407,3.67320545,0.019333726,14
2012,FLK,27,13.14289923,0.829775789,5.14289923,0.009735,20
2013,FLK,24,13.60205628,0.743635419,5.602056277,0.003675915,23
2014,FLK,14,6.683333333,0.585448261,3.683333333,0.029925187,17
2015,FLK,28,10.24051725,0.937835259,6.240517251,0.138095698,34
2016,FLK,24,7.353742091,0.841436406,6.353742091,0.024698164,17
2017,FLK,20,8.042532468,0.792848792,6.042532468,0.013815438,28
2018,FLK,32,9.146941516,0.676750736,6.146941516,0.043515879,29
2019,FLK,31,8.723229161,0.669813609,7.723229161,0.019589773,28
2020,FLK,22,6.987338847,0.718747723,4.987338847,0.036753921,32
2021,FLK,43,11.29791708,1.275542715,9.297917083,0.12955794,46
2022,FLK,24,7.005855184,0.804699151,7.005855184,0.02392499,28
2023,FLK,33,7.790935511,1.09006391,5.790935511,0.161290722,30
2024,FLK,1,0.066666667,0,0.066666667,1,2
1990,FRA,37340,33980.78853,0.91497954,3375.078394,0.085103153,64841
1991,FRA,37959,34087.46173,0.925970332,3942.725179,0.087817065,66047
1992,FRA,39476,35108.33484,0.93853551,4598.045345,0.085603241,69816
1993,FRA,42526,37812.19057,0.982617868,4927.850311,0.092150773,75805
1994,FRA,45801,40454.17869,0.983907468,5591.024902,0.092116256,81460
1995,FRA,46375,40527.95662,1.011429211,6178.941374,0.094716461,82179
1996,FRA,56103,47019.74731,1.070668318,8961.23011,0.104793759,89028
1997,FRA,59876,49949.26726,1.045982106,9935.592503,0.102093139,94307
1998,FRA,60811,50547.54821,1.045374487,10457.6977,0.101344191,95630
1999,FRA,60876,50263.75483,1.028714863,10680.93132,0.099533228,95151
2000,FRA,61616,50760.93733,1.056345753,11230.90656,0.103721205,97744
2001,FRA,62347,51911.60559,1.064520267,11064.50575,0.109342441,101588
2002,FRA,64909,53366.13932,1.066086068,12156.42418,0.106301417,104782
2003,FRA,69757,55125.62104,1.033702438,14724.57219,0.10275164,102374
2004,FRA,73071,57453.70124,1.040709872,15964.98306,0.104057578,108883
2005,FRA,79784,62355.0377,1.10373303,18064.55786,0.112630034,116252
2006,FRA,84332,65915.55556,1.097467029,19449.18664,0.110169567,122799
2007,FRA,86642,67273.68996,1.106436667,20549.37875,0.112489797,125661
2008,FRA,91209,70831.01633,1.119070162,22160.15796,0.11405532,132208
2009,FRA,96142,74304.83746,1.117238517,23984.30148,0.114543719,138647
2010,FRA,98405,75603.61315,1.135019683,24674.38288,0.115341358,142095
2011,FRA,102427,78369.61564,1.157116447,26163.55853,0.119591114,148920
2012,FRA,106329,80579.55636,1.125109471,27695.29525,0.114853742,154578
2013,FRA,109915,82697.4583,1.129148317,29236.88812,0.113137499,158846
2014,FRA,111179,82792.19375,1.08704175,30385.0995,0.108982878,165335
2015,FRA,112289,82706.55881,1.067179367,31477.32247,0.106864622,167683
2016,FRA,114436,83149.15986,1.050718025,32515.36917,0.105052555,172332
2017,FRA,114985,82419.16453,1.005865716,33102.94544,0.096748431,174604
2018,FRA,114297,80459.59876,1.019116194,33199.11566,0.094612761,175214
2019,FRA,114301,79546.32249,1.00395782,33388.10606,0.093254501,174176
2020,FRA,116493,79659.25206,0.992674738,34092.72657,0.092748371,179716
2021,FRA,120512,81977.77734,1.022201894,34716.05278,0.09021135,187914
2022,FRA,115986,78521.70764,0.954992128,32675.14541,0.087967033,185775
2023,FRA,110543,73545.21992,0.950301889,31421.29653,0.093885335,180002
2024,FRA,10257,6593.23074,0.985755991,3057.58977,0.995893008,31784
1990,FRO,4,2.291666667,0.672290756,0.291666667,0,10
1991,FRO,1,0.428571429,0.796071994,0.428571429,0,3
1992,FRO,2,1.066666667,0.712257887,1.066666667,0,4
1993,FRO,4,2.333333333,0.441685043,0.833333333,0,6
1994,FRO,7,3.661111111,0.706658927,1.161111111,0.068285281,11
1995,FRO,7,4.533333333,0.492021351,1.533333333,0,10
1996,FRO,8,3.622222222,1.323493832,1.622222222,0.088957055,9
1997,FRO,6,2.75,1.655954249,1.75,0.363636364,8
1998,FRO,14,4.879004329,0.978307399,2.879004329,0.077192671,17
1999,FRO,12,5.716832187,0.985104917,1.716832187,0.075534521,13
2000,FRO,10,6.477380952,1.209340623,1.477380952,0.077191693,14
2001,FRO,10,2.974955437,2.654622586,2.974955437,0.367446598,10
2002,FRO,12,6.385714286,0.868835102,1.385714286,0.041946309,19
2003,FRO,11,5.061507937,1.493752029,4.061507937,0.184633477,15
2004,FRO,20,6.342099567,1.067367853,4.842099567,0.074088611,20
2005,FRO,29,9.535008048,1.546689092,5.535008048,0.170404962,26
2006,FRO,17,4.304365079,0.948633932,3.304365079,0.029040288,16
2007,FRO,19,7.9232665,1.37922837,3.9232665,0.084472515,20
2008,FRO,33,10.4675597,0.911759092,6.467559701,0.0151287,22
2009,FRO,21,12.4224359,0.713284272,4.922435897,0.078951442,28
2010,FRO,43,20.28333652,0.701396717,8.283336516,0.056411485,54
2011,FRO,37,15.75731954,0.677405093,5.757319537,0.02311576,38
2012,FRO,50,16.16926107,1.026695537,8.169261071,0.045077581,51
2013,FRO,39,13.49624124,0.682405774,8.496241239,0.005965757,46
2014,FRO,56,14.63793163,1.156458008,11.63793163,0.101762175,48
2015,FRO,68,20.79467144,0.841020184,13.29467144,0.053185471,66
2016,FRO,78,24.74777407,1.170751011,18.24777407,0.142627947,79
2017,FRO,88,27.18720629,0.993612327,19.18720629,0.084275035,78
2018,FRO,105,31.79800914,1.185107758,23.46467581,0.165573776,90
2019,FRO,120,39.14280106,0.834442502,27.14280106,0.076800798,111
2020,FRO,77,24.12782493,0.794412546,15.12782493,0.117417264,67
2021,FRO,118,38.97856741,1.265469223,27.97856741,0.110413746,104
2022,FRO,167,56.23892469,1.031283344,38.23892469,0.13157612,152
2023,FRO,129,43.19064554,1.032163853,32.85731221,0.073066034,114
2024,FRO,6,1.858333333,3.996305304,1.858333333,1,7
1991,FSM,1,1,0,,0,1
1992,FSM,1,1,0,,0,3
1993,FSM,3,3,0.197049652,,0,3
1994,FSM,2,2,0.169590181,,0,1
1995,FSM,5,4,0.472431677,1,0,2
1996,FSM,3,1.5625,0.648866102,0.0625,0.04,3
1998,FSM,9,5.308441558,0.248141737,0.808441558,0,8
1999,FSM,5,2.833333333,0.19015071,0.833333333,0,6
2000,FSM,6,4.257575758,0.271006636,0.257575758,0,6
2001,FSM,4,1.333333333,0.382125896,1.333333333,0,4
2003,FSM,9,2.092857143,0.750579393,2.092857143,0.068259386,9
2004,FSM,9,2.483333333,0.882921489,2.483333333,0.151006711,12
2005,FSM,16,7.269047619,0.157948029,3.269047619,0,39
2006,FSM,10,2.161111111,1.08867907,1.661111111,0.115681234,9
2007,FSM,19,6.744426407,0.606887736,2.36482684,0,15
2008,FSM,10,4.363095238,0.488937405,2.363095238,0.032742156,12
2009,FSM,10,2.658183711,0.919716862,1.658183711,0.137938798,18
2010,FSM,26,13.31958181,0.216346689,2.560057998,0,21
2011,FSM,8,4.943589744,0.181500013,0.743589744,0,7
2012,FSM,10,3.986904762,0.45466868,1.986904762,0,9
2013,FSM,13,5.355409357,0.524589323,3.355409357,0,20
2014,FSM,14,3.143543196,2.857238028,3.143543196,0.310308755,26
2015,FSM,15,6.491938179,0.646174352,2.491938179,0.111474292,32
2016,FSM,20,3.906004329,0.815960183,2.906004329,0.011271728,29
2017,FSM,28,5.929500446,0.770717298,5.929500446,0.002748458,31
2018,FSM,25,4.785856101,1.076050189,2.785856101,0.059231858,20
2019,FSM,13,3.085551514,0.544617702,2.085551514,0.003151963,14
2020,FSM,33,8.114924348,0.502667129,4.614924348,0.012442563,21
2021,FSM,19,2.234462911,0.335841752,2.234462911,0.006681775,14
2022,FSM,17,2.567405883,0.727603674,1.567405883,0.045758223,20
2023,FSM,16,3.91376834,0.707839615,2.91376834,0.042584704,20
2024,FSM,2,0.65,0,0.65,1,3
1990,GAB,36,30.31904762,0.306079418,3.985714286,0.016020104,81
1991,GAB,47,36.9764652,0.529061274,6.976465201,0.08980071,113
1992,GAB,34,26.59215686,0.284353492,3.592156863,0,86
1993,GAB,30,22.31033868,0.461833194,4.310338681,0.023553663,70
1994,GAB,34,24.79784284,0.482109462,4.131176177,0.019646043,87
1995,GAB,34,21.97484737,0.490758491,5.474847375,0.015168858,75
1996,GAB,46,20.95810301,1.395340592,14.45810301,0.078728499,92
1997,GAB,56,27.82300339,0.856725605,16.28967005,0.060124837,102
1998,GAB,67,31.13403873,0.908034021,19.13403873,0.046071239,117
1999,GAB,66,37.16791819,0.759499958,17.16791819,0.070966253,110
2000,GAB,48,23.09256256,1.132165219,11.46756256,0.103906895,108
2001,GAB,53,28.80707684,0.494620795,15.30707684,0.018461373,105
2002,GAB,58,26.50839455,1.161968579,15.30839455,0.067020681,92
2003,GAB,64,26.7255247,1.076680115,20.39219137,0.054404146,145
2004,GAB,86,35.53298783,1.030616981,23.1996545,0.087340697,135
2005,GAB,104,45.78361384,0.870205867,29.9502805,0.05969485,181
2006,GAB,108,39.21501219,0.867507882,30.21501219,0.101238212,165
2007,GAB,86,32.22513936,1.018153874,24.22513936,0.094002624,178
2008,GAB,99,36.87813617,0.709836369,26.37813617,0.05996148,175
2009,GAB,116,48.10290771,0.720394428,26.60290771,0.073546959,226
2010,GAB,100,37.58643487,0.64970175,23.25310154,0.059743702,180
2011,GAB,144,54.36234832,0.772030194,30.68615785,0.063454425,274
2012,GAB,125,47.78940873,0.761981848,32.97988492,0.069628474,231
2013,GAB,155,53.02549316,0.603285573,32.52549316,0.047746986,246
2014,GAB,179,54.69880851,0.96626467,35.44880851,0.069275969,298
2015,GAB,177,57.39728641,0.692365105,33.89728641,0.046373218,338
2016,GAB,172,55.63781458,0.760783821,38.63781458,0.050289572,323
2017,GAB,178,60.03486423,0.586857839,38.53486423,0.030846997,375
2018,GAB,183,58.92877546,0.750522498,40.92877546,0.065274861,357
2019,GAB,198,71.41623928,0.488675602,42.71623928,0.03132616,391
2020,GAB,188,62.88724523,0.517039025,35.88724523,0.030301524,368
2021,GAB,271,86.43872794,0.541436064,58.93872794,0.031313188,525
2022,GAB,314,99.1036547,0.534439699,56.8536547,0.029431683,601
2023,GAB,255,86.46459356,0.486750247,48.38126022,0.046718836,503
2024,GAB,25,10.69294678,0.919764083,4.692946783,1,79
1990,GBR,61604,56146.75255,1.352878745,4299.284548,0.138080634,81840
1991,GBR,63726,57486.31196,1.317990968,4955.12304,0.135161639,85628
1992,GBR,66406,59344.79195,1.299815794,5558.022897,0.134972055,89801
1993,GBR,70552,63174.10633,1.279639268,5877.531542,0.131122326,95911
1994,GBR,76292,67993.66766,1.261580129,6449.892045,0.130511086,104397
1995,GBR,79417,70332.8867,1.239662687,7080.046302,0.128510805,107863
1996,GBR,90304,75483.16879,1.264396989,10724.24107,0.132899026,112887
1997,GBR,93684,78093.4603,1.263719255,11187.09571,0.132008212,116971
1998,GBR,95424,78756.15516,1.2478585,11626.6342,0.131811657,120224
1999,GBR,93563,76415.84576,1.253493871,11715.11245,0.132266779,119682
2000,GBR,100235,82411.43324,1.268816911,12415.32082,0.133134156,130593
2001,GBR,95563,78625.9808,1.289096831,11921.05669,0.141915406,129348
2002,GBR,98909,80309.4321,1.334348455,12950.54304,0.144059779,133979
2003,GBR,104739,81452.01205,1.314673274,15984.65213,0.141474369,131373
2004,GBR,111753,86054.73628,1.31694843,17542.91498,0.140863445,138702
2005,GBR,120813,91716.67771,1.327068696,19258.19069,0.143407156,147784
2006,GBR,127788,96214.75395,1.324774914,20489.17496,0.141207679,153667
2007,GBR,133009,98848.38172,1.331703391,21675.44167,0.142260116,160536
2008,GBR,134825,98701.23751,1.334208928,22687.36159,0.14373581,164574
2009,GBR,140029,101702.1811,1.327871795,24175.3116,0.142661129,172707
2010,GBR,143154,102696.7537,1.335090047,25303.17274,0.143589225,177151
2011,GBR,148806,105479.2599,1.352189731,26890.69163,0.146509627,182932
2012,GBR,154528,107884.9648,1.367098494,28570.81444,0.144904657,192140
2013,GBR,161817,110818.0595,1.368403402,30802.71643,0.14732821,200305
2014,GBR,164652,109823.8453,1.366109726,32198.68554,0.148437175,206523
2015,GBR,171352,111813.4746,1.35675353,34152.09754,0.149763492,214101
2016,GBR,176487,112721.5273,1.373059339,35795.75707,0.150930064,223557
2017,GBR,181688,113528.9227,1.337886577,37622.28763,0.145632267,230032
2018,GBR,187258,114471.7756,1.323855216,39643.72552,0.142240137,236859
2019,GBR,192860,115919.1392,1.3217269,41173.51015,0.141665932,244871
2020,GBR,201968,117652.6613,1.318512699,43641.5244,0.1382197,256883
2021,GBR,216444,123186.5629,1.338329015,46869.99094,0.135976598,278182
2022,GBR,209595,116470.09,1.292643921,44785.82218,0.132813261,272406
2023,GBR,207952,113696.6364,1.262600625,44404.36306,0.131260814,269439
2024,GBR,19884,10216.45555,1.244218305,4328.218563,0.994967965,46490
1990,GEO,166,123.3218974,0.543051516,18.38856402,0.063651793,364
1991,GEO,175,131.2100607,0.442315594,21.56006067,0.044584996,330
1992,GEO,208,144.3711059,0.490732373,37.53777259,0.03983564,419
1993,GEO,229,163.5508082,0.648069975,34.55080821,0.053755484,429
1994,GEO,235,190.4472222,0.462287245,22.36388887,0.022881529,343
1995,GEO,232,172.6404721,0.883350696,31.80713876,0.093627878,392
1996,GEO,298,224.5169843,0.396732956,34.51698431,0.026275984,450
1997,GEO,346,275.2718612,0.38050964,49.02186118,0.031570259,546
1998,GEO,335,247.1570646,0.333619129,51.68563604,0.021488956,486
1999,GEO,358,255.0798028,0.360202334,53.59646949,0.025980125,547
2000,GEO,382,282.4109415,0.555175281,60.56094154,0.042677637,575
2001,GEO,394,266.24318,0.404220613,70.40984665,0.033440378,566
2002,GEO,382,261.5962623,0.437519452,63.24626226,0.02200319,573
2003,GEO,391,261.0350408,0.398971712,64.03504078,0.022247616,528
2004,GEO,490,323.3379755,0.397596439,93.12130888,0.023342646,649
2005,GEO,633,446.3247811,0.302214528,95.56922557,0.020687582,1026
2006,GEO,649,460.2571783,0.339052229,108.423845,0.020264494,1041
2007,GEO,551,368.6356322,0.423336645,91.9356322,0.033684222,885
2008,GEO,630,434.4669555,0.381016292,102.6336222,0.024092706,994
2009,GEO,717,492.6501281,0.398851717,120.9834615,0.017581085,1163
2010,GEO,654,383.1275239,0.444363553,123.9513334,0.028463989,963
2011,GEO,908,505.768395,0.405595859,127.4453791,0.018470028,1200
2012,GEO,949,483.5411065,0.424544323,113.7577732,0.023048309,1203
2013,GEO,919,516.8874962,0.429144792,129.3208296,0.027972253,1169
2014,GEO,922,521.2656516,0.401293069,131.7989849,0.021820673,1341
2015,GEO,1051,555.0411789,0.417709344,153.2078456,0.018197349,1586
2016,GEO,1232,666.7801889,0.362151048,162.6690778,0.025356288,1749
2017,GEO,1224,631.9153172,0.505168953,187.9486505,0.046535402,1732
2018,GEO,1446,695.6044681,0.525062237,219.2044681,0.040649359,1965
2019,GEO,1652,822.7763674,0.495632164,264.5287484,0.045295647,2117
2020,GEO,1659,794.210481,0.553220284,276.7259572,0.051177495,2263
2021,GEO,1764,871.4437173,0.587250409,285.2363099,0.051555058,2316
2022,GEO,1649,755.719141,0.582924512,287.169141,0.050223351,2249
2023,GEO,1747,771.1083009,0.656802715,278.6142533,0.069627119,2205
2024,GEO,107,37.67464546,0.543656562,23.34131213,1,184
1990,GHA,89,73.49861111,0.643749364,9.498611111,0.059411554,137
1991,GHA,102,81.96991342,0.730700263,10.96991342,0.104234827,147
1992,GHA,122,92.8922619,0.274963777,14.1922619,0.003332073,168
1993,GHA,117,83.98167388,0.607488292,16.98167388,0.061076336,181
1994,GHA,142,111.4823745,0.492391799,24.48237449,0.033338603,228
1995,GHA,145,110.200759,0.484742817,20.07575896,0.024669013,211
1996,GHA,206,142.5548355,0.546981305,36.10483554,0.027917774,304
1997,GHA,227,153.6348817,0.437070138,45.15869123,0.029105165,329
1998,GHA,215,140.459386,0.453525344,45.20938605,0.021350397,329
1999,GHA,229,143.4144996,0.566327729,50.68354725,0.045921536,335
2000,GHA,224,146.7758519,0.484308881,49.19251859,0.017770861,328
2001,GHA,211,139.9485845,0.675147367,44.36525119,0.044744324,373
2002,GHA,230,168.5200122,0.438412096,44.27001218,0.029906364,356
2003,GHA,260,160.8060987,0.564634619,55.80609869,0.0421058,407
2004,GHA,317,194.6333659,0.580044013,67.38336589,0.056116955,500
2005,GHA,352,202.1620058,0.740565069,77.8786725,0.06326122,538
2006,GHA,384,222.6573545,0.658500882,91.82402116,0.049307013,566
2007,GHA,529,321.2749345,0.636386728,123.5249345,0.048322223,770
2008,GHA,574,345.7633247,0.734492932,135.7633247,0.063944623,882
2009,GHA,675,414.8585166,0.648446888,135.4668499,0.052417394,1003
2010,GHA,755,470.0725435,0.710486674,161.2392102,0.05061782,1221
2011,GHA,956,600.7303027,0.607560961,193.4128423,0.034467409,1518
2012,GHA,1084,662.637552,0.718364644,224.308248,0.060508885,1777
2013,GHA,1190,716.5381675,0.713649366,255.2437231,0.04243816,1929
2014,GHA,1414,815.7995229,0.7243889,319.4899991,0.053027734,2331
2015,GHA,1652,966.5713439,0.762390061,371.5713439,0.064075757,2659
2016,GHA,2088,1239.246547,0.768310906,457.7215469,0.061124546,3328
2017,GHA,2358,1397.024087,0.836632446,534.218531,0.067998242,3568
2018,GHA,2872,1661.53458,0.863343407,647.8411455,0.074217144,4228
2019,GHA,3462,2056.41085,0.932314647,801.1850928,0.08632092,5323
2020,GHA,4223,2536.502484,0.860676903,966.0669072,0.08028827,6402
2021,GHA,5074,3024.235666,0.837564355,1176.352332,0.069323242,7586
2022,GHA,6094,3551.926968,0.918379707,1416.544428,0.086046239,8897
2023,GHA,6360,3960.60697,0.833067252,1478.945859,0.086574219,10086
2024,GHA,573,349.6765805,0.378976124,135.6765805,0.99498785,1595
1992,GIB,2,2,0.479137932,,0,3
1995,GIB,1,1,0,,0,1
1998,GIB,2,2,0.266776298,,0,9
1999,GIB,1,0.125,12.80871161,0.125,1,1
2000,GIB,1,1,0,,0,3
2001,GIB,2,2,0.401376928,,0,1
2002,GIB,3,1.833333333,1.427361281,0.833333333,0,10
2003,GIB,5,2.404761905,0.063328583,1.404761905,0,5
2004,GIB,4,1.7,0.308100589,0.7,0,5
2005,GIB,3,1.6,1.176114349,0.1,0,5
2006,GIB,9,3.285353535,0.716679161,2.285353535,0.033820138,15
2007,GIB,12,7.801470588,0.479869358,1.801470588,0.03864279,15
2008,GIB,10,3.350108225,2.488218238,1.850108225,0.369568729,7
2009,GIB,6,1.85,0.941610252,1.85,0,7
2010,GIB,3,1.083333333,2.606810477,1.083333333,0.538461538,8
2011,GIB,11,4.381958238,1.33008756,3.381958238,0.061628491,11
2012,GIB,8,3.002667431,1.327874508,2.002667431,0.097952122,10
2013,GIB,15,4.68308865,1.275314656,3.18308865,0.122521979,11
2014,GIB,12,3.571425796,2.798390153,2.571425796,0.282888332,10
2015,GIB,20,10.91884241,0.848447243,1.918842407,0.034289163,18
2016,GIB,13,6.228610279,1.023660571,4.228610279,0.0718944,24
2017,GIB,5,2.151136364,0.546311651,1.151136364,0.046487058,12
2018,GIB,12,5.009179198,0.727772435,2.009179198,0.112293847,11
2019,GIB,10,2.070493143,1.398586042,2.070493143,0.327693483,12
2020,GIB,15,3.808170334,1.381914491,3.141503668,0.311829539,18
2021,GIB,56,16.12035873,0.704586104,11.12035873,0.010047593,44
2022,GIB,76,13.03901833,1.027973164,8.705685001,0.093255413,37
2023,GIB,80,11.14708959,1.03017519,11.14708959,0.117915409,31
2024,GIB,5,0.397854225,0,0.397854225,1,4
1990,GIN,17,13.74404762,0.121543706,1.244047619,0,31
1991,GIN,17,12.20833333,0.703231358,3.208333333,0.071672355,37
1992,GIN,11,7.269047619,0.086204322,1.269047619,0,18
1993,GIN,11,9.333333333,0.17047272,1.333333333,0,35
1994,GIN,9,4.602380952,0.684681449,2.602380952,0,25
1995,GIN,18,10.40238095,0.308976595,3.402380952,0,47
1996,GIN,14,7.452319902,0.471774874,4.452319902,0,36
1997,GIN,9,4.236335404,0.883518667,2.236335404,0.191090585,18
1998,GIN,11,5.419047619,0.583019935,3.419047619,0,32
1999,GIN,11,4.813095238,0.522720414,1.813095238,0,12
2000,GIN,5,2.444755245,0.272022975,0.444755245,0,18
2001,GIN,24,13.39090909,0.400855351,4.390909091,0.018669382,50
2002,GIN,21,10.95681818,0.279880738,2.956818182,0,39
2003,GIN,11,5.078611971,0.247991425,2.078611971,0,25
2004,GIN,23,11.67809782,0.252391297,5.74952639,0.005351899,57
2005,GIN,18,6.537348273,0.92957556,3.537348273,0.04370492,41
2006,GIN,40,17.85447726,0.528910473,11.85447726,0.065350127,99
2007,GIN,32,13.42569664,0.513840093,7.592363308,0.018558938,87
2008,GIN,37,12.33547616,0.574711368,7.668809493,0.050243721,66
2009,GIN,31,9.932927854,0.67304437,6.932927854,0.032339754,65
2010,GIN,30,10.22132812,0.595390541,5.221328116,0.032611548,69
2011,GIN,34,9.577957103,0.535159687,8.43509996,0.063276605,66
2012,GIN,40,11.14437606,0.470100703,8.977709397,0.017787039,84
2013,GIN,40,9.98272464,0.862398797,7.98272464,0.143852039,76
2014,GIN,59,20.98713509,2.541042931,10.87602398,0.097368523,150
2015,GIN,97,27.35688287,1.553105561,20.35688287,0.139637864,203
2016,GIN,112,32.58106645,0.831508121,27.58106645,0.060609528,244
2017,GIN,131,31.17686738,1.087185803,23.17686738,0.1542634,225
2018,GIN,94,26.31438059,0.735026233,22.31438059,0.063027846,194
2019,GIN,122,35.22073858,0.800779273,27.22073858,0.035599782,249
2020,GIN,140,46.99372748,0.45153069,35.90281839,0.017331877,292
2021,GIN,176,58.94053784,0.532346479,44.16276007,0.020263418,415
2022,GIN,165,49.03255227,0.705098466,40.03255227,0.069119671,305
2023,GIN,158,47.559966,0.319885531,36.559966,0.017160204,353
2024,GIN,8,3.555216567,0,3.555216567,1,35
1990,GLP,6,4.585714286,0.857355987,0.585714286,0.280373832,23
1991,GLP,7,4.95,0.283286883,0.95,0,23
1992,GLP,8,4.775,0.259422249,0.775,0.052356021,28
1993,GLP,13,7.678226363,0.3554046,1.678226363,0.018560546,31
1994,GLP,15,11.43614719,0.673987603,2.436147186,0,38
1995,GLP,18,13.63033217,0.869726479,0.630332168,0,56
1996,GLP,46,27.74322899,0.800155801,12.74322899,0.060948532,77
1997,GLP,34,20.58928571,0.738953051,7.589285714,0.064758601,62
1998,GLP,31,20.50162338,0.491941721,6.301623377,0.014189564,60
1999,GLP,35,21.21303419,0.426997544,5.513034188,0.056659649,75
2000,GLP,39,25.72142857,0.539445567,4.578571429,0.001943904,64
2001,GLP,21,14.38600427,1.93895512,1.386004274,0.208536015,63
2002,GLP,30,16.08620401,0.736380742,7.086204013,0.112491245,53
2003,GLP,29,15.25889276,0.492906757,6.508892757,0.036106381,54
2004,GLP,29,13.46698477,0.814894513,6.46698477,0.113505098,64
2005,GLP,32,12.95275373,0.543886423,11.95275373,0,54
2006,GLP,46,20.62973862,0.613570212,12.62973862,0.034935347,78
2007,GLP,43,15.35522195,0.543145613,10.68855528,0.051169191,58
2008,GLP,45,17.2472687,0.673781858,10.7472687,0.066556432,69
2009,GLP,71,36.1346432,0.404415331,13.60130986,0.038355572,103
2010,GLP,48,19.38273621,0.523547604,10.88273621,0.019422444,82
2011,GLP,47,17.25698829,0.343854544,12.25698829,0.009657923,95
2012,GLP,61,23.35107935,0.969276593,12.35107935,0.052044469,97
2013,GLP,78,24.5136074,0.504632826,15.2636074,0.046464713,113
2014,GLP,98,39.09242756,0.589606096,22.09242756,0.019090714,156
2015,GLP,70,25.21749943,0.588191144,11.21749943,0.003557456,111
2016,GLP,72,18.72447405,2.272053749,11.72447405,0.11412362,121
2017,GLP,66,17.56673782,0.817408331,11.56673782,0.044169327,108
2018,GLP,65,16.99792272,0.626444632,9.997922721,0.026819799,112
2019,GLP,64,13.60528495,0.964498272,10.60528495,0.092529805,76
2020,GLP,80,15.50343824,0.464143715,10.50343824,0.024606435,112
2021,GLP,93,19.28734234,0.535749799,11.28734234,0.049143709,139
2022,GLP,130,24.71399853,0.588865429,16.8806652,0.047101983,162
2023,GLP,101,15.25198281,0.628429473,15.25198281,0.042831536,130
2024,GLP,8,1.155069579,0,1.155069579,1,19
1990,GMB,44,28.91111111,4.102243356,7.911111111,0.342236741,84
1991,GMB,55,32.51338523,2.518636939,15.51338523,0.260239737,78
1992,GMB,55,29.97611185,1.527142267,15.47611185,0.187547928,108
1993,GMB,42,22.32901151,1.444638504,11.32901151,0.131464659,85
1994,GMB,47,30.60149308,1.401545304,12.60149308,0.106660883,104
1995,GMB,54,30.69187286,2.305697557,17.35853953,0.221083006,130
1996,GMB,66,34.78867152,1.704822572,18.70533819,0.199418579,108
1997,GMB,65,30.96040846,2.714929932,20.80564656,0.2759802,97
1998,GMB,66,31.30327761,2.767024816,25.96042047,0.255960387,92
1999,GMB,70,31.32381781,1.409343047,21.19881781,0.155613743,128
2000,GMB,62,27.43481724,1.57304776,18.97767439,0.14801443,91
2001,GMB,67,34.18643342,1.452394134,19.35310009,0.162215306,103
2002,GMB,58,24.82779919,1.327477407,14.57779919,0.173021078,103
2003,GMB,78,29.37232254,1.149579216,22.87232254,0.089502127,136
2004,GMB,80,35.57015146,1.648572841,26.07015146,0.127043712,134
2005,GMB,84,34.48630551,2.850189183,28.81963884,0.139718509,152
2006,GMB,104,40.23316106,1.3878741,31.64982773,0.149842181,168
2007,GMB,94,36.0553489,1.649567679,21.0553489,0.117971545,146
2008,GMB,107,39.70403113,2.474096931,31.53736446,0.213171098,186
2009,GMB,110,37.02049374,1.151897053,28.35382708,0.124113548,153
2010,GMB,115,42.94269043,1.331721838,34.94269043,0.155011374,175
2011,GMB,93,32.36064485,1.627699407,29.07731151,0.172945169,156
2012,GMB,124,35.98978058,1.170953575,32.28978058,0.092469587,176
2013,GMB,143,45.79086311,1.36093729,35.79086311,0.066228376,227
2014,GMB,150,44.7021103,1.114746105,38.53544363,0.108853101,217
2015,GMB,166,41.39206877,1.328602747,37.72540211,0.140995645,232
2016,GMB,173,50.02463378,1.449355407,42.02463378,0.137620324,337
2017,GMB,166,47.47637888,1.106351038,38.80971222,0.095285875,285
2018,GMB,133,29.17263813,1.087943034,23.67263813,0.14914626,200
2019,GMB,155,36.36730592,0.83165675,30.36730592,0.06941273,244
2020,GMB,176,44.84368861,0.631920737,30.84368861,0.048058984,250
2021,GMB,236,59.36214034,0.611729258,47.36214034,0.025568376,352
2022,GMB,249,63.8604215,0.907823559,51.3604215,0.101316394,400
2023,GMB,253,55.4919505,1.344028179,45.4919505,0.145442441,366
2024,GMB,15,2.750980851,2.603097088,2.750980851,1,21
1990,GNB,8,2.343290043,1.707021149,1.343290043,0.345464622,13
1991,GNB,6,2.971929825,0.720366197,0.971929825,0.16824085,21
1992,GNB,7,1.3500111,1.572746724,1.3500111,0.139283439,9
1993,GNB,9,2.688095238,1.996482998,2.688095238,0.376439327,9
1994,GNB,8,2.355194805,0.823455642,1.355194805,0.084918666,17
1995,GNB,2,1.111111111,0.031715315,0.111111111,0,3
1996,GNB,11,1.832393484,2.248683933,1.832393484,0.175414601,10
1997,GNB,12,3.385098901,1.19006858,3.385098901,0.086697101,22
1998,GNB,8,2.102855478,0.719504573,2.102855478,0,15
1999,GNB,16,4.94177832,0.923766943,4.94177832,0.014454022,33
2000,GNB,5,1.440025253,1.355000687,1.440025253,0.13020605,14
2001,GNB,8,2.2375,1.035002379,1.7375,0.148975791,14
2002,GNB,14,4.001284264,1.014221593,4.001284264,0.102598638,32
2003,GNB,19,5.920543337,1.612955258,5.920543337,0.180039451,34
2004,GNB,22,9.034672848,1.257032601,6.034672848,0.050730485,39
2005,GNB,24,6.470716281,1.065601077,6.470716281,0.054089839,41
2006,GNB,12,5.105310187,0.826733839,5.105310187,0.051545917,30
2007,GNB,25,8.729093703,0.91988771,7.229093703,0.01603832,43
2008,GNB,18,3.638544185,1.174333588,3.638544185,0.132552502,30
2009,GNB,18,6.349965385,2.085689413,5.349965385,0.209974898,46
2010,GNB,17,4.394093007,2.339469617,4.394093007,0.296117899,39
2011,GNB,25,6.931894782,1.211738158,6.931894782,0.073421687,46
2012,GNB,33,10.05666983,1.742701186,8.05666983,0.159756428,62
2013,GNB,34,8.470526159,0.880155394,8.470526159,0.086574709,71
2014,GNB,52,11.93982369,1.569802532,11.60649036,0.192913774,76
2015,GNB,31,6.87104746,1.036995388,6.37104746,0.04850544,62
2016,GNB,49,8.686676705,0.900947872,8.686676705,0.031701042,56
2017,GNB,54,12.03981853,0.890862647,12.03981853,0.010566389,91
2018,GNB,52,12.27668952,0.817713474,12.27668952,0.045492345,72
2019,GNB,58,12.16800048,0.736891227,11.16800048,0.081211319,74
2020,GNB,56,14.90343578,0.705247558,11.90343578,0.059782729,90
2021,GNB,63,11.42271948,0.788232775,10.42271948,0.018419154,84
2022,GNB,60,12.46913501,0.83305028,12.46913501,0.081015768,94
2023,GNB,56,11.87186394,0.887491547,11.87186394,0.101140993,91
2024,GNB,7,2.537426431,0,1.537426431,1,14
1990,GNQ,3,3,0.457159526,,0,5
1991,GNQ,1,1,0,,0,4
1992,GNQ,1,1,0,,0,3
1993,GNQ,2,1.5,0,0.5,0,10
1996,GNQ,1,0.25,1.001666267,0.25,0,1
1997,GNQ,2,0.35,0.774265411,0.35,0,2
1998,GNQ,1,0.111111111,0.555193456,0.111111111,0,1
1999,GNQ,6,2.158333333,0.74637558,0.758333333,0.138996139,9
2001,GNQ,4,2.583333333,0.180440937,1.583333333,0,5
2002,GNQ,3,0.550549451,0.715072432,0.550549451,0,6
2003,GNQ,4,1.642857143,0.368859869,0.642857143,0,7
2004,GNQ,9,3.095454545,1.03177064,3.095454545,0.088105727,23
2005,GNQ,5,1.368589744,0.253899491,1.368589744,0,8
2006,GNQ,8,2.272222222,0.557818978,2.272222222,0,24
2007,GNQ,9,2.835281385,0.32761754,2.835281385,0,20
2008,GNQ,6,2.470815851,0.385213955,1.470815851,0,17
2009,GNQ,12,2.396003017,1.180213101,2.396003017,0.104340436,17
2010,GNQ,9,2.360275689,0.569732925,2.360275689,0.010087603,17
2011,GNQ,7,2.513095238,1.64312405,1.513095238,0.14921838,13
2012,GNQ,11,3.015241131,0.752416409,2.015241131,0,21
2013,GNQ,9,2.007586858,1.398799861,2.007586858,0.038316189,18
2014,GNQ,13,2.143372328,0.547162886,2.143372328,0,21
2015,GNQ,16,3.50329583,0.828471645,3.50329583,0.009842948,28
2016,GNQ,26,7.614240926,0.877983456,4.614240926,0.002662152,52
2017,GNQ,15,3.672347047,0.44129911,2.672347047,3.55E-04,34
2018,GNQ,16,2.492364141,1.770502451,2.492364141,0.392903798,34
2019,GNQ,18,4.539139129,1.408005521,4.539139129,0.147917934,31
2020,GNQ,15,5.6102959,0.43085939,3.6102959,0,58
2021,GNQ,28,6.622113979,0.509719917,4.622113979,0.035280432,72
2022,GNQ,21,4.413679233,1.043005255,4.413679233,0.173944332,73
2023,GNQ,26,5.810800478,0.451458284,4.810800478,0.005934253,62
2024,GNQ,1,0.014705882,0,0.014705882,1,1
1990,GRC,2292,1959.564425,0.682251966,210.406488,0.050612975,3778
1991,GRC,2752,2323.355222,0.680851238,291.5385554,0.055532906,4371
1992,GRC,2812,2355.26933,0.671310154,299.0403256,0.052044575,5111
1993,GRC,3180,2670.053684,0.671213668,325.555814,0.051100738,5583
1994,GRC,3653,3070.077068,0.670773558,398.4532582,0.053712605,6326
1995,GRC,4014,3353.084233,0.685476288,406.5857594,0.051674744,7058
1996,GRC,5147,4047.829844,0.730488059,678.4462054,0.061316011,7981
1997,GRC,5531,4396.609783,0.749710743,702.6986717,0.059710967,8753
1998,GRC,5778,4524.694288,0.785424897,811.9902434,0.062608689,9014
1999,GRC,5947,4622.118768,0.78170323,842.996081,0.065645495,9261
2000,GRC,6689,5262.905722,0.811958248,936.6596903,0.068258334,10260
2001,GRC,7128,5744.349745,0.846330497,975.6194401,0.076333901,11478
2002,GRC,7952,6447.775724,0.876091539,1048.999716,0.080301647,12675
2003,GRC,8801,6881.308868,0.912074085,1327.266758,0.083599732,13498
2004,GRC,10196,8058.54855,0.933241689,1522.936177,0.092465267,15272
2005,GRC,11947,9429.122438,0.98379552,1768.717953,0.09411018,17710
2006,GRC,13899,10994.85586,0.952707046,2157.149118,0.08928352,20013
2007,GRC,14547,11398.04949,0.969421801,2260.954909,0.093262265,20734
2008,GRC,15457,12159.72825,0.961019772,2314.994924,0.092691223,22264
2009,GRC,16209,12495.27452,0.956553766,2495.564543,0.08684079,22947
2010,GRC,16285,12417.90585,0.957183732,2482.506626,0.091125809,22899
2011,GRC,16660,12408.18593,0.987367611,2678.137494,0.095905469,23623
2012,GRC,17045,12380.33023,1.006491838,2875.503206,0.094912823,23363
2013,GRC,17130,12330.24277,1.000972955,3091.385925,0.097816727,23869
2014,GRC,17226,12190.60557,0.973913712,3135.133818,0.090986912,24498
2015,GRC,17149,11819.07729,0.975469015,3199.787241,0.093406119,24154
2016,GRC,17474,11846.26372,0.945890133,3356.714938,0.093374915,24744
2017,GRC,17726,11937.03257,0.967582351,3510.66773,0.090766944,25057
2018,GRC,18216,12046.56331,0.977363697,3603.892929,0.091393793,25884
2019,GRC,19302,12686.35795,1.007331007,3737.378488,0.096131604,27095
2020,GRC,20727,13643.88155,1.012811057,3953.262536,0.09919324,29194
2021,GRC,23761,15815.68588,0.981699018,4454.728974,0.093401763,32535
2022,GRC,23921,15936.58746,1.036337608,4457.841386,0.101247754,33728
2023,GRC,23568,15435.05995,1.039706565,4394.97861,0.110048806,33517
2024,GRC,1937,1204.673825,0.896243464,398.590492,0.999106046,5579
1990,GRD,7,6,2.469802048,0.5,0.333333333,15
1991,GRD,5,4.333333333,1.516188273,0.333333333,0.230769231,17
1992,GRD,5,1.916666667,0.209043485,1.416666667,0,7
1993,GRD,7,4.733333333,0.791260646,0.733333333,0,17
1994,GRD,6,2.55952381,0.405748411,1.55952381,0,8
1995,GRD,6,2.316666667,0.398943094,1.316666667,0,6
1996,GRD,8,3.38452381,0.67274122,1.38452381,0.132958143,8
1997,GRD,6,3.55,0.256708445,1.55,0.035211268,13
1998,GRD,4,1.783333333,0.366002704,0.783333333,0.112149533,4
1999,GRD,5,1.819444444,1.971845089,0.819444444,0.549618321,7
2000,GRD,4,1.033333333,0.706128224,1.033333333,0,4
2001,GRD,4,1.735714286,0.161546288,0.735714286,0,12
2002,GRD,5,2.507575758,1.959828708,0.507575758,0.398791541,6
2003,GRD,13,5.892857143,0.603001946,2.892857143,0,13
2004,GRD,13,5.487301587,1.332846511,2.487301587,0.099218976,21
2005,GRD,16,5.953409091,0.928339919,3.953409091,0.03149456,19
2006,GRD,37,13.426221,0.460591407,12.426221,0,25
2007,GRD,66,20.81437908,0.663720114,19.31437908,0.031309157,48
2008,GRD,75,22.17545641,0.548614017,21.84212307,0.029747476,64
2009,GRD,46,17.87451715,0.579821808,11.54118382,0.005594557,59
2010,GRD,50,17.41795051,0.626589841,13.66795051,0.029691028,69
2011,GRD,74,25.65980963,0.858233942,20.15980963,0.064952417,77
2012,GRD,96,27.87923188,0.65669297,25.04589855,0.052048861,84
2013,GRD,100,36.9126094,0.874233295,25.9126094,0.071468674,113
2014,GRD,135,55.79684251,0.799658878,42.93017585,0.028772556,188
2015,GRD,108,35.06168446,0.70634755,28.06168446,0.044397722,131
2016,GRD,120,37.36410242,0.93913632,29.86410242,0.110903434,115
2017,GRD,205,60.00166007,0.689906057,49.50166007,0.037335927,191
2018,GRD,213,50.19691243,0.75977084,43.19691243,0.055438741,199
2019,GRD,206,60.3053849,0.597232396,40.8053849,0.021922815,186
2020,GRD,246,64.38702197,0.484943288,51.38702197,0.016819174,244
2021,GRD,280,75.3203259,0.871399362,56.8203259,0.107500799,263
2022,GRD,257,65.67870659,0.743188643,51.42870659,0.076932269,244
2023,GRD,249,45.3063626,0.893267241,38.47302927,0.087221643,218
2024,GRD,28,5.659224006,0.151905174,3.659224006,1,38
1990,GRL,8,5.842857143,0.377773529,0.842857143,0.034229829,19
1991,GRL,5,4.2,0.476822926,0.2,0,10
1992,GRL,6,5.2,0.010892092,0.2,0,12
1993,GRL,5,3.117647059,0.36990808,1.117647059,0.037735849,18
1994,GRL,4,3.25,0.011706928,0.25,0,7
1995,GRL,7,4.892857143,0.313007675,0.892857143,0.051094891,9
1996,GRL,14,7.651190476,0.721224149,3.651190476,0.058814377,25
1997,GRL,17,11.18574661,0.840236283,2.185746606,0.009728768,16
1998,GRL,19,11.51631702,0.433892691,3.016317016,0.028944439,18
1999,GRL,18,6.151526252,1.259815377,3.951526252,0.123975308,16
2000,GRL,26,13.66190476,0.891379243,6.161904762,0.057337051,24
2001,GRL,19,9.016666667,0.551754407,5.016666667,0.04805915,17
2002,GRL,26,12.075,0.760509976,5.575,0.034506556,27
2003,GRL,38,14.00403703,0.558034449,6.504037034,0.030307735,27
2004,GRL,51,29.8013431,0.502704265,7.301343101,0.053782065,50
2005,GRL,45,15.99467703,0.705819148,8.994677033,0.04845914,40
2006,GRL,53,16.10960122,1.004283352,11.10960122,0.088212477,40
2007,GRL,58,17.07546522,0.859639984,13.24213189,0.040506461,40
2008,GRL,53,17.62650154,1.064830271,12.62650154,0.056238109,49
2009,GRL,38,12.12365639,0.85321303,7.123656387,0.064136635,37
2010,GRL,72,22.15013749,1.165060394,17.65013749,0.056158407,57
2011,GRL,79,18.67472638,1.420010522,17.67472638,0.116237304,58
2012,GRL,100,26.39573446,1.120214524,22.39573446,0.128892587,77
2013,GRL,117,36.71933042,1.104778516,25.71933042,0.109199931,103
2014,GRL,109,25.95131453,0.950697444,21.6179812,0.064276013,87
2015,GRL,131,32.5509271,1.215933263,28.5509271,0.109827512,98
2016,GRL,111,26.94358363,1.175552147,20.27691696,0.130608225,97
2017,GRL,112,29.17139405,0.990188377,19.50472739,0.088944041,81
2018,GRL,137,38.72839421,0.818460962,28.72839421,0.060763417,118
2019,GRL,143,35.49227119,0.873349037,26.99227119,0.081549537,101
2020,GRL,130,33.62586931,0.984209778,30.12586931,0.124064437,123
2021,GRL,169,44.28824237,0.974005874,34.45490904,0.083226236,160
2022,GRL,155,40.80302023,0.732313762,34.30302023,0.049895611,148
2023,GRL,175,46.59856891,0.648590998,43.09856891,0.052154146,158
2024,GRL,15,2.643563297,0.184166621,2.643563297,1,22
1990,GTM,32,26.61666667,0.71630646,2.866666667,0.148403256,70
1991,GTM,48,34.64657287,0.527794251,4.013239538,0.012026202,94
1992,GTM,54,36.03453491,0.443773035,10.03453491,0.035571936,115
1993,GTM,47,29.57186147,0.595387844,7.280194805,0.014089971,90
1994,GTM,35,27.1,0.460020203,4.1,0.022755228,91
1995,GTM,37,24.75825175,0.537783588,6.758251748,0.04079448,93
1996,GTM,57,36.90056888,0.453009041,13.71723554,0.003387482,106
1997,GTM,56,30.61492905,0.839446098,16.11492905,0.077304333,113
1998,GTM,57,30.24911616,0.431956864,12.54911616,0.014876468,67
1999,GTM,62,29.54188312,0.53085212,13.12521645,0.04263519,107
2000,GTM,49,23.69484993,0.552298563,10.19484993,0.033032264,55
2001,GTM,50,25.38852814,0.605981126,10.38852814,0.047265442,72
2002,GTM,51,24.9665873,0.672047528,10.4665873,0.037049517,64
2003,GTM,61,25.39530141,0.610305298,15.97863474,0.015334454,90
2004,GTM,74,30.53552861,0.721406481,16.53552861,0.049974313,127
2005,GTM,108,50.49173604,0.633775371,22.49173604,0.025463856,140
2006,GTM,86,39.64187756,0.845220547,19.64187756,0.055513336,140
2007,GTM,91,35.1741094,0.783624479,20.1741094,0.039111765,123
2008,GTM,103,39.45823563,0.638486024,22.29156897,0.071109946,125
2009,GTM,132,63.25981004,0.641292323,32.45981004,0.06142956,230
2010,GTM,124,52.3892576,0.677507936,26.1392576,0.074525575,156
2011,GTM,126,47.54557045,0.636696674,29.54557045,0.054590761,197
2012,GTM,186,72.22745245,0.843900243,44.72745245,0.054337905,240
2013,GTM,193,80.7701186,0.619918006,44.2701186,0.029567002,269
2014,GTM,191,74.03133367,0.892797219,43.864667,0.070532588,280
2015,GTM,253,85.96959227,0.71843085,60.96959227,0.066032469,375
2016,GTM,264,94.63303943,0.649361086,59.13303943,0.068366425,381
2017,GTM,299,118.096936,0.537501274,64.59693597,0.024934675,465
2018,GTM,281,106.9182377,0.575777969,63.41823775,0.03915928,437
2019,GTM,302,102.6258107,0.722269426,68.62581067,0.061412209,478
2020,GTM,393,134.0808314,0.602523193,84.16416477,0.039486543,616
2021,GTM,441,137.1403167,0.568701806,95.80698335,0.040178012,659
2022,GTM,439,128.660467,0.534346165,86.9938003,0.031280725,654
2023,GTM,431,113.1688622,0.906466597,78.16886222,0.091588152,656
2024,GTM,45,12.48690452,2.353982136,9.486904517,1,101
1990,GUF,7,4.402777778,1.049091766,0.402777778,0,8
1991,GUF,11,5.677380952,0.445580972,2.677380952,0,26
1992,GUF,12,8.094444444,0.433853457,2.094444444,0,28
1993,GUF,13,8.505555556,0.593536642,2.505555556,0,20
1994,GUF,11,8.003968254,0.380081754,1.003968254,0,21
1995,GUF,12,9.03767507,0.431853073,1.371008403,0,32
1996,GUF,21,10.19820352,0.556001385,5.198203521,0.019611297,26
1997,GUF,15,8.05995671,0.610515097,2.726623377,0,25
1998,GUF,22,12.28639694,0.526616001,4.572111222,0.030125176,44
1999,GUF,30,12.41177156,0.707305124,8.911771562,0.040284338,52
2000,GUF,27,12.14387459,0.682988775,7.143874589,0.005489736,43
2001,GUF,27,15.90229999,0.670796052,7.402299995,0.002734086,60
2002,GUF,25,12.91388889,0.658928114,5.771031746,0.007743601,58
2003,GUF,32,16.16777385,0.362543433,11.66777385,0.001627669,58
2004,GUF,38,21.14570795,0.79515933,10.81237461,0.090640932,67
2005,GUF,46,20.94226196,0.999319654,11.44226196,0.011019308,73
2006,GUF,47,20.79728394,0.777796386,13.79728394,0.017484801,61
2007,GUF,44,18.87743485,0.86814661,10.21076818,0.04006384,79
2008,GUF,39,17.0141228,0.806090041,8.514122797,0.089794684,78
2009,GUF,42,17.72912202,0.778164096,9.618010906,0.033588168,88
2010,GUF,35,13.09474098,0.735841981,7.594740981,0.041463112,77
2011,GUF,40,17.62129389,0.634480988,11.28796055,0.013575376,79
2012,GUF,57,21.65350033,0.720131859,14.51064319,0.056708669,122
2013,GUF,75,26.39645273,0.828972619,20.39645273,0.091192292,136
2014,GUF,77,19.02406225,1.062809826,17.52406225,0.070454209,104
2015,GUF,101,27.88260283,0.787953603,22.38260283,0.083507437,151
2016,GUF,136,36.33967534,1.021323968,27.806342,0.075014008,204
2017,GUF,144,40.11517366,0.816178957,27.97231651,0.07221842,232
2018,GUF,156,46.23798491,0.873909462,30.03798491,0.049344826,239
2019,GUF,163,34.7531388,0.804623023,23.3031388,0.034575584,218
2020,GUF,200,50.23922327,0.640789734,32.58922327,0.02415512,290
2021,GUF,187,56.68122025,0.911094985,36.98122025,0.074383881,336
2022,GUF,168,47.01001163,0.648733951,32.06001163,0.014458284,306
2023,GUF,158,45.92485097,0.643873077,30.08735097,0.067843955,304
2024,GUF,19,4.118922966,0.289466689,2.118922966,1,60
1990,GUM,11,6.026190476,0.571755712,2.026190476,0.016594232,10
1991,GUM,20,17.91666667,0.649549636,0.916666667,0.055813953,25
1992,GUM,20,18.33333333,1.078228674,1.333333333,0.109090909,24
1993,GUM,32,21.97900433,0.783377304,3.979004329,0.037914972,34
1994,GUM,29,27.5,0.789604003,1.5,0.109090909,45
1995,GUM,24,14.3254329,0.756593324,2.8254329,0.044293517,29
1996,GUM,38,21.97619048,1.020072143,8.976190476,0.106175515,47
1997,GUM,40,24.69285714,0.713743253,7.35952381,0.047247131,41
1998,GUM,35,23.62121212,1.11037528,7.121212121,0.114496472,42
1999,GUM,39,21.06611069,0.589120657,9.566110687,0.044078921,48
2000,GUM,30,13.42619048,1.02297728,7.926190476,0.12041142,32
2001,GUM,44,25.9474118,1.300413505,7.114078465,0.156186351,47
2002,GUM,44,23.98452381,0.63430863,8.98452381,0.062192882,39
2003,GUM,35,15.26944444,0.734146181,9.019444444,0.030016373,40
2004,GUM,42,20.72380952,1.142826792,9.223809524,0.068359375,40
2005,GUM,39,21.22662338,0.593895995,8.393290043,0.022433642,42
2006,GUM,38,19.05305789,0.471043146,11.55305789,0,43
2007,GUM,39,18.47778888,0.732599331,8.977788878,0.040242355,47
2008,GUM,39,17.78542569,1.100208148,8.785425685,0.071844093,38
2009,GUM,52,24.05108852,0.680491915,14.05108852,0.088028104,63
2010,GUM,57,25.2259768,0.524652825,8.725976801,0.00858903,58
2011,GUM,70,42.68812577,0.817708792,9.688125775,0.112411282,65
2012,GUM,66,27.79425852,1.033899282,17.79425852,0.095303596,62
2013,GUM,89,47.86372052,0.561585266,16.94705385,0.025615076,94
2014,GUM,70,38.60705659,0.703007638,19.60705659,0.036075983,71
2015,GUM,64,29.91581896,0.356009642,11.2491523,0.019315357,64
2016,GUM,50,22.95547927,0.700430632,10.45547927,0.020956063,65
2017,GUM,73,30.40488524,1.036122151,15.40488524,0.117749954,77
2018,GUM,82,34.80126384,0.845183828,19.80126384,0.069679506,64
2019,GUM,77,30.94029846,0.798476545,15.94029846,0.063317096,70
2020,GUM,117,47.66641039,0.844274653,29.16641039,0.066746492,124
2021,GUM,112,44.53561939,0.733877974,25.03561939,0.056837202,116
2022,GUM,109,42.62189735,0.728512102,25.62189735,0.035814289,130
2023,GUM,111,40.54941029,0.92894274,25.54941029,0.061643737,110
2024,GUM,8,3.817777778,2.186367641,1.817777778,1,12
1990,GUY,5,3.25,0.365093972,1.25,0,6
1991,GUY,8,4.166666667,0.715961532,3.166666667,0,8
1992,GUY,9,6.4,0.385458921,2.4,0.078125,10
1993,GUY,10,5.445238095,0.853347135,3.445238095,0.061215566,16
1994,GUY,9,7.35,0.312623903,1.35,0,14
1995,GUY,10,6.875,0.631837152,0.875,0.145454545,18
1996,GUY,6,2.684803922,0.382232007,1.684803922,0,12
1997,GUY,20,10.84285714,0.321990866,4.342857143,0.031620553,25
1998,GUY,9,5.214285714,0.198207633,1.214285714,0,10
1999,GUY,19,7.998845599,0.712507608,4.998845599,0,30
2000,GUY,19,9.924358974,0.769212261,2.507692308,0.051156181,27
2001,GUY,15,8.688095238,0.631462186,3.688095238,0.086325021,19
2002,GUY,17,7.629846965,0.611003318,3.629846965,0,22
2003,GUY,15,7.671428571,0.654298004,3.171428571,0.009310987,25
2004,GUY,20,10.58589466,0.2869897,3.585894661,0,30
2005,GUY,26,18.66361971,0.08498235,3.663619714,0,22
2006,GUY,17,8.336904762,0.349910054,3.503571429,0,28
2007,GUY,27,12.31263736,0.298650861,6.029304029,0.016399661,35
2008,GUY,18,8.808982684,0.43493635,2.808982684,0,20
2009,GUY,30,19.96190476,0.532572118,3.961904762,0.057251908,42
2010,GUY,36,22.58055556,0.288724549,6.247222222,0.008857178,44
2011,GUY,21,11.36847826,0.278062634,5.368478261,0,46
2012,GUY,32,16.27009265,0.160491227,7.270092652,0.007682808,53
2013,GUY,28,13.93535354,0.632377847,6.935353535,0.017939983,36
2014,GUY,28,12.2063022,0.400056304,5.206302199,0.03780944,47
2015,GUY,30,9.128463121,0.659654978,5.128463121,0.083669913,50
2016,GUY,35,13.38381836,0.548252508,10.38381836,0.057273387,75
2017,GUY,35,16.42824321,0.556197646,10.42824321,8.77E-05,74
2018,GUY,57,23.87762893,0.427179457,10.37762893,0.027531663,55
2019,GUY,90,45.6343109,0.339579585,18.6343109,0.024974376,107
2020,GUY,120,51.81534946,0.577354826,26.81534946,0.045069731,146
2021,GUY,108,44.68982365,0.432590645,24.93982365,0.053242407,137
2022,GUY,125,54.49984102,0.40383136,24.49984102,0.031093324,158
2023,GUY,149,53.08636205,0.513363368,31.58636205,0.076086733,197
2024,GUY,12,6.274703557,0,1.774703557,1,17
1990,HKG,1326,1184.951059,0.816690919,107.8677258,0.076815844,1726
1991,HKG,1456,1294.599856,0.804568914,123.8498557,0.076422462,1855
1992,HKG,1688,1431.505563,0.79196113,195.5388959,0.070944011,2071
1993,HKG,2020,1708.604548,0.816284985,233.880488,0.067584342,2539
1994,HKG,2556,2134.997406,0.859286147,303.2735969,0.08338841,3113
1995,HKG,3294,2725.413706,0.852961443,403.6327533,0.07731996,3938
1996,HKG,4652,3651.204754,0.913808545,665.1686427,0.087846449,4806
1997,HKG,5656,4441.03004,0.951225895,851.7166922,0.096525545,5827
1998,HKG,6306,4917.800163,0.979792572,1019.416783,0.096882185,6549
1999,HKG,6653,5142.406329,1.076111813,1127.802325,0.111688334,6851
2000,HKG,7721,5827.57952,1.101318737,1494.073279,0.116692988,7943
2001,HKG,8542,6544.859427,1.199924863,1533.932443,0.134536684,8847
2002,HKG,8895,6636.031817,1.288796129,1777.983801,0.13757001,9320
2003,HKG,10333,7408.318261,1.454150941,2204.235063,0.138455223,9868
2004,HKG,11312,8046.208892,1.269322698,2513.366758,0.135296588,10706
2005,HKG,12139,8454.431049,1.30314534,2774.557504,0.13899982,11423
2006,HKG,13127,9017.096808,1.270165252,2990.49872,0.136255616,12077
2007,HKG,13114,8704.67341,1.352350729,3118.470491,0.150878114,12329
2008,HKG,13434,8814.1622,1.343994957,3241.314539,0.149843076,12879
2009,HKG,14252,9223.643903,1.350449381,3434.500571,0.147285687,13477
2010,HKG,15085,9687.546476,1.355817675,3656.377117,0.149478223,14133
2011,HKG,15728,9880.484053,1.401279553,3895.628039,0.155765119,14985
2012,HKG,16192,9913.437475,1.425238824,3997.725022,0.155773603,15422
2013,HKG,17027,10165.24281,1.440155836,4150.848764,0.153126029,15902
2014,HKG,17895,10311.19746,1.455048461,4380.932383,0.158215079,16842
2015,HKG,18320,10333.46089,1.46480789,4549.516052,0.163453553,17518
2016,HKG,19491,10766.14837,1.472518503,4884.255117,0.162851709,18707
2017,HKG,20851,11203.337,1.524978402,5263.260809,0.167582485,19491
2018,HKG,22567,11801.19723,1.50288402,5743.466959,0.168713126,20941
2019,HKG,24366,12148.89999,1.568614184,6111.709547,0.181334408,22345
2020,HKG,26436,12979.78332,1.809550054,6645.769537,0.191219748,24583
2021,HKG,29831,14373.48757,1.614553485,7431.606073,0.18867356,27415
2022,HKG,33590,15862.73995,1.660058317,8528.130049,0.182357036,30599
2023,HKG,36309,16538.02549,1.568640423,9233.487795,0.163770215,33094
2024,HKG,4266,1775.910187,1.011318589,1092.660187,0.997229476,7355
2011,HMD,1,0.333333333,0.612811276,0.333333333,0,1
2016,HMD,1,0.5,0.442067761,0.5,0,1
1990,HND,9,7.333333333,0.468327538,1.333333333,0,11
1991,HND,22,12.7209707,0.644392794,3.720970696,0.052406902,31
1992,HND,8,5.45,1.553833897,1.45,0.321100917,15
1993,HND,11,6.569047619,0.196819314,1.569047619,0,22
1994,HND,9,5.023333333,0.746410597,1.523333333,0.087591241,22
1995,HND,13,10.05882353,0.39083102,1.058823529,0.038986355,25
1996,HND,26,11.3754329,0.378026537,6.8754329,0,28
1997,HND,29,15.09031385,0.568901897,9.090313853,0.033133837,47
1998,HND,31,12.57958557,0.657238179,8.829585575,0.044622726,47
1999,HND,37,18.98852624,0.513789696,8.48852624,0.012346917,55
2000,HND,30,13.98452381,0.465663263,6.48452381,0.020856389,43
2001,HND,18,9.380627706,0.696939392,3.380627706,0.07106845,31
2002,HND,32,11.5123779,0.497773581,7.6373779,0.021762158,51
2003,HND,30,10.39612512,0.768863526,7.396125117,0.019237937,42
2004,HND,37,14.27569327,0.553300369,9.025693268,0.006937233,59
2005,HND,35,14.10081998,0.912287975,9.100819976,0.091435253,97
2006,HND,41,12.61426466,0.594144331,9.364264665,0.032622189,62
2007,HND,36,11.35180252,0.722876137,7.851802523,0.048948079,49
2008,HND,46,17.85578709,0.690853725,11.75578709,0.008773999,90
2009,HND,65,16.8830378,0.64632954,14.3830378,0.052073962,76
2010,HND,68,24.62640675,0.600942589,18.62640675,0.046560325,118
2011,HND,69,19.10310865,0.669943354,16.10310865,0.027158618,101
2012,HND,82,26.42109752,0.631365504,22.42109752,0.012733331,125
2013,HND,82,22.60359995,1.001299308,16.60359995,0.063779209,106
2014,HND,77,25.11401454,0.502763044,18.11401454,0.030503626,119
2015,HND,99,31.22753281,0.805611964,19.22753281,0.071318274,160
2016,HND,87,33.36952975,0.346362779,13.86952975,0.011912273,137
2017,HND,134,48.21712321,0.40602166,21.21712321,0.013869002,208
2018,HND,174,53.63795993,0.587650243,30.63795993,0.046776356,251
2019,HND,215,83.15087973,0.615256984,43.3175464,0.04379919,314
2020,HND,374,135.0215654,0.692730232,74.85489873,0.063497639,444
2021,HND,334,131.9449686,0.760108067,67.51338962,0.069038701,493
2022,HND,387,203.9481521,0.383773888,73.32910451,0.042189407,684
2023,HND,408,168.3620183,0.489742359,65.19535164,0.045308879,632
2024,HND,26,5.640717734,0,4.640717734,1,41
1990,HRV,862,753.2949017,0.443562803,76.19490173,0.037535751,1674
1991,HRV,1002,844.2095135,0.427234158,103.7595135,0.037925922,1808
1992,HRV,969,831.9587819,0.411948393,97.25402004,0.021132915,1869
1993,HRV,1190,1040.065615,0.367527535,104.6370436,0.0245287,2238
1994,HRV,1254,1084.876129,0.342825016,106.8761292,0.014834247,2534
1995,HRV,1307,1120.809718,0.383657382,117.2859084,0.020380123,2668
1996,HRV,1776,1480.622557,0.371152512,200.1940467,0.01650227,2923
1997,HRV,1685,1399.075302,0.42678561,177.4383569,0.025205182,2937
1998,HRV,1883,1570.370025,0.423506838,180.16566,0.023073427,3121
1999,HRV,1954,1626.288077,0.391864376,201.017081,0.023108374,3292
2000,HRV,2241,1967.244055,0.404053918,182.4801053,0.026818221,3907
2001,HRV,2351,2046.692766,0.387306252,207.5141946,0.021633411,4113
2002,HRV,2644,2282.486115,0.413269143,241.2384963,0.029400094,4523
2003,HRV,3098,2576.413206,0.390326551,325.3719364,0.022263442,5013
2004,HRV,3229,2703.50286,0.41019695,362.4111055,0.02454818,5300
2005,HRV,3832,3221.281392,0.43062473,414.0543143,0.028475476,6001
2006,HRV,3833,3171.524972,0.493135535,438.3773529,0.032158565,6226
2007,HRV,4492,3772.14689,0.508770277,483.2073964,0.035491136,7268
2008,HRV,4810,4033.177299,0.463400636,540.9280978,0.032545475,7766
2009,HRV,5412,4500.182479,0.474146283,610.3612075,0.032347484,8512
2010,HRV,5559,4533.336795,0.495582031,623.3582954,0.033076918,8878
2011,HRV,6356,5139.053339,0.505701622,745.4628271,0.036883653,9872
2012,HRV,6344,4942.213422,0.467289296,767.3403449,0.027484322,9906
2013,HRV,6304,4926.153247,0.483951256,746.2487827,0.0301977,9760
2014,HRV,6199,4696.133336,0.552240837,779.7345262,0.043035835,9657
2015,HRV,6329,4740.851784,0.541199974,843.8577366,0.04254369,9689
2016,HRV,6372,4656.773257,0.560072214,881.9732571,0.042392302,9848
2017,HRV,6948,5107.286985,0.558580142,989.1369852,0.04086534,10925
2018,HRV,7478,5399.377834,0.612492747,1113.608462,0.050255249,11268
2019,HRV,7745,5501.01049,0.601489036,1163.580782,0.047638978,11632
2020,HRV,8364,5896.0969,0.582975712,1272.576944,0.04656571,12175
2021,HRV,9417,6698.787573,0.666510572,1468.074947,0.049490646,13886
2022,HRV,9465,6652.396595,0.649212009,1448.064453,0.050328611,14113
2023,HRV,8882,6183.605572,0.63452568,1339.386524,0.061335602,13854
2024,HRV,535,322.0013535,0.465126561,107.8346868,1,1517
1990,HTI,8,5.160353535,3.081244342,2.160353535,0.198434059,19
1991,HTI,10,4.611111111,1.518999684,1.611111111,0.168674699,12
1992,HTI,9,3.616666667,2.881460637,2.616666667,0.506912442,27
1993,HTI,10,6.4,3.396525691,3.4,0.1796875,19
1994,HTI,8,5.619047619,1.397457433,1.619047619,0.228813559,21
1995,HTI,4,3,0.123094562,0.5,0,6
1996,HTI,8,3.600508511,0.951170723,1.767175178,0.092579515,25
1997,HTI,8,3.795238095,0.769376965,1.795238095,0.06587202,15
1998,HTI,14,5.668253968,2.477918436,5.168253968,0.120974517,35
1999,HTI,3,0.625,1.564549644,0.625,0.266666667,3
2000,HTI,10,4.757575758,0.847962801,2.257575758,0.070063694,20
2001,HTI,9,4.880555556,0.768333666,1.380555556,0.076835515,14
2002,HTI,13,6.413557276,1.657712613,2.413557276,0.277086539,20
2003,HTI,14,5.286480867,1.015350312,4.286480867,0.138684629,36
2004,HTI,17,7.292243867,0.878288408,4.758910534,0.092252438,31
2005,HTI,28,10.1148088,2.086530988,7.364808802,0.108339501,48
2006,HTI,36,14.49741713,1.129685796,11.49741713,0.096824351,71
2007,HTI,26,10.1321409,0.938806023,6.798807565,0.144396364,87
2008,HTI,28,6.223629557,2.132904921,6.223629557,0.103261595,40
2009,HTI,33,11.06226829,1.173820556,8.562268287,0.177781502,46
2010,HTI,39,12.93351599,2.54831716,8.433515985,0.282515569,75
2011,HTI,66,18.0968667,1.005492952,10.01353337,0.07142992,106
2012,HTI,50,15.35237179,0.865949647,10.51903846,0.063461726,85
2013,HTI,74,23.72782461,1.15817224,17.39449128,0.134190457,164
2014,HTI,92,30.96611453,0.723497478,23.96611453,0.042323878,152
2015,HTI,101,31.15987334,0.714300187,26.15987334,0.036979835,180
2016,HTI,96,25.91232109,0.779456027,22.91232109,0.028601533,168
2017,HTI,111,33.98743638,1.05031376,28.48743638,0.106269578,212
2018,HTI,94,29.86787237,0.528423574,21.86787237,0.006201387,190
2019,HTI,108,34.47610673,0.639091656,27.47610673,0.032864129,234
2020,HTI,126,37.75395439,0.524309989,31.75395439,0.023287137,223
2021,HTI,144,37.12209294,0.567888683,32.12209294,0.019248409,268
2022,HTI,157,38.35812826,0.533348777,34.64979492,0.018737132,257
2023,HTI,140,37.64851156,0.630959958,29.11517823,0.072043977,252
2024,HTI,10,1.637839411,0,1.637839411,1,19
1990,HUN,3707,3174.126882,0.43850648,384.8523153,0.032317606,5680
1991,HUN,3337,2737.917743,0.49572308,396.4177429,0.03618493,4968
1992,HUN,3377,2754.816952,0.502397143,430.6336188,0.034080751,5158
1993,HUN,3374,2690.463365,0.58814166,457.9469145,0.047592432,5721
1994,HUN,3669,2933.33238,0.560379277,484.4506341,0.039207899,5440
1995,HUN,3545,2763.661823,0.607298784,505.531267,0.045011706,5540
1996,HUN,4600,3480.717406,0.619119252,739.0487551,0.049475516,6325
1997,HUN,5185,3911.684868,0.614189327,804.9935986,0.040791812,7574
1998,HUN,5677,4338.638642,0.594709011,858.1969752,0.04480205,7779
1999,HUN,5292,3948.071526,0.610961971,885.7452028,0.039860376,7495
2000,HUN,5777,4346.790025,0.621346896,946.586057,0.045531663,8364
2001,HUN,5743,4392.566903,0.643792763,902.8625382,0.052243888,8572
2002,HUN,6070,4605.11935,0.684393997,988.3382751,0.053902527,8959
2003,HUN,6469,4665.450794,0.692835049,1165.428572,0.057774166,8690
2004,HUN,6779,4945.108241,0.701245278,1225.107892,0.058002508,9311
2005,HUN,7599,5580.873344,0.701562268,1353.557802,0.053694566,10317
2006,HUN,7653,5639.605942,0.743828286,1355.039293,0.060322041,10530
2007,HUN,8207,6044.792515,0.720421328,1450.180703,0.057409027,11264
2008,HUN,8779,6556.595583,0.680164572,1417.591957,0.052362135,11934
2009,HUN,8470,6168.533794,0.693472269,1459.03034,0.056119186,11708
2010,HUN,8430,6034.900572,0.729269305,1464.101856,0.05859683,11675
2011,HUN,9312,6623.385938,0.700026355,1556.860144,0.057848593,12809
2012,HUN,9672,6707.166227,0.75065512,1705.114668,0.059802133,13235
2013,HUN,9565,6631.574161,0.734883986,1675.059503,0.057608255,13585
2014,HUN,10125,7062.286643,0.733666197,1799.446971,0.055917292,14266
2015,HUN,10044,6870.197025,0.697039375,1793.597458,0.054415978,14298
2016,HUN,10303,6849.326991,0.755959928,1901.575205,0.058861661,15336
2017,HUN,10750,7258.645876,0.733627102,1966.016655,0.059190465,15598
2018,HUN,11217,7493.28979,0.779325105,2033.867065,0.063865134,16110
2019,HUN,11783,7890.440685,0.746486903,2170.084936,0.061817278,16887
2020,HUN,12601,8369.115638,0.749013619,2281.916325,0.062508409,18314
2021,HUN,13791,9028.400686,0.771324649,2541.924866,0.058899469,19857
2022,HUN,14244,9449.819449,0.778682621,2578.173689,0.065459386,20855
2023,HUN,14298,9251.034239,0.783349505,2673.220785,0.07634042,20969
2024,HUN,1215,717.383863,0.820039495,244.9719583,0.999573064,3229
1992,HVO,1,1,0,,0,1
1993,HVO,1,0.333333333,0,0.333333333,0,2
2000,HVO,1,0.5,0,0.5,0,1
2001,HVO,2,0.444444444,0.150380635,0.444444444,0,12
2002,HVO,1,0.166666667,0.117866594,0.166666667,0,3
2003,HVO,2,0.658823529,0.708773547,0.658823529,0,4
2004,HVO,1,0.076923077,0.530962345,0.076923077,0,1
2005,HVO,3,3,0,,0,4
2006,HVO,3,0.743589744,0.638549267,0.743589744,0,4
2007,HVO,5,2.597744361,0.210399873,1.597744361,0,13
2008,HVO,10,5.091781874,0.144518386,2.091781874,0.006335319,14
2009,HVO,11,3.579040404,0.446344448,3.379040404,0.023283708,21
2010,HVO,27,8.304493606,0.548139124,6.971160272,0.020069456,57
2011,HVO,18,4.327603769,0.753361527,3.327603769,0,27
2012,HVO,15,5.741666667,0.43676375,4.741666667,0,25
1990,IDN,255,182.5121032,0.673751957,46.51210317,0.053955978,446
1991,IDN,283,203.429193,0.556160132,51.67919303,0.062571384,509
1992,IDN,214,136.4236111,0.610370386,46.17361111,0.073698142,401
1993,IDN,288,180.9875763,0.557978845,59.82090965,0.035637805,487
1994,IDN,359,235.3971264,0.729404371,61.64712638,0.079095598,602
1995,IDN,388,243.6509914,0.711484119,85.15099141,0.067631867,717
1996,IDN,596,332.1001579,0.618438806,131.1754825,0.049723606,883
1997,IDN,607,328.3440049,0.55554149,140.2773382,0.050319581,895
1998,IDN,590,325.0165271,0.514218004,128.4922847,0.045986894,852
1999,IDN,628,344.2437757,0.613670473,157.1461566,0.043689928,1076
2000,IDN,749,412.1750174,0.640994407,169.144065,0.043153439,1168
2001,IDN,678,369.2037278,0.604407833,149.9787278,0.051843646,1076
2002,IDN,728,421.4879289,0.486357802,145.9788379,0.034911433,1185
2003,IDN,792,402.9232752,0.507921881,181.5732752,0.036864823,1139
2004,IDN,960,484.7404678,0.592681858,215.5071344,0.032189692,1355
2005,IDN,1164,626.0676204,0.557347487,247.2342871,0.043760493,1768
2006,IDN,1354,768.0006482,0.513723311,275.8339816,0.036582834,2026
2007,IDN,1280,694.3133131,0.62516666,273.5347417,0.056140062,2013
2008,IDN,1495,829.2282229,0.579067781,305.1282229,0.042328661,2349
2009,IDN,2022,1178.024188,0.581142672,425.0718073,0.042336482,3100
2010,IDN,2671,1620.969613,0.487744333,496.1096562,0.033151653,4164
2011,IDN,3395,2215.225516,0.542238271,560.7651625,0.039216052,5330
2012,IDN,3918,2539.91247,0.570539234,651.1878671,0.046832671,6349
2013,IDN,5205,3592.552799,0.606547701,805.4996855,0.063498326,8756
2014,IDN,6678,4906.896193,0.614864638,884.7295262,0.058018184,11154
2015,IDN,8277,6403.706854,0.58356619,976.7759016,0.047977836,14666
2016,IDN,12384,10116.9307,0.714228343,1217.489031,0.06537614,21313
2017,IDN,22070,19350.79246,0.851001515,1690.227023,0.09542693,36477
2018,IDN,34316,30736.82149,0.821900197,2461.497161,0.08145396,58353
2019,IDN,48515,44075.52725,0.71691588,3412.565976,0.075649504,82691
2020,IDN,52024,46972.82357,0.702319673,4010.741444,0.073079947,91839
2021,IDN,52890,47024.78856,0.759027122,4540.498993,0.084564191,97397
2022,IDN,44063,37755.6155,0.679589105,4980.911258,0.065968934,87782
2023,IDN,54349,47324.0686,0.584827704,6296.011869,0.054854829,109820
2024,IDN,2539,1947.021194,0.472470055,448.4729799,0.934896772,8681
1990,IND,14631,13931.04191,0.401302283,512.2987778,0.025697808,24116
1991,IND,15047,14227.27167,0.426055147,600.8476968,0.025898212,24413
1992,IND,14785,13907.53939,0.422547816,633.9108231,0.023628976,24443
1993,IND,15076,14209.03955,0.41977049,635.7593931,0.021811457,25927
1994,IND,15872,14925.80136,0.441772997,720.7509666,0.024968914,27293
1995,IND,15639,14622.83087,0.421945717,731.0126129,0.022721766,26928
1996,IND,21600,19474.35414,0.428614168,1322.309729,0.025128652,34159
1997,IND,22165,20080.48687,0.430823595,1303.081,0.0232474,34947
1998,IND,22633,20384.74475,0.452068513,1484.951543,0.026800558,35727
1999,IND,23861,21679.93948,0.45174699,1517.037883,0.025817686,37712
2000,IND,24529,22274.13373,0.497058487,1613.575719,0.034324599,39127
2001,IND,25786,23554.38266,0.534683932,1639.570317,0.038507524,41548
2002,IND,28170,25689.96825,0.533543758,1911.223697,0.038014458,45798
2003,IND,31673,28284.61071,0.551707625,2576.563077,0.038046716,49581
2004,IND,34207,30536.40426,0.585096035,2795.457738,0.042622259,54491
2005,IND,38979,34754.32677,0.610960545,3279.024876,0.04706141,61898
2006,IND,44868,39933.85834,0.666288464,3902.544965,0.052255664,69023
2007,IND,49871,44538.22895,0.688022175,4214.554956,0.057352391,77270
2008,IND,56789,50887.33909,0.684492604,4598.549495,0.054593764,87690
2009,IND,64342,57808.66158,0.696229456,5204.171143,0.056955636,101042
2010,IND,75787,68220.70284,0.654778182,5986.081472,0.050875013,120557
2011,IND,92359,83540.35134,0.642039695,6944.473356,0.050957099,145061
2012,IND,101953,92352.92813,0.656429128,7492.470384,0.052072824,163546
2013,IND,108538,98216.75939,0.685144837,8135.396233,0.054800818,176438
2014,IND,123568,112535.5213,0.670528917,8932.563594,0.05501363,199121
2015,IND,132865,121103.2951,0.662362145,9600.694414,0.053690979,216702
2016,IND,144494,131407.5319,0.694888597,10768.45844,0.058180974,233898
2017,IND,149243,135299.5292,0.739940298,11742.61176,0.063332047,245554
2018,IND,163918,148052.0892,0.751348216,13275.46313,0.067527997,266777
2019,IND,185657,167726.6117,0.736929767,15196.52072,0.068073704,302417
2020,IND,196480,175001.3451,0.865187757,18110.89026,0.08908092,320492
2021,IND,217986,191254.3524,0.891787015,23238.90013,0.088034704,360139
2022,IND,248170,216681.8533,0.907369377,28658.50448,0.089202968,406091
2023,IND,263638,230611.9914,0.960169178,31082.07233,0.096777351,442639
2024,IND,25391,21710.32108,0.914904744,3461.978731,0.984505245,72330
1994,IOT,1,1,0,,0,1
1996,IOT,1,1,0.37953968,,0,1
1997,IOT,1,0.058823529,3.075595355,0.058823529,1,1
2001,IOT,1,0.2,0,0.2,0,1
2004,IOT,1,0.1,0,0.1,0,1
2007,IOT,1,0.333333333,0.568898417,0.333333333,0,1
2008,IOT,1,0.5,0,0.5,0,1
2009,IOT,4,0.95,0.714117595,0.95,0,3
2010,IOT,1,0.166666667,4.503019055,0.166666667,1,1
2011,IOT,1,0.75,1.982432753,0.75,0,3
2015,IOT,1,0.142857143,0.844031906,0.142857143,0,1
2016,IOT,1,0.2,0.696753122,0.2,0,1
2017,IOT,1,0.333333333,0.306781912,0.333333333,0,2
2018,IOT,1,0.333333333,2.82286694,0.333333333,1,1
2019,IOT,4,2.833333333,0.649049587,0.833333333,0.117647059,5
2020,IOT,2,0.342857143,1.397061668,0.342857143,0.583333333,2
2021,IOT,2,0.003719566,45.91286064,0.003719566,1,4
1990,IRL,1556,1317.963287,1.072158331,179.7132869,0.099822226,2736
1991,IRL,1657,1392.108918,1.036808123,181.1160607,0.096387174,2831
1992,IRL,1798,1492.13967,0.989436642,195.7194321,0.092747449,3161
1993,IRL,1943,1593.400671,0.875591595,249.6784486,0.087119842,3362
1994,IRL,2058,1706.049227,0.873096296,260.5806127,0.078094719,4172
1995,IRL,2313,1889.394741,0.980361478,305.1947408,0.089391408,3901
1996,IRL,2813,2123.921505,0.990939208,443.9945516,0.088201154,3970
1997,IRL,2972,2235.491991,1.080462394,481.1979434,0.110265335,4075
1998,IRL,3169,2340.695122,0.961535777,504.7759155,0.094802032,5484
1999,IRL,3207,2342.619354,1.126016918,510.2455083,0.108409619,4343
2000,IRL,3558,2657.87652,1.089185332,557.608663,0.107592504,4920
2001,IRL,3695,2836.383263,1.111088671,582.8177864,0.121121924,5430
2002,IRL,4129,3099.99945,1.09671345,625.2829272,0.113870167,5871
2003,IRL,4591,3260.19725,1.108890116,801.8179465,0.113762162,5876
2004,IRL,5569,3973.763506,1.135739805,999.7692931,0.117180868,7027
2005,IRL,6858,4910.68092,1.196112341,1231.042962,0.124005398,8177
2006,IRL,7325,5145.471873,1.206554529,1300.421996,0.121803614,8717
2007,IRL,8128,5694.053563,1.208509328,1451.763413,0.124970393,9556
2008,IRL,8748,5993.050064,1.19244845,1603.103881,0.123663202,10510
2009,IRL,9724,6615.1883,1.157948027,1787.211749,0.116408307,11731
2010,IRL,10584,7260.38962,1.217675218,1926.038826,0.125296723,12646
2011,IRL,11150,7581.96435,1.178947479,2047.818318,0.120517954,13626
2012,IRL,11134,7385.805305,1.24206002,2134.445276,0.131924311,13714
2013,IRL,11436,7433.474665,1.222005941,2275.35872,0.127803337,14121
2014,IRL,11700,7529.470532,1.187747681,2395.130543,0.124818319,14498
2015,IRL,11662,7240.15105,1.199072556,2430.367717,0.123330814,14719
2016,IRL,12584,7621.627099,1.177760191,2598.737019,0.119658411,15647
2017,IRL,13012,7796.920452,1.15772101,2660.219262,0.117989992,16403
2018,IRL,13869,7988.156945,1.142269763,2854.343092,0.115112128,17132
2019,IRL,14738,8412.752558,1.175109918,3023.40934,0.122830333,18307
2020,IRL,16155,8998.76428,1.170693062,3299.510128,0.116536263,19833
2021,IRL,18563,10153.4993,1.14476307,3693.529161,0.118560247,22459
2022,IRL,18026,9695.620232,1.161329506,3538.39691,0.114584736,22910
2023,IRL,18372,9653.746358,1.167389311,3670.505418,0.125182727,22563
2024,IRL,1760,867.3882253,0.931721192,374.304892,0.996106792,3970
1990,IRN,235,201.9396936,0.339906241,16.10636031,0.019477762,404
1991,IRN,289,230.9230953,0.456914456,30.42309533,0.03716596,413
1992,IRN,298,244.7367244,0.423974034,33.57005772,0.035393631,462
1993,IRN,394,329.196645,0.514828053,35.36331169,0.022403023,609
1994,IRN,466,391.4592824,0.435935204,46.09261572,0.030058469,714
1995,IRN,544,457.5076701,0.458799475,55.00767011,0.018138169,895
1996,IRN,865,655.3316305,0.428006727,97.99155113,0.030043605,1302
1997,IRN,1087,863.5439993,0.431310569,109.9638045,0.025029953,1641
1998,IRN,1221,971.5500623,0.537714144,154.1607766,0.034561803,1801
1999,IRN,1432,1190.931274,0.659852706,127.027306,0.053882068,2060
2000,IRN,1859,1573.048561,0.633978965,185.3937986,0.055500831,2761
2001,IRN,2208,1918.569498,0.629408999,208.7123551,0.050889043,3308
2002,IRN,3181,2780.70489,0.606950628,304.7215571,0.046990386,4872
2003,IRN,4515,3883.833079,0.622341237,479.6024151,0.047640927,6346
2004,IRN,5951,5177.786704,0.610099526,642.5823752,0.043706188,8692
2005,IRN,8298,7260.428452,0.632456411,877.5044644,0.050299452,12459
2006,IRN,11730,10457.07866,0.679286413,1123.829193,0.054847863,17414
2007,IRN,15220,13579.40745,0.757723927,1440.236415,0.068073309,22777
2008,IRN,20029,18087.93264,0.740833295,1738.691465,0.065571513,29636
2009,IRN,24107,21911.55766,0.76857967,2147.560285,0.070175155,35850
2010,IRN,29415,26712.49077,0.764401229,2635.274423,0.069528562,43495
2011,IRN,39082,35664.39898,0.687605452,3309.675134,0.059419729,55778
2012,IRN,40372,36653.01109,0.696276467,3652.426801,0.058384818,60640
2013,IRN,40960,36839.25897,0.760454312,4037.173696,0.06675321,64417
2014,IRN,44017,39683.405,0.80575845,4360.7442,0.072406504,68820
2015,IRN,44993,40417.8515,0.823728371,4585.693164,0.075144522,70760
2016,IRN,51720,46669.6914,0.845029146,5162.586317,0.07916068,79979
2017,IRN,55199,49279.63104,0.866119916,6087.246158,0.080022352,83290
2018,IRN,57806,50997.53591,0.907926534,7179.08021,0.089630185,88326
2019,IRN,65395,57172.17678,0.920733103,9135.673982,0.090151504,99471
2020,IRN,70614,60341.10348,0.910634349,11041.56341,0.097352496,107748
2021,IRN,73760,61920.59477,0.911543498,12530.62304,0.090581954,114439
2022,IRN,74121,61813.68712,0.931329032,13034.88439,0.089493317,119310
2023,IRN,70701,58884.95403,0.994728703,12745.05596,0.100385032,118420
2024,IRN,7827,6450.492451,0.910301616,1473.532928,0.998675794,22506
1990,IRQ,351,322.9789683,0.15363239,13.97896825,0.005676324,604
1991,IRQ,141,120.5150794,0.389479557,10.51507937,0.018254977,262
1992,IRQ,132,116.7557359,0.234908509,10.75573593,0.010277868,214
1993,IRQ,122,108.3011905,0.269444539,9.551190476,0.021544854,195
1994,IRQ,116,109.25,0.184645684,4.25,0.004576659,195
1995,IRQ,97,88.53333333,0.227217721,7.866666667,0,173
1996,IRQ,97,73.0726912,0.236648194,14.92983405,0,133
1997,IRQ,106,81.93796898,0.276923577,12.93796898,0,162
1998,IRQ,86,67.26269841,0.21075275,13.26269841,0.007433541,134
1999,IRQ,76,63.83730159,0.329131556,7.503968254,0,138
2000,IRQ,104,92.82380952,0.37966149,8.823809524,0.043348894,172
2001,IRQ,105,92.41904762,0.245741463,9.919047619,0.01082028,189
2002,IRQ,121,106.752381,0.3258348,11.75238095,0.023418681,220
2003,IRQ,141,118.6380952,0.259525464,16.13809524,0.004214498,216
2004,IRQ,122,99.87489496,0.383141372,16.20822829,0.014606509,214
2005,IRQ,188,147.2294012,0.317029841,22.06273449,0.009848576,298
2006,IRQ,337,265.3162819,0.353554188,50.1496152,0.019683007,508
2007,IRQ,324,253.5830439,0.372379314,50.74971052,0.009794553,469
2008,IRQ,460,350.996277,0.424065911,73.07961032,0.020549341,661
2009,IRQ,583,437.729847,0.388829721,96.06318032,0.0202941,853
2010,IRQ,797,639.3613847,0.318236542,91.45662279,0.011846288,1172
2011,IRQ,1068,834.7159834,0.366356215,136.7993168,0.017411964,1528
2012,IRQ,1398,1036.83028,0.389682114,179.4790891,0.024451277,1978
2013,IRQ,1713,1061.619252,0.492234051,307.1192517,0.03527205,2114
2014,IRQ,1954,1109.446397,0.52312647,371.1630638,0.036218971,2390
2015,IRQ,2137,1161.785702,0.675104202,396.0357016,0.062350071,2614
2016,IRQ,3144,1939.333211,0.671669092,496.9165441,0.060612521,3899
2017,IRQ,4363,2767.346737,0.686548755,638.8800701,0.064478921,5640
2018,IRQ,9220,7166.014289,0.563655083,899.0976223,0.054867939,12717
2019,IRQ,14332,11784.00668,0.558789559,1258.890018,0.057518587,20530
2020,IRQ,19085,16010.37049,0.656285476,1675.101444,0.070133243,26245
2021,IRQ,17397,13995.58084,0.870927031,1840.515763,0.097797711,23485
2022,IRQ,19595,15015.76973,0.814204333,2499.334809,0.076546316,25759
2023,IRQ,24950,19374.26751,0.83921399,3085.6479,0.071959171,32058
2024,IRQ,1428,841.4298187,1.048666436,288.9298187,0.995291897,2635
1990,ISL,161,114.2516234,0.772815879,23.41829004,0.056697784,257
1991,ISL,215,153.5914449,1.00360859,31.75811158,0.105675465,303
1992,ISL,221,160.9083084,1.125372451,28.50830836,0.114567861,308
1993,ISL,207,150.2130536,1.279332588,32.21305363,0.123988524,354
1994,ISL,238,174.039649,0.999170509,37.41464903,0.083427911,368
1995,ISL,269,207.4715594,1.107120801,33.7715594,0.107531441,419
1996,ISL,320,211.1612322,1.247675004,52.99456552,0.095230869,416
1997,ISL,350,230.4509529,1.034113247,55.48428621,0.082532974,496
1998,ISL,391,240.9580821,1.088617422,63.62626394,0.107474084,513
1999,ISL,376,224.8447089,1.070944479,69.8018518,0.099411959,528
2000,ISL,368,224.171731,1.262028382,68.5455405,0.098001305,538
2001,ISL,399,246.0563488,1.120782201,72.38968215,0.096122165,636
2002,ISL,485,323.1037599,1.267391372,87.68709318,0.114006575,829
2003,ISL,502,275.316242,1.282259636,96.63290871,0.121711707,669
2004,ISL,545,325.2203863,1.303098696,114.2858625,0.118407026,735
2005,ISL,649,370.2763384,1.339137629,138.9668146,0.127042294,830
2006,ISL,674,389.8766735,1.322301805,137.8290544,0.118619829,922
2007,ISL,743,394.534186,1.440143159,171.1413289,0.114103391,923
2008,ISL,823,440.2212944,1.472306949,180.6101833,0.133561697,1044
2009,ISL,989,514.9809716,1.265693803,217.3143049,0.126727131,1146
2010,ISL,1142,596.0554056,1.465997459,275.0554056,0.155264378,1329
2011,ISL,1125,586.957998,1.142636011,242.757998,0.107532734,1321
2012,ISL,1272,670.8698174,1.242241256,279.9531507,0.119045717,1460
2013,ISL,1270,622.3040911,1.257546704,289.6945673,0.116284613,1391
2014,ISL,1325,628.6479822,1.161653215,292.7876219,0.105692719,1496
2015,ISL,1422,655.5326536,1.187325668,312.5326536,0.10850909,1511
2016,ISL,1584,721.5075472,1.039172696,359.8408805,0.093346399,1627
2017,ISL,1574,690.7609391,1.148183073,359.0109391,0.12646119,1625
2018,ISL,1674,763.7365343,1.096713573,391.7198676,0.105482617,1965
2019,ISL,1755,737.464296,0.972697687,389.464296,0.082674838,1802
2020,ISL,1756,760.0568835,1.145452445,417.5152168,0.107626693,1975
2021,ISL,1931,829.662774,1.08331555,448.9544407,0.089959569,2111
2022,ISL,2015,846.1204684,1.016870246,449.2633255,0.09580761,2229
2023,ISL,1960,819.261093,1.01838859,439.09813,0.112544664,2146
2024,ISL,204,80.44490905,1.216560899,51.61157572,1,409
1990,ISR,7388,6244.431951,0.969896905,753.0827448,0.087077882,10501
1991,ISR,7597,6330.751542,0.975254673,870.3519386,0.09039061,10662
1992,ISR,7823,6454.176189,0.962682551,918.6604963,0.084874746,11111
1993,ISR,8771,7230.557318,0.966195457,1001.259613,0.087377565,12359
1994,ISR,9139,7489.035267,0.988175762,1118.753521,0.092810865,12718
1995,ISR,9509,7832.386335,0.988819496,1058.656284,0.096417022,13465
1996,ISR,10828,8355.124974,1.056958234,1471.433774,0.107719318,13987
1997,ISR,11240,8702.489424,1.062359218,1536.614957,0.100789596,14736
1998,ISR,11038,8442.941469,1.085705059,1598.406682,0.105196363,14436
1999,ISR,11008,8393.927352,1.111755887,1591.545593,0.104896144,14843
2000,ISR,11972,9342.718976,1.082116874,1699.930118,0.103714238,16245
2001,ISR,12120,9492.150269,1.148649366,1754.550352,0.113730047,17087
2002,ISR,12723,10012.7755,1.123061716,1872.97253,0.113989507,17519
2003,ISR,13471,10069.19452,1.14863852,2173.592383,0.11070428,17222
2004,ISR,14011,10635.77825,1.152963915,2274.176941,0.112468886,18251
2005,ISR,14349,10770.3721,1.16433556,2365.571268,0.114788506,18953
2006,ISR,15287,11536.0619,1.152713742,2537.699414,0.111629367,19834
2007,ISR,15408,11515.47447,1.131819535,2490.72168,0.111046958,20108
2008,ISR,15763,11704.90652,1.152184932,2617.456327,0.110686391,20464
2009,ISR,15871,11733.47474,1.143738918,2625.506061,0.112477694,20866
2010,ISR,15983,11444.83542,1.150788679,2748.738337,0.11198305,20939
2011,ISR,16559,11736.15151,1.163636378,2906.77438,0.117570726,21659
2012,ISR,17196,12199.0819,1.096967785,2912.353529,0.105366466,22498
2013,ISR,17263,12114.5705,1.094455478,2975.63973,0.104308407,23049
2014,ISR,18013,12654.04685,1.133779967,3089.370962,0.10650261,23854
2015,ISR,18859,12911.49974,1.082490722,3379.900821,0.102267695,25287
2016,ISR,19432,13246.76696,1.059964137,3511.434337,0.098332716,26214
2017,ISR,19777,13429.3866,1.047000668,3462.390156,0.095733799,27384
2018,ISR,20736,13865.31966,1.038491399,3710.11915,0.096928432,28092
2019,ISR,21356,14165.4482,1.020985576,3836.291056,0.092482357,29161
2020,ISR,22724,14840.17129,0.967089259,4095.581517,0.090409379,30943
2021,ISR,24815,16448.75344,1.101975917,4345.727768,0.095987999,34187
2022,ISR,24603,16292.75927,1.047519714,4179.570615,0.095042791,34947
2023,ISR,24467,16011.15088,0.982458685,4185.894617,0.099599714,34917
2024,ISR,2130,1360.960008,1.112455722,377.1025205,0.994021706,5934
1990,ITA,29229,26893.3128,0.609274688,1955.11538,0.053339478,61014
1991,ITA,28082,25533.5516,0.681400688,2156.378255,0.059684607,60365
1992,ITA,29863,26896.47698,0.669643051,2472.121719,0.057321674,63323
1993,ITA,30750,27486.34865,0.734024272,2675.657008,0.063526007,66369
1994,ITA,32793,29096.63633,0.772104879,3034.267033,0.067746769,69616
1995,ITA,32728,28673.08235,0.818474445,3266.989308,0.07332737,68409
1996,ITA,39334,33453.04017,0.847277388,4574.925279,0.076873917,74928
1997,ITA,40747,34281.48536,0.847822245,4974.516855,0.075920442,76863
1998,ITA,40211,33274.18151,0.944354311,5260.969702,0.083818771,74556
1999,ITA,40625,32864.47934,0.937130317,5313.335112,0.086920953,72866
2000,ITA,42716,35256.45191,0.968969948,5700.56695,0.090693973,78206
2001,ITA,44147,36827.83231,0.989015773,5825.988632,0.095631689,84016
2002,ITA,46949,38691.07195,1.00837161,6512.631078,0.099825398,86622
2003,ITA,52202,41833.94776,0.978040269,7779.465141,0.093282342,89134
2004,ITA,55518,44406.98298,1.017915833,8614.804848,0.096949998,95902
2005,ITA,60354,47823.65227,1.053958835,9554.165303,0.103512013,102151
2006,ITA,64314,50748.7384,1.04707969,10452.46713,0.102905295,108207
2007,ITA,69191,54165.19799,1.064561446,11439.92426,0.103455796,114043
2008,ITA,72057,56239.78735,1.055710012,11909.76483,0.104935834,118969
2009,ITA,76150,59139.89572,1.070835238,12621.5195,0.106258251,122987
2010,ITA,77709,59175.97118,1.134569199,13148.99019,0.116457771,124680
2011,ITA,81373,61454.76308,1.15504083,13991.69017,0.119012564,128613
2012,ITA,87271,65587.40367,1.199406592,15249.22847,0.124517977,136418
2013,ITA,93162,69840.69899,1.183373674,16704.18166,0.125461184,142559
2014,ITA,96425,71765.40807,1.207484461,17743.25351,0.12668256,148436
2015,ITA,100358,73924.20448,1.17491103,19211.4075,0.12475019,155524
2016,ITA,102580,74368.72408,1.162307634,19974.60032,0.124770841,157986
2017,ITA,106357,76441.78137,1.150843122,20897.94829,0.121093907,162406
2018,ITA,109951,78075.221,1.138705471,22229.39804,0.120884584,165025
2019,ITA,117046,83576.28824,1.129270902,23067.25395,0.119816545,173882
2020,ITA,130419,92603.79482,1.148695317,25318.29528,0.117548757,190351
2021,ITA,140793,99437.22285,1.131448899,26780.24738,0.116149399,204445
2022,ITA,138180,96871.52091,1.151872453,26460.49073,0.120550445,207932
2023,ITA,135629,94121.53995,1.178974829,26631.00349,0.123197543,208712
2024,ITA,11966,7813.733574,1.038946934,2583.684924,0.998807507,43615
1990,JAM,201,162.9357864,0.58679602,29.1024531,0.044077599,303
1991,JAM,185,149.216342,0.538776884,28.21634199,0.028444903,281
1992,JAM,216,172.4566017,0.548057778,26.6232684,0.049400512,325
1993,JAM,233,185.3478938,0.527617634,30.81456044,0.043633091,342
1994,JAM,245,197.2744048,0.644403918,32.27440476,0.033498179,361
1995,JAM,271,209.3974281,0.478607974,38.31409473,0.01883712,430
1996,JAM,277,201.1581252,0.550852174,47.24145854,0.028855497,386
1997,JAM,259,177.8603983,0.558228193,50.74373168,0.041773179,353
1998,JAM,277,180.9216792,0.416937401,59.21215539,0.02451672,364
1999,JAM,279,188.7579303,0.495292413,48.85793028,0.018125799,403
2000,JAM,294,211.250913,0.424069599,46.91480186,0.011081179,444
2001,JAM,361,282.407043,0.527077343,49.87370962,0.035671368,576
2002,JAM,377,275.9008078,0.45110811,56.56747451,0.017588846,559
2003,JAM,401,283.1451928,0.481190844,75.56185943,0.027708035,562
2004,JAM,465,325.7971555,0.590447344,87.59715555,0.025940422,609
2005,JAM,453,320.2649906,0.534981329,95.16499056,0.034212835,664
2006,JAM,494,344.2150688,0.553793424,96.59840214,0.030570344,679
2007,JAM,554,387.2638543,0.529673092,110.830521,0.022741628,791
2008,JAM,592,409.4939093,0.611612397,108.4939093,0.035092534,890
2009,JAM,627,434.3854186,0.550279632,105.268752,0.031240399,884
2010,JAM,587,365.8887287,0.477709449,103.6006945,0.023842435,761
2011,JAM,682,455.4496112,0.560966817,127.7277858,0.034452286,939
2012,JAM,667,455.8618164,0.485574254,126.0284831,0.034390423,942
2013,JAM,668,423.9894102,0.611785486,119.5866324,0.025942501,882
2014,JAM,714,477.966431,0.516515629,125.2902405,0.024016827,1002
2015,JAM,619,368.6763973,0.598695843,136.3097306,0.035932894,885
2016,JAM,664,407.4363248,0.629965429,126.9363248,0.053527053,951
2017,JAM,745,469.3035807,0.55215736,143.9702473,0.034064681,1087
2018,JAM,738,451.9474513,0.522379842,153.6331656,0.029474555,1093
2019,JAM,773,447.4365838,0.666871475,146.6865838,0.041580458,1144
2020,JAM,820,445.0827191,0.646817547,179.2160524,0.050256332,1088
2021,JAM,865,475.602596,0.680058502,181.9359293,0.048188343,1189
2022,JAM,849,452.169894,0.752854128,171.5865607,0.046410417,1116
2023,JAM,821,426.4647678,0.597518861,172.9647678,0.061161909,1146
2024,JAM,81,36.45483943,5.747067354,17.95483943,1,144
1997,JEY,1,1,2.14603137,,0,1
1999,JEY,17,11.675,0.147859786,2.675,0,24
2000,JEY,24,15.44215686,0.347954369,4.442156863,0,32
2001,JEY,23,18.23717949,0.198771992,4.737179487,0,38
2002,JEY,17,6.080357143,0.53321858,4.580357143,0.054821341,18
2003,JEY,7,3.266666667,1.614632045,2.266666667,0.204081633,7
2004,JEY,11,3.14273088,0.615955719,2.976064214,0.159097301,12
2005,JEY,18,6.38023088,0.777196881,3.88023088,0.052244713,18
2006,JEY,19,7.129061625,0.438745912,5.629061625,0.056776323,19
2007,JEY,23,6.18050887,0.95003568,5.18050887,0.139511959,21
2008,JEY,34,15.98719388,0.32934876,5.987193878,0.001276532,26
2009,JEY,24,10.63789789,0.497858357,5.637897886,0.02534409,28
2010,JEY,22,7.978105636,0.488025511,4.978105636,0.018767942,23
2011,JEY,26,7.026582326,1.548076758,7.026582326,0.086908999,24
2012,JEY,36,10.69079532,0.632678954,7.690795316,0.050666639,38
2013,JEY,29,10.52404719,0.623263701,4.024047195,0.139075428,31
2014,JEY,43,16.92305127,0.397301584,7.923051266,0.013131333,49
2015,JEY,34,16.60613566,0.775468461,5.10613566,0.072670346,58
2016,JEY,33,15.69453782,0.528107102,8.194537815,0.01858396,54
2017,JEY,34,15.5029977,0.960898754,10.5029977,0.052617349,60
2018,JEY,29,10.00577469,0.897315564,7.005774687,0.106287828,41
2019,JEY,35,14.8442721,0.665955036,5.844272096,0.03999191,36
2020,JEY,29,10.57913377,1.152751834,5.579133775,0.208810443,51
2021,JEY,35,11.84268454,0.783689711,7.342684538,0.034901996,50
2022,JEY,40,12.64861875,0.799087206,8.648618749,0.043203504,83
2023,JEY,38,11.23765782,0.668956896,8.237657823,0.052331279,60
2024,JEY,3,0.200163399,0,0.200163399,1,3
1990,JOR,277,235.0133783,0.446853956,29.05504496,0.026523313,350
1991,JOR,258,216.8939394,0.380822113,22.14393939,0.047258121,376
1992,JOR,246,202.6979909,0.403545501,26.1979909,0.018578917,349
1993,JOR,222,191.6768038,0.367826647,19.92680375,0.013216692,330
1994,JOR,292,241.8777889,0.38464782,34.37778888,0.017915383,416
1995,JOR,338,284.7828755,0.369477047,39.54954212,0.006034737,479
1996,JOR,448,355.9789794,0.373957412,57.62897935,0.015804839,604
1997,JOR,525,408.8365463,0.430842595,65.08654628,0.018507804,695
1998,JOR,593,460.4597037,0.483515001,83.12637034,0.032181847,772
1999,JOR,607,477.1375262,0.47712756,88.70419288,0.033588147,798
2000,JOR,679,557.3628538,0.544062635,84.91285381,0.033632796,858
2001,JOR,678,552.344041,0.535524,84.90594581,0.031350645,838
2002,JOR,760,615.2441248,0.532642714,101.0869819,0.03503519,942
2003,JOR,863,679.9655089,0.485617765,115.6321755,0.026687218,1000
2004,JOR,976,774.5513915,0.595257155,130.8097248,0.03821542,1132
2005,JOR,1089,825.6052372,0.51893684,149.8552372,0.033077391,1295
2006,JOR,1332,1028.078268,0.636539127,183.9973152,0.041025328,1572
2007,JOR,1570,1206.686355,0.550905501,220.0807998,0.042074234,1882
2008,JOR,1856,1425.046944,0.61312826,282.6040873,0.047361255,2319
2009,JOR,2015,1556.627773,0.597202953,301.0492011,0.042539902,2658
2010,JOR,2341,1763.904792,0.563835902,378.2047919,0.041012116,3094
2011,JOR,2448,1815.881132,0.546328256,371.6977984,0.0394198,3164
2012,JOR,2560,1858.927071,0.523144868,420.3342139,0.043230979,3240
2013,JOR,2426,1754.409753,0.616078116,409.3224513,0.040624726,3180
2014,JOR,2456,1707.332776,0.61912363,433.2518236,0.055134809,3248
2015,JOR,2537,1735.359948,0.703499629,484.4932812,0.064599028,3449
2016,JOR,2950,2020.910503,0.710439875,570.5533601,0.052576369,3856
2017,JOR,3438,2373.907903,0.812693688,626.5412361,0.076785988,4537
2018,JOR,4298,2938.811075,0.879764944,813.511075,0.080299164,5275
2019,JOR,5309,3685.753926,0.888593615,968.7479736,0.081601864,6645
2020,JOR,6483,4382.990115,0.939356047,1224.012445,0.091719953,8062
2021,JOR,7740,4938.093466,1.068986418,1529.37045,0.105729518,9460
2022,JOR,9294,5869.996814,1.13528382,1918.305147,0.118087537,10816
2023,JOR,11216,6645.573607,1.252514532,2435.251781,0.118979121,12369
2024,JOR,1072,543.8333366,0.870290104,237.3888921,0.990714067,1941
1990,JPN,69393,66552.71188,0.780259391,2121.38128,0.071252792,135161
1991,JPN,70112,66911.50279,0.776723838,2358.955808,0.068610051,136696
1992,JPN,71367,67830.67555,0.76384121,2721.317904,0.06680097,141777
1993,JPN,77041,73081.96369,0.763175791,3099.63598,0.067045609,149817
1994,JPN,81786,77268.55251,0.75038257,3610.366905,0.064868257,156544
1995,JPN,84673,79718.07869,0.759110978,3858.95578,0.065310099,162096
1996,JPN,94623,86408.09993,0.836527036,6056.818653,0.073427347,168984
1997,JPN,98637,89721.82648,0.841786631,6693.616375,0.076499563,176549
1998,JPN,99407,89979.13183,0.857635423,7014.786753,0.077091515,178422
1999,JPN,102450,92557.40814,0.838712787,7043.051388,0.075663141,181741
2000,JPN,105440,95483.44744,0.844761581,7664.931672,0.074893102,189635
2001,JPN,104567,94812.32837,0.893437529,7643.032172,0.084451634,191423
2002,JPN,107796,97066.6132,0.86438665,8488.719084,0.080361905,197415
2003,JPN,112599,98494.5,0.86271357,10392.26775,0.078123789,197158
2004,JPN,116728,102467.5124,0.855246392,10922.44656,0.07850289,206452
2005,JPN,126646,111169.1654,0.830658569,12377.95073,0.076102351,218178
2006,JPN,129556,112861.8753,0.840619531,13123.49809,0.076607442,222059
2007,JPN,125129,108688.1008,0.858081957,12800.02812,0.077550655,220872
2008,JPN,123075,106386.6736,0.859119182,12632.3232,0.076585657,222051
2009,JPN,126113,109278.8046,0.83943136,12848.47678,0.075713925,228562
2010,JPN,126557,108207.6528,0.838609684,12956.37757,0.074693972,226493
2011,JPN,130196,110359.2244,0.835729776,13410.38094,0.075326071,232008
2012,JPN,129642,109242.0047,0.829270787,13700.40412,0.071051435,234233
2013,JPN,131410,110561.5501,0.810898398,14092.87292,0.069900462,239814
2014,JPN,125837,106336.2376,0.816412175,13847.40017,0.070553829,240295
2015,JPN,122207,102155.4815,0.77323127,13746.10414,0.065408569,235156
2016,JPN,125214,103332.0087,0.77018642,14412.34024,0.06375879,243858
2017,JPN,127817,105015.1841,0.749798079,14916.60359,0.059043767,245015
2018,JPN,129741,105508.6315,0.736567176,15727.77435,0.056974627,250001
2019,JPN,129409,103979.3202,0.737668394,15846.23413,0.05652961,247995
2020,JPN,132527,104903.2634,0.700331455,16911.12261,0.053341584,254190
2021,JPN,140120,111816.0095,0.700131089,17050.62773,0.050998352,267770
2022,JPN,134091,106375.5764,0.717159067,15932.76733,0.05607524,260986
2023,JPN,125466,98610.24104,0.711252736,14991.51527,0.065912649,253687
2024,JPN,11691,9001.693885,0.613951761,1501.31495,0.997253579,47619
2021,JRE,1,0.4,0,0.4,0,2
2022,JRE,2,1.833333333,1.586354529,0.833333333,0.454545455,14
2023,JRE,3,2.1,0,0.1,0,10
2024,JRE,2,0.122377622,0,0.122377622,1,2
1990,KAZ,100,87.8993754,0.096386233,7.899375404,0.011376645,274
1991,KAZ,101,87.04334734,0.076907378,12.37668067,0,247
1992,KAZ,140,117.093427,0.137723285,12.34342697,0.001296966,446
1993,KAZ,123,109.9428571,0.167141866,9.442857143,0.014401421,411
1994,KAZ,112,93.66112687,0.19887989,10.66112687,0.011044953,252
1995,KAZ,138,111.1995133,0.202608472,16.1995133,0.010491653,279
1996,KAZ,262,219.1746633,0.159796198,22.81752049,0.008638793,481
1997,KAZ,211,168.0789351,0.164228084,22.32337957,0.006490457,401
1998,KAZ,252,198.1601784,0.208441522,33.94805715,0.009146641,434
1999,KAZ,213,162.9344383,0.299302996,23.43443833,0.011716927,431
2000,KAZ,238,184.2891741,0.310160917,27.5891741,0.029301195,415
2001,KAZ,253,198.9856763,0.251590019,29.28567627,0.010834234,498
2002,KAZ,295,223.8895742,0.210961672,35.10624092,0.002001863,504
2003,KAZ,353,243.0911555,0.257736766,54.02210784,0.017792605,560
2004,KAZ,336,225.3825913,0.311482883,60.74925794,0.024429917,521
2005,KAZ,371,245.2621434,0.194175496,73.70381009,0.007436189,652
2006,KAZ,338,236.8850993,0.281725687,65.55176599,0.019059068,610
2007,KAZ,372,230.6736546,0.306877874,77.50698797,0.021223488,636
2008,KAZ,364,239.2650643,0.282359282,72.12220715,0.025821769,624
2009,KAZ,434,275.3959366,0.303473314,87.56260322,0.02880148,675
2010,KAZ,468,324.2771949,0.342485729,85.27719486,0.023040662,777
2011,KAZ,564,401.5557722,0.385504165,107.9724389,0.025745656,908
2012,KAZ,823,587.561184,0.526205756,155.561184,0.062291854,1276
2013,KAZ,1770,1389.845463,0.331897422,262.4121296,0.027415177,3082
2014,KAZ,2356,1847.781609,0.305864187,372.606212,0.025869488,4694
2015,KAZ,2466,1848.326584,0.405701927,442.7015843,0.035332937,4744
2016,KAZ,3485,2655.170898,0.409746563,611.8042309,0.031140043,7251
2017,KAZ,3636,2603.775489,0.512703254,730.9421554,0.049524279,7300
2018,KAZ,4150,2965.86125,0.651913129,850.4779167,0.064724751,8359
2019,KAZ,5113,3451.98261,0.623008679,1222.486578,0.05912341,9257
2020,KAZ,5727,3987.296746,0.61372811,1359.130764,0.059539797,10650
2021,KAZ,5998,3972.016268,0.670343759,1453.446427,0.061426254,11026
2022,KAZ,6248,4254.231081,0.641183868,1499.003493,0.056880142,12260
2023,KAZ,6555,4531.424253,0.758335146,1539.040162,0.069872632,13460
2024,KAZ,459,300.5130478,0.489396848,104.5130478,0.937242246,1419
1990,KEN,431,345.3026505,0.784475755,57.30265045,0.064998136,636
1991,KEN,425,329.6296953,0.876949421,65.79636197,0.065876992,675
1992,KEN,494,385.1151165,0.626425684,72.91511655,0.059002244,847
1993,KEN,514,406.6759082,0.628277052,73.9814638,0.048881518,877
1994,KEN,480,367.6378839,0.635835536,77.8045506,0.052558895,805
1995,KEN,456,328.3467293,0.828549589,86.88006267,0.061181617,807
1996,KEN,641,390.1906764,0.862332109,144.0073431,0.066975812,882
1997,KEN,680,425.4905645,0.720262777,150.3865963,0.060032806,971
1998,KEN,604,370.0085195,0.70224403,138.6228053,0.060188648,887
1999,KEN,620,373.0405117,0.870428028,156.0357498,0.074060229,892
2000,KEN,595,355.6206891,0.90391632,139.5373557,0.080848271,852
2001,KEN,668,416.8846987,0.864597166,160.7735875,0.068718906,1036
2002,KEN,717,448.2229814,0.773342123,153.5801242,0.060607745,1149
2003,KEN,822,431.9130542,0.786973784,216.7463875,0.061119719,1129
2004,KEN,862,478.7690302,0.814364822,236.4856969,0.065474734,1241
2005,KEN,886,476.9300444,0.952031556,232.1538539,0.086261562,1336
2006,KEN,999,519.3508831,0.872554735,294.4508831,0.076061879,1485
2007,KEN,1143,598.9069122,0.960174908,291.3544591,0.080866661,1738
2008,KEN,1199,629.5359887,0.995766745,329.5245168,0.093186809,1875
2009,KEN,1357,743.396771,0.89394456,347.599152,0.081153827,2136
2010,KEN,1563,832.7846376,0.952106427,395.9334471,0.085201737,2409
2011,KEN,1746,895.1096918,0.964608456,463.1430251,0.081612376,2802
2012,KEN,1742,848.586956,0.987276847,447.6168331,0.081042528,2791
2013,KEN,1938,925.099978,0.940954783,529.136511,0.088586435,3127
2014,KEN,2265,1031.783164,1.038162232,591.5510212,0.103415414,3594
2015,KEN,2324,1093.002071,0.899999327,570.3354046,0.077957747,3949
2016,KEN,2491,1139.031939,0.881653505,615.7652727,0.078193505,4081
2017,KEN,2733,1247.125336,0.89622313,711.0181933,0.083278119,4293
2018,KEN,2978,1384.654407,0.887258272,772.4710734,0.073802701,4855
2019,KEN,3363,1554.175211,0.888400763,870.1073536,0.07774742,5157
2020,KEN,4090,1916.455548,0.837107556,1000.213123,0.079421785,6084
2021,KEN,4726,2142.869388,0.814293616,1149.036054,0.063186961,7074
2022,KEN,4806,2101.535714,0.800749573,1131.419048,0.069912172,7314
2023,KEN,4672,2095.564701,0.717337381,1142.238943,0.073009699,7442
2024,KEN,382,148.1942782,1.24764332,102.9442782,0.996626051,921
1990,KGZ,4,3.5,0,,0,12
1991,KGZ,9,7.583333333,0.01607607,1.083333333,0,32
1992,KGZ,22,20.75,0.125778299,0.75,0,42
1993,KGZ,19,19,0.064675834,,0,49
1994,KGZ,23,19.95,0.26046725,1.95,0.050125313,52
1995,KGZ,15,12.23333333,0.233803847,1.233333333,0,29
1996,KGZ,34,20.86337535,0.168289734,5.86337535,0.008458391,50
1997,KGZ,30,24.54285714,0.14887864,4.542857143,0,68
1998,KGZ,43,30.54642857,0.199141838,6.379761905,0,70
1999,KGZ,38,28.3031746,0.348118004,6.303174603,0.030620829,61
2000,KGZ,38,24.43776844,0.102906941,9.437768441,0,68
2001,KGZ,42,25.59949634,0.316938285,7.599496337,0.017465788,61
2002,KGZ,40,24.80868703,0.274705004,6.308687026,0.003359038,60
2003,KGZ,33,19.19203852,0.460291282,6.192038517,0.041249744,52
2004,KGZ,44,27.85396825,0.114231216,5.853968254,0.003590153,65
2005,KGZ,79,41.99776278,0.217890879,15.16442944,0.012987705,104
2006,KGZ,79,50.36708312,0.348685211,15.03374979,0.029119547,118
2007,KGZ,72,38.51386517,0.350400613,17.01386517,0.037551568,103
2008,KGZ,95,57.59615596,0.384736288,17.59615596,0.011999258,128
2009,KGZ,73,38.74983944,0.344283396,18.41650611,1.94E-04,127
2010,KGZ,67,33.9307784,0.786481137,16.9307784,0.098696586,99
2011,KGZ,96,47.08434576,0.370022974,16.75101243,0.021794727,140
2012,KGZ,108,55.83358017,0.682550768,20.83358017,0.057723039,139
2013,KGZ,145,61.22917971,0.608166982,31.22917971,0.059191924,189
2014,KGZ,141,65.0585507,0.379709995,29.0585507,0.027112216,165
2015,KGZ,147,58.24725125,0.386815,31.84725125,0.033307684,201
2016,KGZ,227,114.8111088,0.471809287,41.3111088,0.038549984,305
2017,KGZ,258,119.0247923,0.514974512,52.44145893,0.035568959,347
2018,KGZ,302,143.342171,0.495284814,72.50883762,0.04424571,462
2019,KGZ,415,210.3138312,0.385746696,85.69716456,0.028557347,618
2020,KGZ,524,233.7019791,0.432388331,100.7853124,0.031086666,688
2021,KGZ,602,251.0123974,0.641268609,124.0123974,0.049294581,754
2022,KGZ,616,272.5154766,0.503993042,146.9321433,0.043681174,798
2023,KGZ,675,303.6212775,0.45431355,160.3046108,0.042754253,1035
2024,KGZ,46,14.724672,0.208591753,10.224672,0.885517702,68
1991,KHM,1,1,0,,0,3
1992,KHM,1,1,0,,0,2
1993,KHM,6,5.071428571,0.368947775,0.666666667,0,12
1994,KHM,9,6.675,0.041234668,1.675,0,24
1995,KHM,6,4.083333333,0.372542101,1.083333333,0.06122449,13
1996,KHM,10,5.092857143,0.929686881,1.75952381,0,10
1997,KHM,13,6.941666667,0.488978586,4.941666667,0,26
1998,KHM,16,9.798015873,1.059090931,4.46468254,0.080798672,31
1999,KHM,26,10.88827561,0.447060792,5.05494228,0,37
2000,KHM,27,16.16432179,0.511937659,4.664321789,0.041611337,43
2001,KHM,30,14.5202381,0.636918209,5.686904762,0.012708043,37
2002,KHM,48,25.50140457,0.708142956,12.00140457,0.045038263,82
2003,KHM,51,24.18395206,0.815359814,15.48395206,0.066553382,73
2004,KHM,81,33.24893012,0.663944302,21.49893012,0.041119269,121
2005,KHM,78,32.57760758,1.059247999,21.57760758,0.050904341,128
2006,KHM,105,44.15913972,0.855513863,33.65913972,0.090920188,180
2007,KHM,133,48.44609821,1.272527339,38.44609821,0.098354577,240
2008,KHM,134,50.26373567,0.970326429,39.26373567,0.065377734,198
2009,KHM,160,56.66399156,1.38956586,46.46399156,0.106120086,263
2010,KHM,175,57.05317785,1.172060755,42.05317785,0.124209552,264
2011,KHM,186,68.55183039,1.432092361,50.45183039,0.116977762,311
2012,KHM,220,71.50027011,1.135965277,50.91693677,0.10458424,351
2013,KHM,236,79.66104088,1.238409332,65.54992977,0.105049833,432
2014,KHM,263,84.56203154,1.214371629,68.56203154,0.091607573,470
2015,KHM,305,97.53588207,1.195353982,77.03588207,0.103882402,507
2016,KHM,369,109.7504539,1.128113492,93.25045387,0.090811876,534
2017,KHM,384,114.2412144,0.954144908,100.7412144,0.075673323,567
2018,KHM,447,140.2565955,0.849711079,111.4232622,0.066791386,676
2019,KHM,479,135.7181644,0.829402197,116.0753072,0.082228275,727
2020,KHM,522,160.2055353,0.761220913,130.7055353,0.047131542,722
2021,KHM,548,161.7689599,0.825173407,119.6022932,0.068720883,720
2022,KHM,641,198.0703899,0.824462457,135.5703899,0.064181167,849
2023,KHM,580,193.6027716,1.021103688,137.2694382,0.094015406,896
2024,KHM,45,11.78488153,0.230816147,9.78488153,1,116
1990,KIR,35,28.64285714,1.277522347,3.642857143,0.209476309,51
1991,KIR,28,24.44444444,1.217683298,2.444444444,0.192045455,39
1992,KIR,35,29.31666667,0.835979379,1.733333333,0.164866401,48
1993,KIR,24,19.66666667,0.528166187,1.833333333,0.042372881,28
1994,KIR,33,26.86666667,0.45488721,3.866666667,0,53
1995,KIR,30,25.74215686,0.459628899,2.742156863,0.041131889,42
1996,KIR,2,0.95,0.475524624,0.95,0,4
1997,KIR,1,0.333333333,0,0.333333333,0,1
1998,KIR,2,0.708333333,0.54361889,0.375,0,4
2003,KIR,2,1.076923077,0.031108464,0.076923077,0,3
2006,KIR,2,0.308823529,0.588394717,0.308823529,0,4
2007,KIR,6,2.505555556,2.070926809,1.505555556,0.399113082,6
2009,KIR,1,0.333333333,0,0.333333333,0,1
2010,KIR,1,0.333333333,0.416860322,0.333333333,0,1
2012,KIR,1,1,0,,0,1
2013,KIR,5,0.710568087,0.500120762,0.710568087,0.078184704,6
2014,KIR,7,1.685660801,0.473034151,1.685660801,0,14
2015,KIR,6,1.425,1.049257321,1.425,0,6
2016,KIR,6,1.994444444,0.747203399,1.994444444,0.100278552,10
2017,KIR,6,1.521367521,1.2316261,1.521367521,0.050561798,11
2018,KIR,3,0.455026455,0.724012154,0.455026455,0,6
2019,KIR,15,4.451623377,0.448022303,3.451623377,0,14
2020,KIR,15,3.981989981,0.754738949,3.981989981,0.037527993,23
2021,KIR,11,2.003659951,1.655802537,2.003659951,0.371883565,15
2022,KIR,11,1.824335011,0.945720544,1.824335011,0.202073933,19
2023,KIR,13,2.307944272,0.894773618,2.307944272,0.076176472,21
2024,KIR,1,0.142857143,0,0.142857143,1,1
1990,KNA,1,1,0,,0,4
1992,KNA,3,3,0.214892032,,0,3
1993,KNA,2,1.3125,0.246581425,0.3125,0,8
1994,KNA,2,0.944444444,1.276417558,0.944444444,0.470588235,5
1995,KNA,1,0.2,0.311570481,0.2,0,1
1996,KNA,1,0.25,1.874680328,0.25,0,1
1997,KNA,4,1.726190476,0.652092082,0.726190476,0,5
1998,KNA,3,1.533333333,0.727210781,0.533333333,0,3
1999,KNA,7,4.34478022,0.417259245,0.34478022,0.032880177,8
2000,KNA,2,1.5,0.119955188,0.5,0,2
2001,KNA,1,1,0,,0,3
2002,KNA,6,0.609231412,4.609820847,0.609231412,0.410353103,6
2003,KNA,3,1.5,0,0.5,0,3
2004,KNA,5,1.22875817,9.249443169,0.72875817,0.909574468,8
2005,KNA,8,2.563095238,0.726515736,1.313095238,0.027868091,4
2006,KNA,14,3.711111111,1.311632789,2.711111111,0.166167665,6
2007,KNA,16,4.344480519,0.419029427,3.344480519,0,14
2008,KNA,15,5.70952381,0.492208372,4.70952381,0.035029191,12
2009,KNA,20,8.293290043,0.632167922,4.293290043,0.060289704,19
2010,KNA,24,6.497985348,1.050294387,5.497985348,0.076946926,28
2011,KNA,19,6.072869674,0.932415296,3.572869674,0.159373936,23
2012,KNA,40,14.7356139,0.909454331,7.735613903,0.036193493,47
2013,KNA,38,15.53455988,1.330077279,11.53455988,0.08560023,53
2014,KNA,75,22.59866845,0.835007726,15.59866845,0.04497544,72
2015,KNA,96,29.68033297,1.427821962,19.68033297,0.08619712,91
2016,KNA,114,30.14442532,0.957297203,22.14442532,0.097941709,100
2017,KNA,93,31.97756798,0.944136385,22.97756798,0.08207171,102
2018,KNA,113,33.93901846,0.746665151,24.93901846,0.011688709,108
2019,KNA,106,36.63498863,0.895842727,25.63498863,0.069150652,144
2020,KNA,140,43.96643149,0.489732178,31.96643149,0.010856917,174
2021,KNA,139,37.63411285,0.675287578,30.63411285,0.047886212,117
2022,KNA,132,39.39749992,0.688530531,28.06416659,0.030389653,138
2023,KNA,125,37.68753717,0.608411192,27.68753717,0.076534263,155
2024,KNA,18,4.749246309,0.256406975,3.749246309,1,30
1990,KOR,2425,2093.829878,0.57847606,192.1513067,0.046688232,5037
1991,KOR,2840,2382.978286,0.610976488,270.9413814,0.053662318,5743
1992,KOR,3266,2773.695593,0.606880796,290.8821007,0.0474911,6607
1993,KOR,4230,3601.13476,0.623262454,358.001427,0.053950362,8681
1994,KOR,5345,4539.218885,0.682737476,464.6211576,0.059507733,10655
1995,KOR,6982,5967.133001,0.6729814,594.8770851,0.052628731,13755
1996,KOR,10641,8936.45765,0.676752468,979.152888,0.058885969,18836
1997,KOR,13288,11358.12266,0.679113373,1213.849151,0.059176893,23502
1998,KOR,14375,12232.1059,0.724339657,1384.053614,0.064263102,25322
1999,KOR,17058,14828.97448,0.744342701,1486.623341,0.064078094,29653
2000,KOR,18377,15994.94577,0.848495302,1672.473887,0.077437056,33391
2001,KOR,21036,18392.23486,0.868762786,1946.423401,0.08456647,39188
2002,KOR,23293,20169.52397,0.873903122,2399.272942,0.08468864,42278
2003,KOR,28011,23748.73295,0.860897027,3124.298582,0.082610692,46878
2004,KOR,32406,27733.5629,0.857909508,3632.859197,0.08110286,54292
2005,KOR,37656,31979.88777,0.878851767,4298.280712,0.080957942,63107
2006,KOR,43754,37447.99798,0.842266743,4899.715961,0.077859909,72061
2007,KOR,48069,41292.16996,0.832838356,5366.521441,0.076738697,80544
2008,KOR,50892,43777.2303,0.873549171,5695.264538,0.081983446,85829
2009,KOR,53589,46027.04823,0.878091052,5922.597328,0.07996822,89920
2010,KOR,59504,50691.84524,0.90716308,6554.838264,0.080105954,96483
2011,KOR,64932,55060.54256,0.917905449,7265.373519,0.085807232,102419
2012,KOR,69109,58455.04007,0.935108041,7855.528867,0.082921159,108772
2013,KOR,72619,61465.81633,0.899183835,8393.821893,0.079802694,115282
2014,KOR,76252,64888.01093,0.888535418,8832.161392,0.078507774,121992
2015,KOR,79843,68017.93451,0.862653564,9419.398385,0.074116093,128167
2016,KOR,81068,68675.14515,0.843524929,9668.30181,0.072875095,130339
2017,KOR,82070,69362.87171,0.86587219,9984.315537,0.073442334,136441
2018,KOR,84529,70883.75907,0.883840889,10525.27478,0.077426692,136888
2019,KOR,89599,74750.1124,0.916939049,11151.43989,0.083539857,143258
2020,KOR,93236,76566.66627,0.906785431,11909.17411,0.084563272,148316
2021,KOR,98866,80506.13233,0.921160338,12610.07103,0.082173044,155625
2022,KOR,99280,79412.04392,0.928095958,12710.27283,0.084488187,160590
2023,KOR,97348,76803.54689,0.882561226,13238.11622,0.089146141,162842
2024,KOR,10163,7677.336369,0.742704019,1612.09559,0.998099109,33365
1990,KWT,567,508.9358919,0.384358915,54.38033633,0.025512004,927
1991,KWT,301,258.5511905,0.43009598,38.15119048,0.021078998,530
1992,KWT,195,163.4238095,0.343031582,28.92380952,0.008158746,354
1993,KWT,200,173.747619,0.491815408,25.94761905,0.040288322,373
1994,KWT,333,280.1918831,0.492296364,36.85854978,0.026569094,502
1995,KWT,412,340.5465118,0.574295068,47.79651182,0.045001195,600
1996,KWT,622,483.444773,0.522366304,89.85191586,0.033296756,791
1997,KWT,637,503.6653892,0.540908232,78.75705585,0.044547501,845
1998,KWT,697,548.7581197,0.583957009,95.72319904,0.048058008,952
1999,KWT,714,558.7767071,0.548901034,88.54254409,0.038297782,991
2000,KWT,627,502.7616826,0.582578009,81.53549208,0.022223656,880
2001,KWT,656,537.9752409,0.561319863,75.49984409,0.035987008,946
2002,KWT,654,530.2684121,0.543501584,90.00174548,0.032053249,996
2003,KWT,720,527.469048,0.504569928,109.9892861,0.025753432,956
2004,KWT,785,581.120225,0.613313296,116.7118916,0.049921092,1068
2005,KWT,870,647.7475408,0.614282077,149.2896043,0.033391291,1235
2006,KWT,936,710.7633352,0.573326253,153.5800019,0.037200856,1257
2007,KWT,1010,769.6174927,0.666265688,156.5341594,0.046721512,1435
2008,KWT,1133,820.6876751,0.647060971,186.9376751,0.048224178,1491
2009,KWT,1178,860.829863,0.63067877,186.5417677,0.057014588,1608
2010,KWT,1149,816.2994964,0.569918778,188.900254,0.043845372,1513
2011,KWT,1217,861.2039488,0.61786466,203.7206155,0.045493632,1658
2012,KWT,1267,903.9670188,0.603995297,223.4420188,0.041535098,1954
2013,KWT,1341,932.4536401,0.688412192,244.2524497,0.059998893,1946
2014,KWT,1325,860.7475051,0.738084835,258.8808384,0.066029335,1763
2015,KWT,1429,932.5629564,0.657854654,275.2296231,0.050488466,2140
2016,KWT,1535,943.8109568,0.691345217,300.1442901,0.058902891,2056
2017,KWT,1697,1016.601189,0.751346505,327.396427,0.065146843,2290
2018,KWT,1891,1170.059298,0.737966163,365.3569167,0.062141859,2556
2019,KWT,2309,1334.665789,0.786287433,473.9698579,0.068183153,2965
2020,KWT,2450,1338.953017,0.908342695,515.8748781,0.092496606,2794
2021,KWT,2857,1449.480613,0.914787521,594.7899845,0.087709387,3143
2022,KWT,3197,1503.282529,0.926613271,651.5671615,0.088337348,3225
2023,KWT,3605,1618.800536,0.98908854,733.2747781,0.102725887,3566
2024,KWT,368,128.812176,0.661709733,65.81217597,1,461
1991,LAO,1,1,0,,0,5
1992,LAO,5,2.833333333,1.102031234,0.833333333,0.352941176,7
1994,LAO,1,1,0,,0,1
1995,LAO,8,6.333333333,1.003929839,2.333333333,0,11
1996,LAO,11,3.98030303,0.420849734,3.98030303,0,21
1997,LAO,11,3.775811688,0.777366665,3.775811688,0.088281239,19
1998,LAO,12,7.358974359,1.092655175,3.858974359,0.135888502,31
1999,LAO,9,3.908730159,0.44421782,2.158730159,0,22
2000,LAO,17,7.216688867,0.410531937,6.216688867,0,42
2001,LAO,14,5.90952381,0.790288336,4.90952381,0.132554392,31
2002,LAO,23,11.83937729,0.564416897,7.839377289,0.003519329,42
2003,LAO,36,14.82254094,0.79355103,11.82254094,0.053811222,52
2004,LAO,65,35.61247502,0.357840007,13.94580836,0.0168146,98
2005,LAO,57,16.92037309,0.905010622,14.92037309,0.065573247,78
2006,LAO,80,34.70102567,0.964015717,20.20102567,0.118071487,123
2007,LAO,67,21.98723488,1.119425085,21.98723488,0.153418265,123
2008,LAO,90,29.79170517,0.690047112,25.79170517,0.051812736,131
2009,LAO,91,35.0816592,0.940769082,26.5816592,0.061760667,148
2010,LAO,108,40.37504007,0.782992567,29.37504007,0.057081315,170
2011,LAO,137,40.5594666,0.917316023,37.0594666,0.075873309,197
2012,LAO,178,53.16837893,1.005797436,49.58504559,0.089039162,223
2013,LAO,184,65.43679956,0.834128665,53.10346622,0.041170495,274
2014,LAO,179,52.59313472,0.901676211,49.75980138,0.062447747,247
2015,LAO,192,57.05641678,0.879834034,52.05641678,0.065771369,274
2016,LAO,225,74.23414946,0.857354201,65.23414946,0.053497113,329
2017,LAO,206,65.5387944,0.8313078,55.5387944,0.055248175,309
2018,LAO,258,76.70917644,0.786375131,63.62584311,0.0550504,391
2019,LAO,300,82.65028139,0.86292705,70.15028139,0.067739193,409
2020,LAO,275,74.55050673,0.604340342,70.55050673,0.02719191,389
2021,LAO,294,75.8271607,0.748391879,68.8271607,0.05864648,383
2022,LAO,288,72.57113277,0.805245184,66.07113277,0.048710152,406
2023,LAO,263,65.37737512,0.658663238,60.37737512,0.06618759,339
2024,LAO,30,7.893748763,3.190337565,7.893748763,1,59
1990,LBN,88,69.45277778,0.434391075,11.32777778,0.022625856,171
1991,LBN,114,96.23644689,0.391155716,11.73644689,0.032039144,193
1992,LBN,190,157.4459707,0.401310437,20.61263736,0.016962231,333
1993,LBN,201,158.1638889,0.477659011,25.16388889,0.033931049,347
1994,LBN,201,159.8777778,0.480074808,27.37777778,0.027223176,333
1995,LBN,198,160.4895604,0.422162439,21.98956044,0.026852362,344
1996,LBN,325,248.9131691,0.373363575,43.74650247,0.018125614,535
1997,LBN,388,284.5844729,0.55111291,62.8566951,0.040132498,587
1998,LBN,414,303.7514497,0.440203413,58.70621164,0.020171217,695
1999,LBN,452,328.658644,0.538975227,66.3844016,0.028336875,711
2000,LBN,560,437.1552682,0.571583825,82.40526824,0.052136104,884
2001,LBN,584,450.3756728,0.585777753,82.50900618,0.055657456,954
2002,LBN,579,428.2675128,0.574147056,84.18417947,0.040291393,951
2003,LBN,692,495.4594874,0.560525713,108.7641411,0.045788603,1052
2004,LBN,760,522.9842215,0.573488597,149.8762527,0.045759817,1119
2005,LBN,886,599.6442604,0.637055108,152.0332215,0.049954592,1269
2006,LBN,1066,700.6300263,0.720602383,200.5901713,0.051040428,1418
2007,LBN,1112,716.7743207,0.700916254,195.094101,0.059304603,1513
2008,LBN,1264,810.296782,0.712859581,230.3519768,0.052222768,1706
2009,LBN,1318,847.8055807,0.742760862,226.6984379,0.059443071,1740
2010,LBN,1415,866.7382513,0.789830269,249.2803148,0.080017085,1815
2011,LBN,1618,987.7674873,0.782021078,310.1579635,0.070091169,2088
2012,LBN,1835,1081.268956,0.76416651,352.7316542,0.059400196,2421
2013,LBN,1998,1147.926272,0.80214513,398.032224,0.065727778,2623
2014,LBN,2240,1277.036497,0.792193674,446.6476084,0.070149692,3042
2015,LBN,2388,1345.409065,0.830951527,495.7423987,0.072333731,3269
2016,LBN,2753,1506.557136,0.874082222,547.4618979,0.074913174,3721
2017,LBN,2961,1631.872415,0.864301337,613.8890813,0.074931136,4141
2018,LBN,3494,2037.548245,0.834129009,719.5565784,0.076642186,4872
2019,LBN,3742,2116.164742,0.91342566,787.8123611,0.088693668,5267
2020,LBN,4278,2367.19504,0.946966503,895.156187,0.086191311,5820
2021,LBN,4259,2267.575755,0.977840127,981.384846,0.081702049,6029
2022,LBN,4313,2123.306307,0.989779538,1041.70472,0.096064347,5886
2023,LBN,6177,2353.610273,1.357022559,1362.282495,0.131536892,5918
2024,LBN,824,241.5710302,1.972399486,163.8210302,0.998336212,938
1990,LBR,11,6.646212121,0.641424101,1.646212121,0.093468597,14
1991,LBR,12,8.532679739,0.2338768,1.532679739,0.013787821,27
1992,LBR,11,4.847222222,0.80614303,1.847222222,0.041260745,16
1993,LBR,6,2.041666667,0.697448841,2.041666667,0,11
1994,LBR,2,2,0.089920477,,0,3
1995,LBR,5,2.733333333,0.416737346,1.733333333,0,11
1996,LBR,3,2.142857143,0.062558304,0.142857143,0,7
1997,LBR,1,0.6,1.084451229,0.6,0,3
1998,LBR,2,1.3,0.435215914,1.3,0,5
2000,LBR,3,2.4,0.850085049,0.4,0,4
2001,LBR,4,1.18,2.43378086,1.18,0.06779661,5
2002,LBR,3,0.353968254,1.43066058,0.353968254,0,2
2003,LBR,4,2.25,0.354062993,1.25,0,6
2004,LBR,4,1.53715035,0.345112238,0.53715035,0.05004265,7
2005,LBR,3,1.121212121,0.300520205,1.121212121,0,6
2006,LBR,8,3.096903097,0.442049556,2.096903097,0.088064516,17
2007,LBR,7,5.083333333,0.141140715,1.083333333,0,12
2008,LBR,9,2.555465776,0.714400417,1.055465776,0.027951293,8
2009,LBR,6,4.466666667,0.23476014,1.466666667,0,9
2010,LBR,8,4.573051948,0.653106686,1.573051948,0,18
2011,LBR,18,8.526821789,0.686838555,5.526821789,0.03909233,43
2012,LBR,19,7.515874769,0.970779557,3.515874769,0.05120475,34
2013,LBR,26,7.893661894,0.713549758,5.893661894,0.060325674,39
2014,LBR,31,10.53824966,2.336912282,6.338249665,0.08638718,52
2015,LBR,52,13.35339785,1.656642095,11.35339785,0.172107756,93
2016,LBR,66,18.17759004,1.277614702,13.67759004,0.172374056,113
2017,LBR,72,24.55748972,1.05554938,15.05748972,0.10408924,128
2018,LBR,83,22.16729546,0.989013339,18.16729546,0.091067114,162
2019,LBR,97,24.6050831,0.892753714,22.6050831,0.046735725,148
2020,LBR,71,20.16533429,0.726676372,14.66533429,0.046100269,116
2021,LBR,115,31.42976383,0.521050945,24.0964305,0.027405808,232
2022,LBR,160,48.41916729,0.648410549,36.41916729,0.072213959,349
2023,LBR,286,88.34249878,1.137148153,59.61700859,0.125488045,549
2024,LBR,48,13.70742505,0.082728727,7.207425048,1,106
1990,LBY,63,56.11666667,0.287963372,5.116666667,0.017820018,123
1991,LBY,77,65.28333333,0.228277558,7.283333333,0,129
1992,LBY,78,69.2452381,0.229302334,6.495238095,0.028882853,151
1993,LBY,65,57.30952381,0.199993117,5.30952381,0,133
1994,LBY,56,47.37857143,0.196538564,6.378571429,0,85
1995,LBY,62,49.10833333,0.162270879,8.108333333,0,110
1996,LBY,62,38.47043651,0.206575048,15.47043651,0.008664662,103
1997,LBY,74,46.95989566,0.298989315,12.92656233,0.020949072,112
1998,LBY,85,55.25528442,0.295542223,17.17195109,0.018097817,135
1999,LBY,65,43.11984127,0.206619835,11.11984127,0,123
2000,LBY,86,66.87619048,0.238444732,17.62619048,0.007476502,166
2001,LBY,66,46.76071429,0.226939271,13.26071429,0.013365921,119
2002,LBY,61,43.45198413,0.351889114,11.45198413,0.004602782,104
2003,LBY,82,55.18234127,0.269519455,16.09900794,0.00776646,119
2004,LBY,107,65.52455035,0.281405885,21.02455035,0.001271788,137
2005,LBY,128,82.3264652,0.323990842,29.5764652,0.026162257,182
2006,LBY,148,97.53165209,0.378614818,29.36498542,0.042128103,215
2007,LBY,185,125.1426513,0.464966725,30.89265125,0.037351314,279
2008,LBY,235,148.7034006,0.382601159,43.2034006,0.023291277,328
2009,LBY,359,250.378053,0.317584032,59.43519588,0.014265607,616
2010,LBY,489,328.1702499,0.342791667,87.57934079,0.020687497,737
2011,LBY,267,140.5533043,0.403809058,67.89945819,0.023126875,404
2012,LBY,352,192.6774038,0.532496127,71.39407045,0.025668553,465
2013,LBY,478,269.6777466,0.443425927,91.42774662,0.039293448,662
2014,LBY,493,256.5761604,0.512077838,110.9094937,0.055815081,667
2015,LBY,440,198.6236099,0.53989354,103.7902766,0.049294419,592
2016,LBY,387,161.5378779,0.801457178,92.1212112,0.090382743,524
2017,LBY,452,192.5366591,0.75927226,106.0366591,0.090971506,554
2018,LBY,490,187.5436625,0.916069623,103.5436625,0.100336419,748
2019,LBY,550,219.3420873,0.827220882,121.3420873,0.084150283,669
2020,LBY,691,291.7916897,0.909363757,139.9083563,0.085138846,937
2021,LBY,1059,497.5262839,0.834548142,204.0262839,0.083468128,1572
2022,LBY,1008,451.3587925,0.965938369,196.0921259,0.110255082,1459
2023,LBY,1023,420.7411871,0.971380452,207.7411871,0.106720028,1409
2024,LBY,72,24.82657555,2.637724962,12.82657555,1,115
1990,LCA,4,2.476190476,0.080365633,0.476190476,0,3
1991,LCA,4,2.75,0.883742651,0.75,0,6
1992,LCA,1,0.111111111,0.651652312,0.111111111,0,1
1993,LCA,4,1.842857143,0.423387024,0.842857143,0,6
1994,LCA,3,1.2,1.365146298,1.2,0,5
1995,LCA,1,1,5.248004008,,1,6
1996,LCA,6,2.976190476,1.164503803,0.476190476,0.252,6
1997,LCA,4,1.45,1.129350032,0.45,0.344827586,3
1998,LCA,4,1.392857143,3.349548712,0.892857143,0.358974359,4
1999,LCA,1,0.25,0.306864133,0.25,0,1
2000,LCA,3,2,0.298552867,0.5,0,4
2001,LCA,3,2.333333333,0.119477034,0.333333333,0,3
2002,LCA,4,3.166666667,0,0.166666667,0,5
2003,LCA,2,0.590909091,1.079787997,0.090909091,0.153846154,2
2004,LCA,4,3.333333333,0.401372967,0.333333333,0,9
2005,LCA,4,0.916666667,0.370185905,0.916666667,0,4
2006,LCA,6,2.476190476,0.359669588,1.476190476,0,6
2007,LCA,13,4.201190476,0.321667149,2.701190476,0,10
2008,LCA,6,3.611111111,0.224115065,1.611111111,0,6
2009,LCA,2,2,0.310003174,,0,3
2010,LCA,9,5.01025641,0.304371679,1.51025641,0,10
2011,LCA,7,3.102631579,0.3285166,2.102631579,0,10
2012,LCA,3,0.405357143,0.953662538,0.405357143,0.154185022,3
2013,LCA,3,1.23030303,0.345255132,1.23030303,0,9
2014,LCA,4,0.326671984,1.308639785,0.326671984,0.10715739,4
2015,LCA,14,3.106611732,0.636272598,3.106611732,0.033551273,14
2016,LCA,15,4.425562247,0.964729636,2.425562247,0.226714702,17
2017,LCA,11,3.322268908,0.418661093,2.322268908,4.92E-04,13
2018,LCA,11,4.346929825,0.219345383,2.346929825,0,12
2019,LCA,12,2.952747253,0.471887988,2.952747253,0,10
2020,LCA,14,3.341709567,1.11025868,2.341709567,0.166261743,15
2021,LCA,10,3.508333333,0.474879728,3.508333333,0,17
2022,LCA,20,4.867948718,0.549666063,3.867948718,0.034663958,27
2023,LCA,13,3.897090059,0.407499638,2.897090059,0.01255855,19
2024,LCA,1,0.142857143,0,0.142857143,1,1
1990,LIE,20,17.40238095,0.716076851,1.402380952,0.057463401,33
1991,LIE,8,7.25,0.19696302,0.25,0.034482759,13
1992,LIE,18,14.45,0.754387861,2.45,0.058823529,31
1993,LIE,18,13.35952381,0.932577663,2.35952381,0.119764748,23
1994,LIE,23,18.39166667,0.548379115,2.058333333,0.009062075,35
1995,LIE,20,14.44285714,1.455924241,2.442857143,0.225024728,23
1996,LIE,17,12.07619048,0.666093616,3.076190476,0.053233438,22
1997,LIE,31,18.56317155,0.822304817,5.563171551,0.07669008,32
1998,LIE,12,5.68015873,1.530130969,1.513492063,0.195612687,14
1999,LIE,26,18.01349206,1.432651516,2.513492063,0.137991805,36
2000,LIE,31,17.69444444,0.720084802,6.694444444,0.070643642,31
2001,LIE,13,7.616666667,1.034978072,2.616666667,0.218818381,24
2002,LIE,19,8.44478022,0.750475603,4.44478022,0.144441914,29
2003,LIE,36,17.02376374,0.842496612,8.340430403,0.064615558,46
2004,LIE,41,19.98281441,0.968201505,9.732814408,0.153657676,46
2005,LIE,64,34.86834734,1.592517425,15.03501401,0.209040274,76
2006,LIE,61,35.43941141,1.189845689,16.43941141,0.163725064,90
2007,LIE,55,23.91756993,1.235271555,12.41756993,0.172224517,64
2008,LIE,91,43.13771514,0.947944236,25.65945427,0.108456635,96
2009,LIE,69,27.4717144,1.624900249,16.2217144,0.115674535,72
2010,LIE,110,48.00816049,1.388782417,26.10816049,0.197141358,85
2011,LIE,100,50.73565062,1.235876439,27.56898396,0.155041009,90
2012,LIE,102,41.84584443,1.567959058,22.34584443,0.214158283,98
2013,LIE,101,41.96749223,1.61714035,23.96749223,0.178354221,106
2014,LIE,128,50.26784926,1.415787919,30.26784926,0.141288696,114
2015,LIE,116,44.68107181,1.286202034,27.68107181,0.141612314,97
2016,LIE,123,54.96257017,1.560900538,30.96257017,0.174955453,117
2017,LIE,126,52.64636787,1.300771669,34.64636787,0.140660463,114
2018,LIE,127,44.06530178,1.826029614,34.06530178,0.184513091,97
2019,LIE,132,47.35949408,1.414436137,27.85949408,0.213479709,115
2020,LIE,131,56.02017416,1.886792834,31.52017416,0.160849301,130
2021,LIE,145,51.42459556,1.092569673,34.25792889,0.155200451,147
2022,LIE,162,49.29658889,1.347328074,32.79658889,0.162665945,147
2023,LIE,164,57.00468594,1.11799571,38.50468594,0.114659644,172
2024,LIE,8,2.009181141,0,2.009181141,1,12
1990,LKA,199,156.1164502,0.404028305,28.11645022,0.021244825,296
1991,LKA,180,142.7198413,0.349855551,23.17222222,0.017516836,246
1992,LKA,198,160.2180195,0.370137881,22.05135281,0.034224199,303
1993,LKA,198,157.1857143,0.336955105,23.85238095,0.021418401,283
1994,LKA,212,168.1896825,0.291636965,28.32301587,0.011594052,314
1995,LKA,181,142.3190476,0.442160504,22.65238095,0.028340081,278
1996,LKA,240,170.2514456,0.380934296,41.40144561,0.0124559,352
1997,LKA,293,212.0968795,0.36764074,36.09687951,0.021825718,449
1998,LKA,279,200.7604935,0.419110995,45.99382681,0.02449021,462
1999,LKA,285,213.0478385,0.573818931,40.48117185,0.052306842,455
2000,LKA,285,213.3111527,0.56751146,45.59448607,0.060406206,459
2001,LKA,301,227.2579287,0.458545971,50.56348428,0.029037235,503
2002,LKA,340,262.8064555,0.548684466,46.7231222,0.050810056,574
2003,LKA,429,285.7895264,0.6770671,87.03952638,0.04995538,666
2004,LKA,453,288.2920211,0.601392588,84.24202106,0.053551034,652
2005,LKA,546,357.0881039,0.587657803,107.5881039,0.040967995,762
2006,LKA,618,407.556898,0.599154062,124.3640408,0.0450631,998
2007,LKA,714,458.0257006,0.638065229,142.7757006,0.053818487,1064
2008,LKA,785,536.110977,0.606614408,150.2776436,0.038934514,1244
2009,LKA,803,518.4373897,0.569143445,152.120723,0.038940865,1218
2010,LKA,851,549.5806367,0.601360163,154.7234938,0.041973215,1321
2011,LKA,924,613.3687274,0.601860656,154.4592036,0.045409553,1511
2012,LKA,1049,659.3412007,0.617400446,187.1162007,0.044345314,1603
2013,LKA,1215,784.9252667,0.639580171,201.8086,0.049310352,2058
2014,LKA,1243,771.3918406,0.582293248,231.6418406,0.029272651,2013
2015,LKA,1350,815.8998538,0.658843367,242.0141395,0.05465953,2240
2016,LKA,1876,1218.083162,0.632912298,296.260146,0.045455104,3085
2017,LKA,2088,1362.039117,0.779095099,355.5057835,0.066284794,3598
2018,LKA,2323,1548.828615,0.730166584,393.1952818,0.0594966,4112
2019,LKA,2640,1770.761668,0.821716949,446.7616677,0.071509511,4739
2020,LKA,2990,1980.944096,0.777876953,499.7274291,0.064040641,5353
2021,LKA,3796,2584.691839,0.715827041,642.2251721,0.061076925,6914
2022,LKA,3945,2615.281775,0.790475424,710.8484416,0.078640642,7224
2023,LKA,3464,2129.295957,0.668948152,689.8126232,0.072688294,6156
2024,LKA,318,190.5161804,1.166607441,64.51618041,0.999171227,854
1990,LSO,15,11.07448107,0.234234515,2.074481074,0,28
1991,LSO,12,9.726190476,0.345281634,0.726190476,0.05997552,12
1992,LSO,8,6.833333333,0.680178178,0.333333333,0,7
1993,LSO,13,9.2,0.425662661,1.7,0.036231884,15
1994,LSO,10,7.933333333,0.570557838,0.933333333,0.06302521,20
1995,LSO,9,5.369047619,1.073785487,1.869047619,0.186252772,19
1996,LSO,17,10.67424242,0.383678788,3.174242424,0.031227821,17
1997,LSO,11,8.666666667,0.397891626,0.833333333,0,13
1998,LSO,7,5.833333333,0.542272605,0.333333333,0,5
1999,LSO,14,9.533333333,0.133966195,2.033333333,0,20
2000,LSO,13,8.25,0.35519432,3.25,0,13
2001,LSO,14,11.41666667,0.246788313,1.416666667,0,14
2002,LSO,19,14.08333333,0.291335444,2.583333333,0.00591716,22
2003,LSO,10,6.392857143,0.532440147,2.142857143,0.052141527,14
2004,LSO,19,8.195609946,1.406269307,4.195609946,0.131402432,20
2005,LSO,20,9.850093371,0.447506685,4.405648926,0.005971875,23
2006,LSO,27,15.58157486,0.437588238,5.581574858,0.016343135,31
2007,LSO,26,11.15691063,0.456287833,4.8235773,0.021937546,25
2008,LSO,37,18.05122655,0.481311912,7.551226551,0.032535273,34
2009,LSO,31,14.22199883,0.348490769,6.721998834,0.012440099,34
2010,LSO,28,14.248557,0.400716403,5.915223665,0.005848545,38
2011,LSO,35,14.96340604,0.530457495,6.463406038,0.055134506,40
2012,LSO,33,20.15436508,0.453745065,8.154365079,0.029770226,47
2013,LSO,37,18.65326797,0.338109349,6.653267974,0.020316454,46
2014,LSO,34,15.37691241,0.553395304,5.376912409,0.03710191,43
2015,LSO,44,21.18298105,0.566113636,8.682981046,0.012385938,67
2016,LSO,50,31.70752524,0.593625906,10.20752524,0.017429035,67
2017,LSO,46,24.8503824,0.530467193,7.850382395,0.045829834,62
2018,LSO,56,25.13209787,0.649993362,12.13209787,0.029081659,79
2019,LSO,92,49.36262292,0.636866345,19.36262292,0.064458045,112
2020,LSO,99,41.67477146,0.457556419,20.67477146,0.021501159,150
2021,LSO,123,56.67765715,0.522473968,23.67765715,0.030124234,171
2022,LSO,144,58.53098857,0.545569116,28.53098857,0.038177897,185
2023,LSO,138,58.56629363,0.855338014,27.31629363,0.055362484,176
2024,LSO,11,5.019602985,6.363186754,4.019602985,1,26
1990,LTU,164,143.3113276,0.331629652,17.47799423,0.019479735,306
1991,LTU,223,191.4142857,0.400201009,23.24761905,0.018894445,383
1992,LTU,252,202.0982684,0.413247599,33.86493506,0.019427136,450
1993,LTU,224,179.5718254,0.535132059,37.22420635,0.047003343,385
1994,LTU,308,240.6032579,0.511130572,40.81754357,0.023210254,527
1995,LTU,375,294.334676,0.485282986,47.83467595,0.029757724,557
1996,LTU,588,447.2894405,0.518578025,77.0442024,0.02548106,800
1997,LTU,630,481.1418748,0.575090859,88.15854144,0.042698523,855
1998,LTU,697,547.2362412,0.542938521,82.21957457,0.040436062,882
1999,LTU,795,583.2977915,0.526032561,125.2406486,0.035467362,1071
2000,LTU,808,607.7717598,0.514672409,107.5717598,0.037157158,1073
2001,LTU,857,654.9751552,0.467333069,113.1918219,0.024472978,1197
2002,LTU,1250,1005.018239,0.459822749,139.4753816,0.032324791,1851
2003,LTU,1277,983.0836632,0.481114857,160.0503299,0.0324012,1831
2004,LTU,1596,1263.661826,0.546830313,197.2618258,0.040692132,2314
2005,LTU,1914,1542.221932,0.532908329,235.7259007,0.036801294,2727
2006,LTU,2213,1804.393641,0.611893741,243.3658631,0.045859568,3124
2007,LTU,2161,1728.69482,0.687018051,277.4948203,0.049531432,3246
2008,LTU,3002,2530.260229,0.757593708,332.0421549,0.070141419,3972
2009,LTU,2825,2325.823594,0.644367507,327.692642,0.048474432,4053
2010,LTU,2932,2398.69601,0.627731075,294.6102954,0.051358688,4144
2011,LTU,3141,2522.054582,0.576885761,357.9212486,0.039756424,4580
2012,LTU,3017,2328.281548,0.536636689,365.0339293,0.037245866,4442
2013,LTU,3037,2342.784625,0.666613399,392.5393866,0.056183601,4612
2014,LTU,3356,2560.005697,0.579655283,453.0945854,0.04531104,4964
2015,LTU,3496,2595.061283,0.566334778,500.418426,0.041857746,5169
2016,LTU,3457,2445.779991,0.636913589,490.9883241,0.049413129,5141
2017,LTU,3702,2566.120049,0.694467051,564.0307328,0.058375399,5345
2018,LTU,3953,2634.033642,0.685768354,655.7938983,0.0542574,5504
2019,LTU,4516,3028.55301,0.674581296,705.0427289,0.055481063,6092
2020,LTU,5011,3329.111234,0.709031557,813.0207573,0.058533027,6639
2021,LTU,5317,3472.557653,0.772455889,884.5632089,0.060090444,6807
2022,LTU,5260,3519.554772,0.7269684,836.1381058,0.057797953,7019
2023,LTU,5068,3213.91814,0.724435683,812.6943308,0.070496603,6731
2024,LTU,449,270.4048548,1.427987143,95.90485483,0.997534561,1100
1990,LUX,75,58.50757576,0.212836484,8.007575758,0.01579697,123
1991,LUX,85,68.11349206,0.775608806,9.113492063,0.095079408,153
1992,LUX,70,44.13550704,0.58761964,11.13550704,0.045126176,105
1993,LUX,105,73.37439593,0.628151628,12.82176435,0.088365023,182
1994,LUX,84,58.51025641,1.222718331,8.843589744,0.135723363,129
1995,LUX,87,62.76599871,0.514832543,8.707175178,0.002920902,153
1996,LUX,128,74.38213076,0.553374916,23.79879743,0.066556548,202
1997,LUX,158,86.78030668,0.519528352,27.82197334,0.02854616,254
1998,LUX,146,86.98354978,0.521331348,32.06688312,0.026104188,240
1999,LUX,138,78.98647781,0.692120611,27.48647781,0.03061605,218
2000,LUX,163,95.60554331,0.667819022,34.60554331,0.027485622,248
2001,LUX,176,106.3175558,0.724662279,30.31755581,0.070290218,263
2002,LUX,214,132.7812376,0.61499264,32.86457094,0.070914658,352
2003,LUX,276,144.6468412,0.821923102,52.91350788,0.078618245,353
2004,LUX,389,211.7494384,0.798125211,87.74943842,0.081177975,470
2005,LUX,419,221.7138323,0.850660824,98.94716562,0.098927237,575
2006,LUX,561,282.8163621,0.770607892,126.0663621,0.063216627,680
2007,LUX,643,320.8581064,0.821727243,148.3581064,0.098870985,793
2008,LUX,950,483.3484675,0.997433601,209.0318008,0.117779264,1094
2009,LUX,1146,563.7551174,1.145534774,264.5408317,0.117770345,1262
2010,LUX,1312,644.4903298,1.058770721,301.480806,0.117884183,1380
2011,LUX,1494,775.5298471,1.195094597,357.2131804,0.127196274,1628
2012,LUX,1583,753.3068173,1.23410052,367.3457062,0.125561034,1620
2013,LUX,1876,940.2407201,1.316833236,449.6069539,0.153489974,1836
2014,LUX,2129,1061.47342,1.2455077,516.1400863,0.134279233,2072
2015,LUX,2115,992.4851965,1.341525295,510.4518632,0.148158232,2162
2016,LUX,2159,1027.180953,1.366825301,484.0642866,0.151091874,2213
2017,LUX,2276,1027.481749,1.13472449,516.0650822,0.122428357,2291
2018,LUX,2409,1097.320263,1.109216787,544.2369295,0.113326671,2400
2019,LUX,2556,1119.654033,1.242148055,590.3123659,0.133096227,2564
2020,LUX,2561,1102.077939,1.175127071,593.6612723,0.12995665,2589
2021,LUX,2852,1208.980145,1.149721393,667.6982996,0.116567174,2846
2022,LUX,3039,1304.969004,1.236915413,731.3717814,0.136024591,3117
2023,LUX,3018,1287.889382,1.047822895,697.9512866,0.108468779,3085
2024,LUX,264,103.3107012,1.620205589,65.97736791,0.990320461,620
1990,LVA,203,177.9288961,0.265486134,21.9288961,0.025291002,491
1991,LVA,241,206.345671,0.282727217,29.92900433,0.02134652,507
1992,LVA,296,255.3086219,0.457719725,32.55862193,0.028549325,537
1993,LVA,318,260.1476923,0.512864803,48.71912083,0.050099746,535
1994,LVA,271,211.4339827,0.533297933,40.43398268,0.055754101,422
1995,LVA,312,224.9619519,0.482316493,51.21195194,0.023788855,460
1996,LVA,398,300.5014686,0.450949722,56.51889279,0.038266242,613
1997,LVA,513,376.690563,0.434743818,90.52389637,0.034101686,671
1998,LVA,445,305.4965739,0.461640923,75.82788705,0.033744249,601
1999,LVA,475,327.8929391,0.489603976,82.15960581,0.027774911,688
2000,LVA,420,282.4817406,0.442703276,65.31507398,0.030334495,665
2001,LVA,454,330.7035071,0.500491104,75.87017378,0.032227426,694
2002,LVA,481,332.1782181,0.537956681,86.47821808,0.035922653,656
2003,LVA,434,275.7045582,0.518275186,81.02836769,0.038626627,644
2004,LVA,463,290.799648,0.520813412,82.43298138,0.03461733,669
2005,LVA,656,452.0755411,0.484529523,106.4874458,0.033237595,912
2006,LVA,594,398.8619766,0.500782938,96.39227967,0.029092083,864
2007,LVA,691,492.835067,0.545735762,119.2517337,0.042336534,1038
2008,LVA,894,655.3991802,0.542674088,124.3158469,0.052458102,1363
2009,LVA,925,701.052294,0.514607873,114.8689606,0.033213325,1498
2010,LVA,1050,826.1336827,0.544442596,110.471778,0.046927813,1582
2011,LVA,1672,1367.047361,0.655856602,173.0640274,0.057659488,2372
2012,LVA,1535,1226.983794,0.605661697,175.7258577,0.047014917,2263
2013,LVA,1625,1279.876321,0.659795986,188.7409677,0.057878192,2475
2014,LVA,1598,1217.674529,0.696257527,200.174529,0.058064731,2400
2015,LVA,1987,1527.77314,0.752620814,254.5231401,0.074372447,2825
2016,LVA,2017,1456.339354,0.745644974,292.381021,0.063782658,2713
2017,LVA,2405,1719.631844,0.791545477,305.3818445,0.07472341,3029
2018,LVA,2340,1593.539272,0.734949184,292.4226055,0.070381276,3174
2019,LVA,2623,1815.677027,0.671267678,348.4484554,0.058639701,3394
2020,LVA,2719,1725.770837,0.645082445,418.6041705,0.062450749,3495
2021,LVA,3172,2076.639016,0.72930381,465.3235394,0.06613034,4088
2022,LVA,2985,1939.150248,0.709501611,426.578819,0.069900386,4106
2023,LVA,2989,1903.554068,0.885890825,441.2306557,0.08328309,4068
2024,LVA,184,95.97760574,0.285359199,28.47760574,1,512
1990,MAC,1,1,0,,0,6
1991,MAC,1,1,1.065902322,,0,1
1992,MAC,11,7.233333333,0.34063965,1.733333333,0,12
1993,MAC,6,5,0.217136066,1,0,6
1994,MAC,15,12.7,0.218986997,1.7,0,15
1995,MAC,14,11.33333333,0.257515012,1.333333333,0,12
1996,MAC,21,15.11111111,0.793545477,1.861111111,0.099264706,21
1997,MAC,20,15.64444444,0.685939956,1.144444444,0.015980114,30
1998,MAC,42,31.29285714,0.423545507,5.792857143,0.047934262,48
1999,MAC,41,29.99848485,0.221525504,6.998484848,0.006667003,48
2000,MAC,49,30.48419913,0.318593467,9.984199134,0.005964342,62
2001,MAC,50,30.74325397,0.574313731,9.243253968,0.054212435,74
2002,MAC,82,46.20198413,0.652506331,16.20198413,0.052306556,68
2003,MAC,107,61.18158688,0.698097638,30.43158688,0.050094878,95
2004,MAC,149,83.30175827,0.841836566,44.46842493,0.075535867,130
2005,MAC,217,146.8724567,0.858924127,54.78912338,0.100994657,184
2006,MAC,285,169.2116162,1.141102756,71.04494949,0.137709341,212
2007,MAC,290,164.5398677,1.027431054,70.87320105,0.119478756,267
2008,MAC,424,269.2039164,0.93463842,104.5372497,0.094595489,380
2009,MAC,483,300.6724438,1.035688903,109.6724438,0.113797563,438
2010,MAC,622,393.1571191,1.038033785,136.0737857,0.103349485,541
2011,MAC,746,467.5016348,1.093219603,193.9683015,0.123893121,689
2012,MAC,953,530.7694594,1.299555399,278.3694594,0.156964566,792
2013,MAC,1210,686.1051543,1.109776874,342.7265828,0.132709559,971
2014,MAC,1467,786.5958394,1.281945333,410.9291728,0.142609812,1095
2015,MAC,1708,863.4945415,1.231563701,492.4528749,0.138820878,1235
2016,MAC,2251,1113.521631,1.189774954,681.8485541,0.133772306,1548
2017,MAC,2529,1229.148036,1.369182727,737.7813694,0.150340123,1808
2018,MAC,2641,1233.375248,1.327951072,808.0419146,0.146979806,1970
2019,MAC,3126,1378.193543,1.390732155,927.2967176,0.157241382,2350
2020,MAC,3690,1587.250943,1.499466671,1041.034277,0.174565674,2753
2021,MAC,4557,1937.220807,1.518288682,1303.087473,0.187559038,3583
2022,MAC,5987,2549.783044,1.464875358,1682.94971,0.171098581,4626
2023,MAC,6688,2825.197655,1.357349159,1870.364321,0.140093773,5178
2024,MAC,843,335.8302801,1.435394158,226.3302801,0.999404461,1231
2021,MAF,4,0.833333333,0.535362866,0.833333333,0,5
2022,MAF,4,0.588585434,0.395752074,0.588585434,0,4
2023,MAF,2,0.059940848,0.056526245,0.059940848,0.018640351,2
1990,MAR,203,138.4617174,0.44070162,36.46171745,0.035235775,371
1991,MAR,258,164.0861255,0.429255436,47.00279215,0.019318724,444
1992,MAR,335,193.6422317,0.361984888,74.00334278,0.014660169,581
1993,MAR,357,243.5714828,0.269318295,71.07148284,0.003668696,682
1994,MAR,409,268.7051846,0.346451005,75.37185128,0.005586018,733
1995,MAR,554,348.7521426,0.430435321,101.4688093,0.029288959,1069
1996,MAR,834,472.5273891,0.364691098,169.4765955,0.020511033,1400
1997,MAR,923,576.4642829,0.377779736,172.9055528,0.013741181,1656
1998,MAR,1078,640.4295413,0.376751686,220.9925538,0.016248953,1862
1999,MAR,1208,784.8240477,0.394542065,246.2740477,0.022144034,2122
2000,MAR,1256,829.3122196,0.415249231,247.1288863,0.024051246,2263
2001,MAR,1330,929.3574757,0.416997353,250.8574757,0.024595188,2539
2002,MAR,1338,927.1034563,0.407211423,243.2928354,0.02570563,2649
2003,MAR,1352,909.8330509,0.420239769,273.4571851,0.022452866,2607
2004,MAR,1433,927.9609224,0.413052479,297.2430652,0.02472217,2673
2005,MAR,1392,901.8397221,0.467029482,297.6508333,0.029336568,2712
2006,MAR,1496,988.6437238,0.493414792,281.8806285,0.029867241,2787
2007,MAR,1600,1032.919407,0.466572537,305.9545258,0.032920455,3015
2008,MAR,1858,1202.900872,0.469095662,380.2125965,0.028644613,3401
2009,MAR,2190,1512.674227,0.454171017,396.8149537,0.033990712,4069
2010,MAR,2467,1678.248762,0.403036608,434.3427486,0.027540154,4556
2011,MAR,2936,2033.893006,0.467676564,492.3381723,0.033879478,5277
2012,MAR,3499,2389.236789,0.481758644,563.5053677,0.036181048,6130
2013,MAR,3713,2615.690417,0.484395119,598.001564,0.03490719,6505
2014,MAR,4655,3466.788953,0.471815709,730.5802227,0.032689091,7843
2015,MAR,4561,3312.364367,0.480917642,697.0893668,0.034273353,8082
2016,MAR,5996,4593.102585,0.665854065,858.4886965,0.055476188,9915
2017,MAR,6561,5113.901966,0.644852724,952.7837121,0.049394761,10835
2018,MAR,7228,5639.639285,0.739404018,1014.521825,0.062125843,11645
2019,MAR,8318,6521.48317,0.79953698,1255.766478,0.080888202,13509
2020,MAR,9668,7526.223851,0.853917825,1514.871867,0.091554577,18310
2021,MAR,10898,8286.961577,0.875087666,1832.890581,0.091956531,17327
2022,MAR,11923,9141.556873,0.956261048,2074.491198,0.101141092,19314
2023,MAR,13739,10655.4087,0.923073878,2295.713061,0.101860219,21462
2024,MAR,1285,976.2607472,0.893908659,266.5190806,1,3953
1990,MCO,13,10.35952381,1.020753595,1.35952381,0.096529533,24
1991,MCO,8,6.852631579,0.383063119,0.852631579,0.007680492,23
1992,MCO,11,8.186335404,2.077145877,1.186335404,0.12215478,36
1993,MCO,14,10.22619048,1.493700012,2.726190476,0.1443539,41
1994,MCO,23,17.31025641,0.704306784,3.31025641,0.100725818,35
1995,MCO,18,10.4556391,0.849953773,4.455639098,0.023910542,37
1996,MCO,17,7.828643579,1.331907781,3.828643579,0.188009769,23
1997,MCO,32,21.30039683,0.466638327,3.300396825,0.014084245,40
1998,MCO,33,21.03882784,0.952614308,5.838827839,0.076049864,48
1999,MCO,19,9.598656344,0.69071084,3.26532301,0.052090624,35
2000,MCO,18,7.88971584,1.697501346,5.556382506,0.374206247,42
2001,MCO,26,12.80833333,1.616314259,5.808333333,0.339405769,54
2002,MCO,23,15.52857143,1.298873627,6.028571429,0.12074517,54
2003,MCO,26,16.00653465,0.730582116,4.006534649,0.039046553,70
2004,MCO,52,23.99512612,0.608664209,8.717348338,0.045255553,65
2005,MCO,47,17.87381547,0.782822395,10.87381547,0.06666503,71
2006,MCO,47,22.58074542,0.566669985,6.289078757,0.04219308,87
2007,MCO,61,25.16251159,0.895336781,13.66251159,0.084608734,92
2008,MCO,63,24.07501762,0.972088216,14.07501762,0.068880211,88
2009,MCO,80,35.33769995,0.771265765,12.33769995,0.080505447,85
2010,MCO,70,31.1893687,0.862071812,12.6893687,0.072619707,91
2011,MCO,86,33.40087813,1.34782261,19.92468765,0.229348197,105
2012,MCO,79,24.65816587,1.14513717,17.65816587,0.145019943,100
2013,MCO,102,30.74182404,1.170069633,22.24182404,0.092247336,111
2014,MCO,87,27.42807918,0.994993629,15.42807918,0.145570871,125
2015,MCO,114,30.48586754,1.220447595,19.98586754,0.164604359,128
2016,MCO,125,34.88738,0.902193683,27.88738,0.093441459,150
2017,MCO,143,36.35877257,1.177727982,25.35877257,0.136231415,165
2018,MCO,127,36.18369203,0.817758429,26.18369203,0.076862971,148
2019,MCO,205,46.37221922,1.143819227,33.17221922,0.131941895,176
2020,MCO,192,42.23926761,1.295226507,31.23926761,0.153448283,156
2021,MCO,209,49.4377885,0.95416934,37.32667739,0.083555191,203
2022,MCO,219,58.86237025,1.250891416,38.86237025,0.146917039,204
2023,MCO,172,37.08333276,0.991110656,27.08333276,0.121168173,174
2024,MCO,13,2.309213772,0.371713248,1.309213772,1,20
1990,MDA,70,56.77063492,0.171496235,9.603968254,0,179
1991,MDA,82,69.06880342,0.16547967,8.568803419,0.012467439,204
1992,MDA,112,95.88737374,0.248805933,9.887373737,0.012514682,252
1993,MDA,152,129.3637751,0.287399602,16.46377511,0.008834445,283
1994,MDA,149,122.7943834,0.262383331,18.46105006,0.012312491,253
1995,MDA,182,147.9286436,0.29235607,24.42864358,0.018026709,349
1996,MDA,252,195.8775502,0.2691323,39.73866134,0.014611788,400
1997,MDA,226,161.8072367,0.323843979,39.45723665,0.029848862,339
1998,MDA,233,163.0968688,0.37174751,39.39686882,0.026010045,343
1999,MDA,220,149.551276,0.399707645,45.71794265,0.031093015,312
2000,MDA,251,183.7070026,0.355324591,38.45700256,0.034280778,360
2001,MDA,224,157.2228476,0.392306511,49.38951425,0.035915051,343
2002,MDA,244,153.8720235,0.432871612,69.92202354,0.038846913,331
2003,MDA,279,158.3616741,0.54325114,74.07834079,0.042565317,298
2004,MDA,239,138.2722694,0.542485166,72.8222694,0.051755752,332
2005,MDA,337,202.8382147,0.700798126,87.49535752,0.063718778,375
2006,MDA,305,164.4721207,0.538875711,89.13878737,0.038294007,337
2007,MDA,280,159.5126768,0.614200353,85.65434349,0.054677267,359
2008,MDA,305,176.3941407,0.532243752,77.91080741,0.048735813,367
2009,MDA,362,214.2865386,0.607260041,108.6198719,0.049954307,462
2010,MDA,308,185.4709786,0.521432831,77.2209786,0.030560477,409
2011,MDA,371,218.8428573,0.434962802,103.1761906,0.031970896,487
2012,MDA,411,247.223729,0.442604051,98.54039567,0.037372463,480
2013,MDA,416,250.4122602,0.454120992,98.06226024,0.031784342,552
2014,MDA,457,265.434816,0.471604941,98.06814935,0.027405501,553
2015,MDA,387,209.4691025,0.533735539,93.76910246,0.032774662,497
2016,MDA,566,341.254509,0.409514351,129.6711757,0.030448661,764
2017,MDA,503,288.3004313,0.433933801,97.11709792,0.034113602,630
2018,MDA,468,261.6125361,0.347234583,100.0625361,0.017251405,659
2019,MDA,564,317.3473902,0.352773758,104.0140569,0.016294589,781
2020,MDA,619,356.4052552,0.376034355,119.6552552,0.024751087,894
2021,MDA,652,386.0730547,0.320031126,114.406388,0.01464508,908
2022,MDA,597,354.4603352,0.430344678,94.54366858,0.0546034,883
2023,MDA,562,297.5779951,0.376199304,105.2863284,0.034532358,881
2024,MDA,96,76.48550931,0,17.48550931,1,257
1990,MDG,38,28.14166667,0.306470318,7.141666667,0.01692119,75
1991,MDG,33,18.26760462,0.577149471,8.267604618,0.054741715,59
1992,MDG,24,14.69583333,0.302238801,7.395833333,0,45
1993,MDG,28,19.91753247,0.211933388,2.917532468,0.016735674,60
1994,MDG,67,52.89851713,0.37154667,9.898517126,0.028356182,156
1995,MDG,69,49.27665945,0.414238045,9.609992785,0.027058111,156
1996,MDG,75,50.48831169,0.710725062,14.98831169,0.021127002,160
1997,MDG,60,31.82973693,0.728560461,16.82973693,0.009398296,109
1998,MDG,68,35.97761544,0.808285835,19.47761544,0.076932757,103
1999,MDG,89,50.26229187,0.373511365,19.22895854,0.019895631,157
2000,MDG,97,58.51941728,0.557671937,22.01941728,0.052594129,176
2001,MDG,94,54.69018759,0.322874719,19.14733045,0.02475706,194
2002,MDG,71,35.19209331,0.579988622,14.35875998,0.026084933,141
2003,MDG,120,61.09688019,0.534739291,28.34688019,0.039272439,217
2004,MDG,98,41.91451903,0.444737539,26.41451903,0.011680519,156
2005,MDG,124,52.84314574,0.617235279,36.34314574,0.047472409,214
2006,MDG,132,52.06438201,0.732963986,40.28660424,0.051546999,220
2007,MDG,196,103.6933075,0.569058987,55.6933075,0.060068745,365
2008,MDG,182,71.52055011,0.799791855,45.12055011,0.046517582,348
2009,MDG,192,78.05025901,0.692674254,54.05025901,0.059471916,363
2010,MDG,192,73.77201835,0.725138269,53.77201835,0.053754135,369
2011,MDG,232,91.1606112,0.611683637,53.85108739,0.038142268,419
2012,MDG,234,82.21096172,0.720122789,54.71096172,0.06817699,459
2013,MDG,264,99.19886064,0.481983342,66.69886064,0.031315637,458
2014,MDG,267,107.8959533,0.488378581,56.5959533,0.043607136,511
2015,MDG,290,108.0389021,0.603049424,68.03890214,0.044586815,508
2016,MDG,281,100.7040828,0.597578121,69.70408284,0.041598144,505
2017,MDG,338,128.2353225,0.578521592,87.06865584,0.032129845,656
2018,MDG,333,121.4322518,0.700097452,87.89058517,0.039277479,679
2019,MDG,328,117.6763451,0.725540594,79.17634512,0.066776239,682
2020,MDG,420,172.0236394,0.589608984,105.4307822,0.035364917,852
2021,MDG,492,167.1839058,0.651073868,112.9339058,0.052289322,974
2022,MDG,442,145.3902267,0.627196607,94.89022673,0.05441741,891
2023,MDG,454,129.2981556,0.710691591,97.79815564,0.07992529,801
2024,MDG,37,12.69683329,2.669073263,7.696833285,1,104
1991,MDV,1,1,0,,0,1
1993,MDV,1,1,0,,0,1
1994,MDV,2,1.5,0,0.5,0,2
1995,MDV,3,1.676470588,0.557205792,0.676470588,0,6
1996,MDV,10,7.75,0.261521474,2.75,0,18
1997,MDV,1,1,0,,0,1
1998,MDV,4,2.142857143,0.471881656,0.642857143,0,4
1999,MDV,3,2,0.209823008,1,0,3
2000,MDV,1,0.5,0,0.5,0,1
2001,MDV,8,4.583333333,0.446867,1.083333333,0.072727273,6
2002,MDV,1,1,0,,0,1
2003,MDV,8,3.046825397,0.339881741,2.046825397,0,10
2004,MDV,5,2.6,0.137724201,1.6,0,6
2005,MDV,11,4.511904762,0.123004336,2.011904762,0,10
2006,MDV,7,4.458333333,0.144006206,0.958333333,0.028037383,7
2007,MDV,13,4.992857143,0.629447231,2.492857143,0.050071531,11
2008,MDV,9,2.00276808,0.669439591,1.00276808,0.148689071,9
2009,MDV,7,3.666666667,1.30157079,1.666666667,0.027272727,11
2010,MDV,9,3.347619048,1.064022403,3.347619048,0.099573257,14
2011,MDV,13,5.338528139,1.264337615,4.338528139,0.274286409,16
2012,MDV,18,7.177489177,0.37776231,4.177489177,0,21
2013,MDV,13,6.180830281,0.838267107,2.180830281,0.024890856,19
2014,MDV,19,8.818055556,0.520466834,5.818055556,0.025988345,29
2015,MDV,14,4.115654077,0.575160295,3.115654077,3.98E-04,18
2016,MDV,11,3.233263276,0.773473087,2.733263276,0.103602042,17
2017,MDV,23,5.419747743,0.865043865,5.419747743,0.061804965,22
2018,MDV,24,5.629301717,0.852677791,4.629301717,0.017681951,31
2019,MDV,40,12.99300929,0.640508929,10.49300929,0.051615057,37
2020,MDV,69,22.17374578,2.061524807,14.17374578,0.145945473,87
2021,MDV,68,24.15362434,1.737629029,13.15362434,0.089543157,98
2022,MDV,100,34.0504301,0.885155818,19.0504301,0.067389522,117
2023,MDV,112,34.96553493,0.542666256,22.87462584,0.033600862,128
2024,MDV,10,4.136446886,0,2.136446886,1,15
1990,MEX,2087,1839.761191,0.462405203,169.5611915,0.036069675,4491
1991,MEX,2233,1972.417656,0.384556562,185.4783702,0.020929834,4745
1992,MEX,2273,1960.692701,0.470854793,203.7069866,0.036775822,4860
1993,MEX,2638,2252.786359,0.453309872,248.7979029,0.029887247,5663
1994,MEX,2917,2469.774025,0.521603652,280.3002159,0.034397858,6366
1995,MEX,3456,2889.05594,0.54727844,390.5980973,0.030796034,6983
1996,MEX,4975,3888.725447,0.531188938,656.4195884,0.035734812,8809
1997,MEX,5421,4305.158464,0.548116684,726.3233453,0.036818837,10316
1998,MEX,5922,4580.174728,0.556273928,879.5378228,0.036538345,10710
1999,MEX,6286,4859.974314,0.556174253,923.6638809,0.037516803,11189
2000,MEX,6506,5027.07931,0.601880298,983.7319076,0.040989713,11651
2001,MEX,6993,5457.485118,0.620884981,1021.148943,0.045576779,12558
2002,MEX,7704,5986.89636,0.596206497,1117.881496,0.041160395,14083
2003,MEX,8917,6758.232351,0.621619158,1462.085922,0.042261784,15053
2004,MEX,9765,7414.529348,0.621895068,1635.356714,0.042780689,16939
2005,MEX,11101,8459.853106,0.616343073,1734.943385,0.047032312,19092
2006,MEX,12559,9610.504818,0.584188099,1998.098583,0.043736147,21584
2007,MEX,12811,9693.369806,0.614299415,2058.537509,0.044975838,22455
2008,MEX,13955,10540.32983,0.593726133,2272.965636,0.043257173,25152
2009,MEX,14592,11056.38913,0.622976318,2295.343039,0.041080797,26729
2010,MEX,15324,11610.12893,0.588009662,2427.84323,0.043153108,28092
2011,MEX,16321,12236.13097,0.600719238,2565.233614,0.042058547,30637
2012,MEX,17389,13067.35062,0.587060403,2709.77409,0.041338587,33105
2013,MEX,18418,13879.2718,0.601586302,2853.887546,0.04178347,34742
2014,MEX,19785,15046.90417,0.585674164,3143.988252,0.040449029,38300
2015,MEX,20176,15217.35865,0.605531939,3180.976821,0.039542672,39757
2016,MEX,21620,16034.9367,0.59789915,3515.12405,0.039838244,42453
2017,MEX,23114,17221.18905,0.601603738,3810.646955,0.039591224,45946
2018,MEX,24547,18282.23112,0.607073104,4211.529024,0.040075492,49646
2019,MEX,26909,20189.32109,0.622619858,4510.100152,0.041776342,53650
2020,MEX,29115,21518.3437,0.615906348,4956.632637,0.044169959,58082
2021,MEX,31121,22926.0121,0.620309459,5246.772996,0.045324085,62404
2022,MEX,30483,22490.89756,0.589891924,5114.556626,0.040671946,63664
2023,MEX,28569,20976.63426,0.576719367,4653.018648,0.051069264,61241
2024,MEX,2654,1874.655803,0.571276181,457.6433038,0.997291287,8864
1992,MHL,2,2,0,,0,2
1994,MHL,1,0.5,3.80816954,0.5,1,1
1995,MHL,2,1.083333333,0.338342859,1.083333333,0,4
1996,MHL,2,0.833333333,1.342696706,0.333333333,0,1
1997,MHL,7,2.325490196,0.815613876,0.992156863,0.043001686,4
1998,MHL,2,0.566666667,0.105095111,0.566666667,0,3
1999,MHL,1,1,0.677593813,,0,3
2000,MHL,2,2,0.304759035,,0,5
2001,MHL,4,2.083333333,0.080645955,0.75,0,6
2002,MHL,1,1,0,,0,1
2003,MHL,4,2.9,0.13388075,0.9,0,5
2004,MHL,6,1.083441558,0.383806532,1.083441558,0.11537309,7
2005,MHL,6,4.833333333,0.107471141,0.833333333,0,7
2006,MHL,10,3.486556744,0.530063926,1.486556744,0,15
2007,MHL,6,1.625,0.892662995,0.833333333,0.205128205,5
2008,MHL,2,0.569444444,0.919509861,0.569444444,0,4
2009,MHL,5,1.775793651,1.139780506,1.775793651,0.241340782,12
2010,MHL,4,3,0.142810385,1,0,6
2011,MHL,5,1.476923077,0.246495418,1.476923077,0,6
2012,MHL,4,1.566666667,3.085706892,0.566666667,0.638297872,3
2013,MHL,2,1.333333333,4.872058909,0.333333333,0.75,7
2014,MHL,6,1.131963109,0.390429718,1.131963109,0,10
2015,MHL,7,2.531453634,3.550871273,1.531453634,0.535369536,11
2016,MHL,5,1.406818182,0.522156061,1.406818182,0,10
2017,MHL,4,0.840151515,0.407206627,0.506818182,0,6
2018,MHL,10,2.599361208,0.697670718,1.599361208,0.049522278,11
2019,MHL,8,4.082142857,0.597967451,3.082142857,0,12
2020,MHL,7,1.602202314,0.743847579,1.602202314,0.016424761,10
2021,MHL,11,2.561696328,0.49964423,1.561696328,0.004819337,23
2022,MHL,8,2.223015873,0.332535041,1.223015873,0,12
2023,MHL,7,1.13273345,0.185048121,1.13273345,0,9
2024,MHL,1,0.066666667,0,0.066666667,1,1
1990,MKD,49,36.65,0.516914556,8.15,0.058890405,102
1991,MKD,55,42.93928571,0.397207478,8.939285714,0.029110871,123
1992,MKD,70,54.63095238,0.224440423,12.13095238,0.009152321,107
1993,MKD,63,49.4254386,0.212950161,10.09210526,0.003549561,110
1994,MKD,56,43.52619048,0.458583227,9.526190476,0.049231442,109
1995,MKD,69,52.84029304,0.50724979,10.84029304,0.028387428,116
1996,MKD,121,91.67326007,0.528205366,18.25659341,0.044022808,203
1997,MKD,182,138.799026,0.293523674,28.88235931,7.28E-05,281
1998,MKD,135,108.622619,0.554111384,20.45595238,0.039455081,223
1999,MKD,146,111.5663746,0.500746771,26.73304124,0.019420427,234
2000,MKD,176,138.6232684,0.476839531,25.6232684,0.033063232,279
2001,MKD,206,162.4832166,0.523829229,29.89988329,0.023724062,321
2002,MKD,206,143.7899237,0.443188716,36.12325701,0.00683868,335
2003,MKD,209,147.9060163,0.538778633,40.47268296,0.021096368,336
2004,MKD,244,156.6501401,0.442958416,55.81680672,0.030028497,438
2005,MKD,294,199.6756773,0.529036198,52.78123287,0.04629246,519
2006,MKD,342,227.1428051,0.430580292,67.18328124,0.022959945,566
2007,MKD,440,299.4986271,0.423939999,76.1027938,0.020475319,728
2008,MKD,496,348.7931743,0.420229139,103.2348409,0.026522226,895
2009,MKD,575,384.6100879,0.495150277,104.6239768,0.043385067,855
2010,MKD,555,377.0383188,0.507552938,102.2883188,0.03064293,754
2011,MKD,721,516.2846953,0.440759481,112.6430287,0.026585683,1001
2012,MKD,739,526.774035,0.526743504,126.6573684,0.043955817,1089
2013,MKD,790,569.7018282,0.590044923,116.9184949,0.03563653,1162
2014,MKD,887,627.2997058,0.573267005,148.3330391,0.033902994,1269
2015,MKD,899,627.9135284,0.587987753,160.1119411,0.052404689,1352
2016,MKD,863,560.1954293,0.528601082,144.3065404,0.036444753,1317
2017,MKD,918,573.3359643,0.705739245,162.1692976,0.052812269,1295
2018,MKD,963,610.9345091,0.6566164,177.9345091,0.049893798,1537
2019,MKD,1062,649.8076846,0.492629511,184.0576846,0.03206071,1486
2020,MKD,1077,621.5544452,0.526787845,184.4211119,0.053183019,1469
2021,MKD,1115,579.9808917,0.564875051,207.314225,0.04701661,1465
2022,MKD,1291,711.5219618,0.604793465,217.2891186,0.056912347,1711
2023,MKD,1221,665.1949578,0.547577433,232.9282911,0.069299354,1581
2024,MKD,76,29.44405005,0.948054084,17.44405005,1,143
1990,MLI,33,22.20385154,0.714510778,4.370518207,0.07205957,60
1991,MLI,34,27.63888889,0.445898278,3.138888889,0.054271357,81
1992,MLI,25,20.79444444,0.248182264,3.294444444,0,69
1993,MLI,25,20.60714286,0.388924793,3.607142857,0.024263432,79
1994,MLI,41,30.89090909,0.274803195,4.890909091,0,107
1995,MLI,32,22.41511544,0.390187671,4.148448773,0.01982789,96
1996,MLI,50,28.94285714,0.377462741,18.16904762,0,92
1997,MLI,50,18.41463317,0.857490188,15.88129984,0.073160416,82
1998,MLI,77,40.23790931,0.376739743,17.36290931,0.062433151,126
1999,MLI,43,19.23250083,0.531013065,9.032500833,0.020798127,77
2000,MLI,32,13.6591101,0.888318957,6.659110098,0.077451577,66
2001,MLI,52,23.30658984,1.480550774,9.573256511,0.062957313,115
2002,MLI,57,28.97599761,0.453585663,13.97599761,0.016459246,129
2003,MLI,73,35.56419355,0.41556281,17.8077833,0.003124241,149
2004,MLI,79,27.62989878,0.810910582,22.62989878,0.03949663,132
2005,MLI,90,37.38954858,0.845644003,27.24669144,0.102109744,162
2006,MLI,127,59.56322493,0.522217332,31.66044715,0.028722549,264
2007,MLI,135,62.23221707,0.687508268,32.6905504,0.066537544,280
2008,MLI,125,50.42578909,0.975232525,29.54321333,0.103330508,285
2009,MLI,160,60.61674505,1.038553614,35.91476092,0.129323591,308
2010,MLI,164,57.87060314,0.956238698,36.63963966,0.096031987,310
2011,MLI,198,79.02036347,0.865136365,47.29774442,0.058347597,402
2012,MLI,222,78.07651308,0.838344144,50.26996546,0.061493557,431
2013,MLI,190,57.1162915,1.075511281,44.1162915,0.0799924,392
2014,MLI,190,67.93100417,0.748728346,45.68100417,0.064541265,374
2015,MLI,247,67.14297846,0.850894561,48.14297846,0.070460676,432
2016,MLI,227,73.99400701,0.716352312,49.99400701,0.048944641,494
2017,MLI,281,93.17802696,0.696359848,62.23358251,0.059499265,575
2018,MLI,254,81.1702363,0.933872936,53.6077363,0.086170006,545
2019,MLI,305,90.42998637,0.774578356,66.92998637,0.050445917,590
2020,MLI,364,117.5932964,0.51976191,84.22911971,0.036035763,776
2021,MLI,392,136.0617052,0.524304376,89.20806227,0.036423244,844
2022,MLI,403,130.6949491,0.584743321,96.32806593,0.043820108,841
2023,MLI,339,99.96914897,0.660564458,78.46914897,0.065407642,684
2024,MLI,27,8.180445007,1.992737326,7.180445007,1,125
1990,MLT,24,19.5,0.805152469,2,0.102564103,23
1991,MLT,26,18.94047619,0.656589368,3.94047619,0.017598994,34
1992,MLT,32,26.49072682,0.585249635,2.490726817,0.037749059,35
1993,MLT,41,33.16778309,0.561317157,4.115151515,0.042209634,61
1994,MLT,30,26.84090909,0.824224641,1.840909091,0.040643522,38
1995,MLT,52,41.15424298,0.96855458,5.820909646,0.118752749,71
1996,MLT,55,40.03214286,0.621573165,5.907142857,0.067594493,61
1997,MLT,73,53.06974206,0.735543665,7.569742063,0.04385514,85
1998,MLT,69,54.6734127,0.719778669,6.673412698,0.063000356,97
1999,MLT,79,62.4702381,0.380285355,9.636904762,0.009261553,85
2000,MLT,77,48.86068931,0.502307816,14.39402264,0.043320442,92
2001,MLT,82,59.25502504,0.583734731,15.05502504,0.046920966,102
2002,MLT,85,63.8968254,0.72231833,14.1468254,0.034405664,127
2003,MLT,122,87.64855445,0.424416751,14.48188778,0.05339129,136
2004,MLT,101,68.90337804,0.436732164,17.40337804,0.039659463,133
2005,MLT,167,96.93164696,0.76314492,33.73164696,0.07587368,189
2006,MLT,164,102.727114,0.942416291,27.72711398,0.082328428,251
2007,MLT,181,122.0428205,0.774592594,26.54282049,0.062315316,236
2008,MLT,267,194.0437651,0.810304886,36.54376514,0.09536873,309
2009,MLT,255,173.6103849,0.570502257,33.94371825,0.058076895,297
2010,MLT,313,210.0047423,0.680900608,44.75474233,0.069294,378
2011,MLT,325,216.054722,0.729745598,53.55472199,0.076947059,413
2012,MLT,439,284.6970334,0.693282032,71.28036673,0.055131651,482
2013,MLT,496,314.0966916,0.849262174,74.68002496,0.062339315,541
2014,MLT,526,321.6404641,0.844795865,87.22353008,0.077696715,613
2015,MLT,601,359.5880056,0.887849117,97.47133896,0.107515103,644
2016,MLT,683,402.3850971,0.766052472,110.2184304,0.074629784,782
2017,MLT,780,472.4380845,0.860089335,130.3547512,0.063019338,905
2018,MLT,854,494.8904747,0.815971016,153.5571414,0.074676353,869
2019,MLT,862,474.8856295,0.803664893,138.6888042,0.06023893,927
2020,MLT,1023,592.5844301,0.818439155,171.6677634,0.083251486,1097
2021,MLT,1160,612.3821078,0.90726811,199.7987744,0.09294627,1239
2022,MLT,1290,681.6136914,0.831054004,227.4053581,0.081781565,1396
2023,MLT,1189,574.8410342,0.809543145,225.5243675,0.098046264,1289
2024,MLT,100,45.68920985,0.869680744,16.26063842,0.989056497,157
1990,MMR,10,6.606060606,1.043477311,2.606060606,0.075688073,19
1991,MMR,17,10.30357143,0.935308942,3.136904762,0.097053726,32
1992,MMR,23,17.70923521,0.536853194,4.709235209,0.043634141,65
1993,MMR,13,9.729545455,0.584775734,1.979545455,0.102779724,42
1994,MMR,26,22.54285714,0.446722788,6.142857143,0.036966624,57
1995,MMR,30,21.03791209,0.36153485,6.704578755,0.047533234,64
1996,MMR,16,6.495670996,0.33576969,2.662337662,0,25
1997,MMR,16,12.08452381,0.350641109,4.08452381,0.072406659,60
1998,MMR,19,11.06823232,0.388030103,3.068232323,0,50
1999,MMR,23,14.12567155,0.613741562,6.125671551,0.018203939,55
2000,MMR,30,13.38652917,0.432658421,6.719862505,0.010671709,63
2001,MMR,24,12.38113276,0.590535195,6.381132756,0.046153174,53
2002,MMR,26,11.87795603,1.049601661,6.877956031,0.124881194,55
2003,MMR,33,10.51611306,1.735834816,7.516113062,0.130751732,48
2004,MMR,45,15.43115071,0.629130328,10.93115071,0.033786691,71
2005,MMR,92,51.42711031,0.676259108,17.59377697,0.040385763,143
2006,MMR,69,31.13620301,0.566589367,16.13620301,0.032065975,114
2007,MMR,82,38.12152292,0.426411093,20.12152292,0.025767259,132
2008,MMR,105,61.58498748,0.324917452,19.00165415,0.014420645,165
2009,MMR,130,87.28633799,0.404248424,16.28633799,0.013409367,200
2010,MMR,102,54.28074241,0.826395764,18.28074241,0.053028165,192
2011,MMR,155,96.92558683,0.508890047,20.92558683,0.028147104,232
2012,MMR,107,45.40105396,0.372948807,25.40105396,0.019962623,163
2013,MMR,94,37.75646811,0.548323601,22.75646811,0.02193015,160
2014,MMR,124,51.46517718,0.569382427,28.46517718,0.050788548,205
2015,MMR,199,79.83514118,0.66459661,41.33514118,0.031687939,320
2016,MMR,265,108.9018394,0.587690885,53.4018394,0.023516822,435
2017,MMR,349,144.5452325,0.900270436,75.04523251,0.087568312,569
2018,MMR,492,233.2248201,0.697291075,105.8914868,0.054845813,781
2019,MMR,669,319.7913209,0.688719295,130.7913209,0.057038312,1009
2020,MMR,937,438.466473,0.637464563,199.2442508,0.067058172,1429
2021,MMR,779,287.4731498,0.679855825,172.6731498,0.056412866,1253
2022,MMR,515,162.8840133,0.731317142,113.6840133,0.052039288,792
2023,MMR,541,226.9210938,0.554206503,98.75442709,0.06348232,868
2024,MMR,34,9.854006726,0,7.854006726,1,84
1990,MNE,1,0.142857143,0.887491874,0.142857143,0,1
1992,MNE,6,2.146825397,1.119888513,1.146825397,0.116451017,16
1993,MNE,6,5.142857143,0.148299956,0.142857143,0,5
1994,MNE,6,3.747619048,0.967552129,1.747619048,0.266836086,10
1995,MNE,9,8.25,1.300156292,0.25,0.242424242,11
1996,MNE,17,13.92424242,1.378802259,1.924242424,0.239390642,19
1997,MNE,19,14.02136752,1.054040341,2.521367521,0.106979579,21
1998,MNE,23,16.32857143,0.443700743,4.328571429,0.020414115,27
1999,MNE,40,26.06785714,0.470452965,8.401190476,0.009590355,50
2000,MNE,32,14.93920973,1.274410462,7.939209726,0.180732452,29
2001,MNE,54,34.78730159,0.884930179,13.78730159,0.104718014,49
2002,MNE,51,35.33333333,0.383970716,12.33333333,0.028301887,54
2003,MNE,69,44.4547619,0.368179924,21.9547619,0.007498259,84
2004,MNE,50,29.5952381,0.386455354,13.5952381,0.030973451,52
2005,MNE,86,49.04264797,0.441517127,22.70931464,0.015788701,98
2006,MNE,111,57.28445641,0.443733985,24.61778974,0.022440029,107
2007,MNE,127,66.68040797,0.370177629,29.68040797,0.009593255,123
2008,MNE,128,67.06677354,0.644230926,29.06677354,0.053644451,138
2009,MNE,153,74.97322606,0.582313978,34.97322606,0.026179958,161
2010,MNE,200,109.2760063,0.579797326,42.94267297,0.053977331,174
2011,MNE,243,142.4619191,0.555601174,50.29525245,0.051906091,222
2012,MNE,281,166.8332257,0.548322847,61.83322572,0.037364528,269
2013,MNE,333,201.5935954,0.522427866,71.42692869,0.030623756,325
2014,MNE,398,235.9118399,1.191803413,81.4118399,0.070965745,422
2015,MNE,370,239.2245865,0.585769827,77.22458647,0.042747365,429
2016,MNE,449,290.0997652,0.539408658,88.59976518,0.036241784,461
2017,MNE,497,311.7364503,0.607911056,102.2364503,0.045508901,518
2018,MNE,492,300.060014,0.587071787,104.2266807,0.046760622,516
2019,MNE,589,322.356808,0.50325533,111.5234747,0.036615871,582
2020,MNE,689,340.3444033,0.665901515,131.3444033,0.056314708,602
2021,MNE,727,348.8680399,0.661181964,135.6180399,0.048087349,644
2022,MNE,680,329.7813096,0.65592143,121.1313096,0.07169611,682
2023,MNE,618,278.6886,0.561312907,118.9886,0.074886883,583
2024,MNE,44,22.64199499,1.633993247,8.641994991,1,79
1990,MNG,8,4.466666667,0.597968728,1.466666667,0.074626866,16
1991,MNG,15,7.694444444,0.669333756,3.694444444,0.123465704,24
1992,MNG,9,4.642857143,0.494321178,2.642857143,0.030769231,10
1993,MNG,16,9.845238095,0.718759481,2.845238095,0.059250302,33
1994,MNG,15,9.083333333,0.301898709,3.083333333,0.033027523,28
1995,MNG,22,12.28076923,0.424803276,5.280769231,0.036642656,38
1996,MNG,43,21.38113912,0.963164991,11.38113912,0.142426373,70
1997,MNG,49,17.62451617,0.876991643,12.62451617,0.072800067,60
1998,MNG,50,22.29186508,0.550979087,13.09186508,0.078503974,69
1999,MNG,49,20.54543651,0.453468706,12.54543651,0.009734522,67
2000,MNG,59,27.85070346,0.879608659,14.65070346,0.07970892,77
2001,MNG,55,25.92577978,0.783721493,11.92577978,0.123857841,71
2002,MNG,56,27.43195493,0.546838219,13.93195493,0.014176492,91
2003,MNG,93,38.99210237,0.736083188,23.40876903,0.078148983,141
2004,MNG,94,33.07986642,0.641410041,24.13819975,0.056889366,133
2005,MNG,105,41.58200966,0.691924893,26.38200966,0.077138813,147
2006,MNG,126,54.17885374,0.448728393,30.17885374,0.02455148,205
2007,MNG,222,115.8590662,0.411700156,43.60906622,0.031066889,355
2008,MNG,223,98.14763645,0.331489786,51.31430312,0.017671621,336
2009,MNG,254,104.01925,0.42608878,53.51925003,0.024454166,339
2010,MNG,260,91.22968714,0.478021239,63.72968714,0.025394604,374
2011,MNG,244,100.7965793,0.451007792,50.64657925,0.024340583,349
2012,MNG,310,133.5372688,0.554072917,70.03726878,0.062690561,498
2013,MNG,376,166.0918651,0.393949694,79.2585318,0.026296994,548
2014,MNG,321,120.6803645,0.53038395,79.18036445,0.028962105,500
2015,MNG,319,113.5597074,0.600671825,71.05970744,0.042633117,454
2016,MNG,375,127.9106493,0.515227602,89.16064934,0.028874792,511
2017,MNG,435,161.0058555,0.648535008,112.5058555,0.053761075,730
2018,MNG,504,170.8814469,0.586001505,117.3814469,0.046246855,736
2019,MNG,620,206.3580578,0.736038401,149.0247245,0.057892848,941
2020,MNG,685,231.6088805,0.610382535,153.4755471,0.049753126,1128
2021,MNG,835,304.817457,0.590623298,178.817457,0.036479249,1314
2022,MNG,843,278.4404499,0.556730504,173.4404499,0.038715567,1244
2023,MNG,885,274.8624222,0.589713483,164.0162683,0.056655157,1351
2024,MNG,82,20.65053106,1.111371891,16.65053106,1,180
1992,MNP,2,1.333333333,5.347693578,0.333333333,1,2
1993,MNP,1,1,0,,0,2
1994,MNP,2,0.833333333,1.751093165,0.333333333,0.4,2
1995,MNP,2,2,0,,0,7
1996,MNP,2,0.666666667,0.346887174,0.166666667,0,2
1997,MNP,4,1.966666667,0.046443551,1.466666667,0,5
1998,MNP,2,0.833333333,0.545297145,,0,2
2000,MNP,2,0.533333333,2.359655819,0.533333333,0.625,3
2001,MNP,1,0.25,0.569132177,0.25,0,1
2002,MNP,1,0.222222222,1.419299983,0.222222222,0,1
2003,MNP,2,0.5,1.168191307,0.5,0.333333333,2
2004,MNP,4,1.011904762,0.618244288,1.011904762,0,4
2005,MNP,12,4.404761905,0.661769062,3.071428571,0,14
2006,MNP,2,0.476923077,0.559245478,0.476923077,0,3
2007,MNP,4,1.233333333,0.152977014,1.233333333,0,6
2008,MNP,5,2.336507937,0.401482664,1.336507937,0,11
2009,MNP,4,1.642857143,0.458399447,0.642857143,0,7
2010,MNP,2,0.833333333,0.880204387,0.833333333,0,3
2011,MNP,4,3.8,0.066292426,0.8,0,9
2012,MNP,2,1.666666667,0.201660774,0.666666667,0,4
2013,MNP,4,0.924242424,0.951753229,0.924242424,0,4
2014,MNP,3,1.924242424,0.303772511,0.924242424,0,7
2015,MNP,11,3.023075386,0.935431166,2.023075386,0.089320592,15
2016,MNP,4,2.361904762,0.285400704,0.361904762,0.012096774,5
2017,MNP,5,1.044444444,0.231922116,1.044444444,0,5
2018,MNP,8,3.281453634,0.406250229,1.281453634,0.030474299,13
2019,MNP,5,1.784210526,0.341780691,0.784210526,0.009832842,6
2020,MNP,8,1.883333333,0.535019049,1.883333333,0,7
2021,MNP,9,1.816489066,0.292229236,1.816489066,0.021173559,13
2022,MNP,10,3.422683311,0.956856846,1.422683311,0,10
2023,MNP,6,0.816550117,1.488142947,0.816550117,0.158435627,6
2024,MNP,1,0.166666667,0,0.166666667,1,1
1990,MOZ,14,11.61363636,0.510335451,1.613636364,0.086105675,25
1991,MOZ,17,14.01666667,0.318417454,2.016666667,0.011890606,36
1992,MOZ,19,15.46666667,0.201079271,4.466666667,0,31
1993,MOZ,19,13.99386724,0.931735915,6.993867244,0.014291975,42
1994,MOZ,13,8.215873016,0.688359459,3.715873016,0.04057187,29
1995,MOZ,19,11.68888889,0.879282098,5.688888889,0.042775665,37
1996,MOZ,24,13.00238095,1.130525674,8.502380952,0.131843985,44
1997,MOZ,37,22.10753968,0.401872905,7.732539683,0,61
1998,MOZ,40,25.81736392,0.537946972,10.31736392,0.092507667,79
1999,MOZ,46,23.52930403,0.513829558,11.52930403,0.022767961,64
2000,MOZ,37,20.86217611,0.797956879,12.11217611,0.075033782,80
2001,MOZ,55,33.25721877,0.584812846,16.25721877,0.052732212,114
2002,MOZ,40,21.9006917,0.552476855,9.4006917,0.004150969,65
2003,MOZ,56,27.71781968,0.511462679,15.71781968,0.051711619,86
2004,MOZ,71,34.32383661,1.288477184,18.32383661,0.103162142,114
2005,MOZ,76,38.86864006,1.024686442,20.36864006,0.041313443,137
2006,MOZ,102,40.94649136,0.707725783,30.44649136,0.076523111,152
2007,MOZ,105,37.82339931,1.258223671,28.82339931,0.089809966,183
2008,MOZ,126,46.20318242,0.970807865,35.36984908,0.08986376,185
2009,MOZ,145,50.33032186,1.017521366,33.98032186,0.115265225,202
2010,MOZ,135,43.06370937,1.153046532,33.23037604,0.094528946,190
2011,MOZ,203,69.24545166,1.229315156,52.56211833,0.091593495,285
2012,MOZ,192,60.68709867,1.150466928,47.520432,0.060860971,259
2013,MOZ,200,63.94878422,1.224325983,49.94878422,0.066776325,310
2014,MOZ,228,76.6168443,0.908290645,58.6168443,0.063537822,357
2015,MOZ,315,106.388726,0.819022534,78.38872603,0.048715411,502
2016,MOZ,346,98.56587209,0.979937133,78.06587209,0.077395337,469
2017,MOZ,413,126.9713799,0.801523387,97.85233232,0.057007383,599
2018,MOZ,456,145.0601925,0.684308066,109.5601925,0.039055308,648
2019,MOZ,519,155.5800133,0.776530474,130.0800133,0.045364321,735
2020,MOZ,614,182.0313759,0.7394362,140.8313759,0.061327375,841
2021,MOZ,786,224.5953157,0.64458887,176.0953157,0.045984927,1074
2022,MOZ,717,213.4790795,0.69934504,164.4457462,0.039471233,1071
2023,MOZ,707,201.4779878,0.610428135,160.4779878,0.058229315,1090
2024,MOZ,60,15.33602391,1.168098858,14.33602391,1,156
1990,MRT,4,3.333333333,0.544959727,0.333333333,0,15
1991,MRT,3,3,0,,0,6
1992,MRT,2,1.833333333,1.041079333,0.833333333,0,10
1993,MRT,8,4.925,0.56245924,0.925,0,13
1994,MRT,8,7.125,0.93205898,0.125,0.140350877,18
1995,MRT,5,3.452380952,1.510642831,1.452380952,0.227586207,7
1996,MRT,9,3.911111111,0.44787982,2.911111111,0,12
1997,MRT,11,6.595238095,0.61677496,4.095238095,0,15
1998,MRT,11,5.757692308,0.193789324,3.757692308,0,22
1999,MRT,14,6.722727273,0.27541568,3.722727273,0,26
2000,MRT,19,6.700049123,1.098581674,3.700049123,0.187563838,31
2001,MRT,18,6.826695527,0.741834816,3.826695527,0,28
2002,MRT,20,6.231349206,0.711318588,5.231349206,0.05795071,35
2003,MRT,18,4.983823529,0.555711761,3.783823529,0,14
2004,MRT,16,5.969022644,0.616394473,4.469022644,0.083765807,18
2005,MRT,36,11.04603175,0.405608438,7.546031746,0.020117833,27
2006,MRT,25,6.876257953,0.553354221,5.876257953,0.036356984,26
2007,MRT,22,8.43452381,0.519038231,6.43452381,0,35
2008,MRT,22,4.782178932,0.315512856,4.782178932,0,29
2009,MRT,24,6.38489566,0.502869916,5.38489566,0,26
2010,MRT,21,7.355477709,0.375573122,5.355477709,0.013629384,39
2011,MRT,35,13.53617866,0.593315311,8.869511994,0.012256716,81
2012,MRT,35,13.17298065,0.620794106,9.172980655,0.047202291,91
2013,MRT,41,16.34440861,0.506807826,10.84440861,0.025956425,86
2014,MRT,41,12.20951652,0.497070138,10.20951652,0.021255863,71
2015,MRT,41,13.02466536,0.421208302,10.02466536,0,68
2016,MRT,58,19.48411881,0.48994633,12.48411881,0.025417526,106
2017,MRT,49,15.12824669,0.40164814,11.12824669,0.007897843,89
2018,MRT,68,21.66288545,0.378780617,15.66288545,0.018826653,142
2019,MRT,78,30.4277858,0.281004453,18.73730961,7.47E-04,173
2020,MRT,90,34.01483414,0.403029332,21.01483414,0.022132922,156
2021,MRT,113,37.40045915,0.585706574,30.50998296,0.031181089,215
2022,MRT,92,30.55133366,0.567269067,21.05133366,0.04639223,177
2023,MRT,137,45.92973317,0.68735209,36.42973317,0.088656249,266
2024,MRT,9,2.34397357,0,2.34397357,1,17
1994,MSR,1,0.142857143,1.958721448,0.142857143,0,9
1996,MSR,2,1.333333333,1.391311105,0.333333333,0,4
1997,MSR,3,1.725,3.285139007,1.225,0.710144928,39
1998,MSR,6,2.469047619,1.537696955,1.469047619,0.453230473,11
2000,MSR,4,1.087301587,2.513347145,1.087301587,0.437956204,10
2001,MSR,2,0.458333333,0.460475865,0.458333333,0,3
2002,MSR,12,3.39047619,3.669079746,3.39047619,0.464536517,14
2003,MSR,8,2.836111111,2.469634038,2.836111111,0.647404505,6
2004,MSR,3,0.771367521,1.018073378,0.771367521,0,6
2005,MSR,7,3.794444444,0.90867595,1.794444444,0.289897511,8
2006,MSR,6,2.616666667,0.511443867,1.116666667,0.063694268,10
2007,MSR,6,2.268956044,1.010365983,1.268956044,0,18
2008,MSR,6,2.261904762,0.543801703,1.261904762,0,5
2009,MSR,5,1.011111111,1.291553954,1.011111111,0.065934066,4
2010,MSR,12,2.309281411,1.504276403,2.309281411,0.061862163,17
2011,MSR,7,1.698168498,1.003745289,1.198168498,0,8
2012,MSR,8,1.178947368,0.426987913,0.678947368,0.022321429,6
2013,MSR,9,1.733333333,0.924412923,1.733333333,0,8
2014,MSR,10,1.8623287,1.182068174,1.8623287,0.076708877,11
2015,MSR,12,2.314943677,1.028081333,2.314943677,0.143991984,13
2016,MSR,8,1.220728291,0.845076548,1.220728291,0.136530519,9
2017,MSR,6,2.348941799,0.704183178,2.348941799,0,15
2018,MSR,4,1.236111111,0.263000188,1.236111111,0,5
2019,MSR,3,0.733766234,0.88386597,0.733766234,0,4
2020,MSR,5,1.545177045,0.356281738,0.545177045,0,9
2021,MSR,8,1.287337662,0.295778808,1.287337662,0,7
2022,MSR,12,1.783955158,0.791950682,1.783955158,0.107009193,11
2023,MSR,7,1.063095238,2.018034964,1.063095238,0.39193729,11
2024,MSR,8,1.469877345,65.1149304,0.969877345,1,6
1990,MTQ,12,10.48571429,0.607446238,0.485714286,0.122615804,34
1991,MTQ,7,5.833333333,0,0.833333333,0,23
1992,MTQ,6,5.142857143,0.086404099,0.142857143,0,24
1993,MTQ,14,12.83333333,0.157365794,0.833333333,0,43
1994,MTQ,14,13.05882353,0.367754489,0.058823529,0,35
1995,MTQ,16,13.23742924,0.825176191,1.237429237,0.029055142,70
1996,MTQ,37,24.61052252,0.636068654,8.485522518,0.041160728,89
1997,MTQ,41,24.53196812,0.379087554,11.03196812,0.023433355,94
1998,MTQ,33,23.71711071,0.342804643,6.043426501,0,89
1999,MTQ,31,17.4853821,0.83476917,5.118715435,0.065989187,86
2000,MTQ,23,17.28098846,0.631966519,3.280988456,0.05786706,54
2001,MTQ,30,24.74859307,0.392569355,7.248593074,0,90
2002,MTQ,17,11.15238095,0.529300843,2.885714286,0.012809564,48
2003,MTQ,24,12.83961941,0.349758654,2.678508297,0.028395182,47
2004,MTQ,31,20.03116442,0.6263467,7.940255333,0.022048976,86
2005,MTQ,38,20.6488456,0.867254811,10.6488456,0.046276464,83
2006,MTQ,34,20.4211039,0.480531679,8.921103896,0.008903445,80
2007,MTQ,34,22.12297351,0.596763361,7.622973506,0.04520188,71
2008,MTQ,42,26.50347105,0.432218518,7.003471046,0.004655112,96
2009,MTQ,48,25.33199245,0.621811221,11.26949245,0.041500172,86
2010,MTQ,47,26.89701469,0.475631561,5.897014685,0.004624686,96
2011,MTQ,43,18.99626013,0.424180222,9.996260128,0.001120041,76
2012,MTQ,51,21.75112934,1.067374707,8.051129343,0.082905791,94
2013,MTQ,43,17.00256109,0.610490892,9.002561094,0.07163325,91
2014,MTQ,51,19.36710866,0.649305658,11.36710866,0.035292973,144
2015,MTQ,65,20.9165121,0.444334368,8.9165121,0.012078741,104
2016,MTQ,82,29.04831883,0.537793308,16.04831883,0.048967867,213
2017,MTQ,70,23.17968185,0.643773257,14.17968185,0.040131576,121
2018,MTQ,63,18.40775589,1.323197245,13.40775589,0.118282179,128
2019,MTQ,63,16.47276043,0.645041605,11.47276043,0.030817095,91
2020,MTQ,87,24.1209218,0.546013461,16.1209218,0.010076998,154
2021,MTQ,93,19.4658958,0.508492743,16.4658958,0.031157589,138
2022,MTQ,108,22.11017563,0.651843404,16.6879534,0.027413899,151
2023,MTQ,73,21.0328956,0.561123712,18.7828956,0.030568411,145
2024,MTQ,17,2.798510646,0.806155298,2.798510646,1,32
1990,MUS,21,12.29166667,0.300345033,6.291666667,0,28
1991,MUS,9,5.296428571,0.84793241,2.296428571,0.053944707,14
1992,MUS,11,6.638888889,0.312116427,2.638888889,0,19
1993,MUS,12,6.283333333,0.536951206,2.283333333,0.039787798,18
1994,MUS,21,15.37179487,0.157348758,3.371794872,0,31
1995,MUS,19,13.72619048,0.393873767,3.226190476,0.048568951,33
1996,MUS,24,13.23073593,0.664346133,5.897402597,0.025193862,32
1997,MUS,29,20.36575092,0.21355998,3.199084249,0.007554161,38
1998,MUS,44,25.16370851,0.519985469,10.83037518,0.024084709,51
1999,MUS,66,49.65239003,0.419888996,8.580961462,0.019521684,79
2000,MUS,71,55.23035714,0.231224562,11.23035714,0.016295386,97
2001,MUS,66,46.6081827,0.332244841,12.6081827,0.010700117,90
2002,MUS,83,64.93560606,0.40644848,12.43560606,0.011549904,99
2003,MUS,71,50.69235209,0.429865752,11.69235209,0.013151228,85
2004,MUS,89,63.32669553,0.5791424,11.49336219,0.069480966,115
2005,MUS,106,78.24773837,0.422818175,17.91440504,0.036635777,141
2006,MUS,91,63.181506,0.552718289,13.34817267,0.058183082,97
2007,MUS,93,67.85694444,0.581651317,18.35694444,0.035175541,128
2008,MUS,103,78.46204821,0.643132567,15.26204821,0.064276808,155
2009,MUS,130,99.38156687,0.695072078,21.38156687,0.049808029,188
2010,MUS,148,101.7931044,0.52835142,26.79310436,0.033865728,205
2011,MUS,126,84.73408889,0.791891791,22.56742222,0.049678735,173
2012,MUS,194,135.7044874,0.559015483,36.0794874,0.02981194,254
2013,MUS,207,135.1442076,0.795916519,37.14420757,0.086165636,263
2014,MUS,209,143.7522192,0.612634636,35.15221917,0.03141173,296
2015,MUS,211,135.5562448,0.731319225,42.72291145,0.056125129,263
2016,MUS,267,179.2078498,0.993224775,43.87451645,0.083296485,343
2017,MUS,314,188.8657722,0.73999094,55.03243891,0.050747269,370
2018,MUS,293,146.9245828,0.803254651,56.92458279,0.076324537,313
2019,MUS,466,269.7167887,0.794073463,81.71678867,0.057836904,484
2020,MUS,424,211.2504673,0.866544488,80.25046734,0.06286729,438
2021,MUS,469,240.9210079,0.854829859,87.83767461,0.070744719,488
2022,MUS,475,261.1104027,0.661975283,85.61040272,0.061755529,530
2023,MUS,390,209.7658931,0.687534784,68.26589314,0.063301684,446
2024,MUS,28,16.35398261,0.241892218,5.353982612,1,50
1990,MWI,50,42.3202381,0.627950552,5.320238095,0.050212383,84
1991,MWI,41,28.88452381,0.647965844,6.38452381,0.06635618,47
1992,MWI,32,23.28571429,0.938767054,4.785714286,0.101738241,48
1993,MWI,58,42.89303752,1.105138407,8.893037518,0.076652972,96
1994,MWI,64,48.26587302,0.859532731,9.265873016,0.020718573,121
1995,MWI,69,46.38282828,1.496189547,14.38282828,0.078627583,136
1996,MWI,103,61.42916148,0.970295995,28.92916148,0.070533285,130
1997,MWI,102,63.96150215,0.756281281,29.29483548,0.051707399,137
1998,MWI,86,52.38693517,1.064147138,22.7202685,0.133010873,113
1999,MWI,107,55.41740845,1.661891573,28.91740845,0.149548848,133
2000,MWI,114,69.75641182,0.85996652,34.52784039,0.051133409,154
2001,MWI,113,73.58675806,0.724763485,29.42009139,0.067468641,173
2002,MWI,116,77.62183622,0.875298318,31.55040765,0.030718275,203
2003,MWI,142,82.12292961,1.127361829,41.12292961,0.102757148,226
2004,MWI,155,91.66949306,1.213828193,46.53615973,0.108084683,231
2005,MWI,165,92.88513927,0.927583884,47.55180594,0.084105129,253
2006,MWI,191,93.14133784,1.368857502,60.64133784,0.157362459,265
2007,MWI,256,143.3632982,1.477294432,83.52238908,0.140443649,363
2008,MWI,277,152.0664088,0.983688243,95.56640876,0.062783257,376
2009,MWI,275,139.5684908,1.06047397,88.90182416,0.101510446,369
2010,MWI,320,159.3866114,1.175393379,97.21994469,0.104933959,443
2011,MWI,371,179.3653385,1.092416269,111.2986718,0.090155262,518
2012,MWI,384,173.8641626,1.028645297,121.7879722,0.110196417,562
2013,MWI,387,176.7690697,1.113591881,114.1857364,0.099194535,569
2014,MWI,454,211.156359,1.026846984,143.9896923,0.089395879,688
2015,MWI,496,220.2275216,1.184905178,152.3941883,0.110810501,760
2016,MWI,564,220.5982402,1.133492084,169.8482402,0.095190986,860
2017,MWI,674,274.1985083,1.016532226,208.7818417,0.084222962,1008
2018,MWI,739,289.7215987,0.903403407,227.554932,0.07214204,1074
2019,MWI,786,285.24575,0.905114378,199.84575,0.087075954,1125
2020,MWI,918,321.744006,0.75547898,239.744006,0.057870092,1276
2021,MWI,1134,396.1473403,0.822962386,284.3973403,0.07043259,1528
2022,MWI,1094,370.2650808,0.8254151,267.4317475,0.071736892,1617
2023,MWI,1061,372.1172235,0.695318001,250.7838902,0.058506509,1620
2024,MWI,97,28.57533331,2.187881031,21.57533331,0.995479784,189
1990,MYS,556,467.6319528,0.366841998,57.13195277,0.018951772,875
1991,MYS,614,528.3869843,0.344735544,57.04412711,0.020320674,931
1992,MYS,592,508.3494991,0.325334398,60.34949911,0.016777716,993
1993,MYS,718,627.2199036,0.348651977,63.7449036,0.017125838,1181
1994,MYS,851,723.0092961,0.367340394,85.75929607,0.021171762,1392
1995,MYS,932,793.6705087,0.427938057,89.80384199,0.024511391,1536
1996,MYS,1085,848.5128605,0.402219566,151.3795272,0.026019603,1706
1997,MYS,1199,908.3892215,0.390788202,172.5114437,0.02030893,1819
1998,MYS,1250,958.0765264,0.457043804,170.3223856,0.029200052,1910
1999,MYS,1405,1029.200355,0.52647697,226.4157674,0.042594913,2077
2000,MYS,1729,1389.374766,0.499647693,216.1324586,0.032646315,2740
2001,MYS,1518,1212.621886,0.512208137,199.2218862,0.035796283,2485
2002,MYS,1887,1537.803167,0.477083567,246.4031671,0.03022965,3173
2003,MYS,2364,1830.547901,0.485316756,337.2145679,0.033093525,3553
2004,MYS,2788,2144.876773,0.553934341,439.7815354,0.042410603,4292
2005,MYS,3369,2593.830972,0.558048311,491.869067,0.042194014,5167
2006,MYS,4346,3360.194928,0.599443882,715.3508442,0.049222111,6649
2007,MYS,5215,4073.036109,0.66854116,808.765041,0.056397872,7836
2008,MYS,7890,6555.674202,0.648326694,1061.026583,0.056155576,11235
2009,MYS,11186,9356.617283,0.754737981,1479.516279,0.070225877,14662
2010,MYS,15270,12599.88282,0.753420534,2102.545124,0.069847929,19554
2011,MYS,20060,16658.91225,0.778953173,2940.296319,0.073474916,25157
2012,MYS,21964,17957.87974,0.82637141,3463.428548,0.084224831,28281
2013,MYS,24353,19860.3758,0.874967584,4034.231359,0.087471331,32131
2014,MYS,27787,22659.84654,0.856016914,4812.1513,0.091124893,36530
2015,MYS,26900,21501.78174,0.75330125,4860.892329,0.0675689,36733
2016,MYS,29353,23507.42741,0.780366868,5361.451614,0.072305553,41719
2017,MYS,32053,25688.13279,0.801504012,5856.63405,0.078775242,45972
2018,MYS,32563,25526.44372,0.813142663,6305.741053,0.079827211,48800
2019,MYS,36104,27844.62134,0.86068587,7211.216363,0.088753595,54160
2020,MYS,36785,27147.05348,0.893564974,7996.249878,0.097225247,54882
2021,MYS,39798,28306.57628,0.92054991,8937.257753,0.09722429,58827
2022,MYS,41429,28305.71381,0.872229045,9605.01034,0.088256656,61682
2023,MYS,40557,26673.23846,0.86574495,9736.347625,0.085788091,61244
2024,MYS,3565,2118.403346,0.86392898,933.9866794,0.951370052,8593
1998,MYT,1,0.5,0.200743846,0.5,0,1
1999,MYT,2,1.2,0.126190575,0.2,0,2
2002,MYT,1,1,0,,0,5
2003,MYT,3,1.847619048,0.201831641,0.847619048,0,9
2004,MYT,5,3.1996337,0.204310729,1.1996337,0,12
2005,MYT,4,1.839393939,0.107345928,0.839393939,0,6
2006,MYT,7,3.338935574,0.706276131,3.338935574,0.008808725,15
2007,MYT,8,4.373611111,0.390100891,2.373611111,0,20
2008,MYT,10,3.124242424,0.381802302,3.124242424,0.029097963,22
2009,MYT,9,2.794444444,0.927166795,2.794444444,0.159045726,17
2010,MYT,7,2.1504329,0.926849126,2.1504329,0,13
2011,MYT,14,4.684559343,0.498949725,3.684559343,0.048311009,26
2012,MYT,9,3.270071685,0.157168057,2.270071685,0,16
2013,MYT,6,2.31547619,0.088432463,1.31547619,0,13
2014,MYT,11,3.133029879,0.372156623,2.133029879,0.06383597,20
2015,MYT,5,1.521210917,0.169301279,0.521210917,0,14
2016,MYT,5,2.215375587,0.304155259,1.215375587,0.003178808,11
2017,MYT,6,0.928210678,0.384355189,0.928210678,0,12
2018,MYT,11,3.760304317,0.358668707,1.760304317,0,20
2019,MYT,8,2.746738157,0.226854417,0.746738157,0,15
2020,MYT,13,4.14705845,0.226265135,3.14705845,0,38
2021,MYT,12,3.144289534,0.526041188,2.144289534,0,22
2022,MYT,15,6.418770669,0.335988886,2.918770669,7.78E-05,45
2023,MYT,14,3.006309601,0.916927513,3.006309601,0.197259542,73
1990,NAM,20,14.34444444,0.346181011,3.344444444,0,29
1991,NAM,22,20.33333333,0.254466623,1.333333333,0,37
1992,NAM,32,23.65555556,0.58935313,4.155555556,0.00234852,40
1993,NAM,30,21.83333333,0.726796463,4.333333333,0,35
1994,NAM,41,33.19047619,0.510678961,2.44047619,0.035150646,48
1995,NAM,31,21.1297619,0.501811038,4.629761905,0,46
1996,NAM,45,20.35555556,1.063607676,13.85555556,0.045851528,44
1997,NAM,53,33.13888889,0.377382002,10.63888889,0,62
1998,NAM,77,46.91114164,0.78677988,17.41114164,0.034462318,105
1999,NAM,50,30.71144689,0.640133242,9.568589744,0.014715135,62
2000,NAM,46,30.06858974,0.511915917,7.068589744,0.019954378,61
2001,NAM,69,48.06670274,0.704311031,8.316702742,0.027937368,101
2002,NAM,57,36.60714286,0.582039801,10.60714286,0.02504065,63
2003,NAM,77,48.02442645,0.419601186,17.52442645,0.01324253,95
2004,NAM,67,32.82143558,0.683817913,15.82143558,0.066545962,80
2005,NAM,117,53.57365743,0.507325062,22.57365743,0.04184899,107
2006,NAM,110,36.84915756,0.738193219,26.34915756,0.054473413,91
2007,NAM,109,44.52910112,0.5764224,24.02910112,0.019327438,111
2008,NAM,97,40.42950146,0.486471304,22.42950146,0.021750369,106
2009,NAM,107,38.82273372,0.646051481,21.15606705,0.026885711,100
2010,NAM,106,49.20020569,0.712189978,22.70020569,0.072622481,140
2011,NAM,142,56.18924299,0.585154691,28.68924299,0.040938685,153
2012,NAM,175,72.41854933,0.576400462,38.41854933,0.022693887,194
2013,NAM,218,92.76477224,0.553503168,46.76477224,0.030135351,260
2014,NAM,246,102.4053394,0.491994783,50.15533936,0.030008057,296
2015,NAM,278,110.7442304,0.684709788,62.74423036,0.064118069,283
2016,NAM,307,118.3158438,0.755689932,71.98251045,0.061959011,337
2017,NAM,326,129.2390264,0.761830106,76.23902637,0.067610355,357
2018,NAM,410,180.3111316,0.601226921,86.77779826,0.048846211,508
2019,NAM,420,170.6207063,0.735776568,94.28737295,0.051381193,459
2020,NAM,530,234.1735356,0.769722585,122.3402023,0.050568806,658
2021,NAM,615,253.9781119,0.592830277,113.7281119,0.040641554,692
2022,NAM,635,233.8544262,0.750578524,141.3544262,0.065642477,752
2023,NAM,601,247.3417632,0.828288253,124.3417632,0.070852957,703
2024,NAM,53,19.14342137,0.445747995,12.64342137,1,80
1990,NCL,21,12.21190476,0.2533511,6.211904762,0,42
1991,NCL,27,13.3952381,0.380639507,5.395238095,0.031105581,43
1992,NCL,38,16.01158564,0.7478644,9.511585637,0.07381019,65
1993,NCL,35,18.1211039,0.805574483,7.621103896,0.033110566,76
1994,NCL,41,17.81273212,0.692923691,6.812732121,0.046783016,63
1995,NCL,35,17.00939893,0.819099965,6.676065601,0.083287286,72
1996,NCL,69,24.29772994,1.044204488,16.13106328,0.117849499,73
1997,NCL,66,23.21309708,1.726122226,17.21309708,0.231772708,78
1998,NCL,79,28.39779193,1.120465865,17.89779193,0.123550853,101
1999,NCL,66,20.66895522,0.757499062,16.00228855,0.080770626,80
2000,NCL,76,28.2685656,0.724190486,16.2685656,0.065081906,89
2001,NCL,67,23.92598822,0.711110609,12.08313107,0.032516586,79
2002,NCL,72,30.0908364,0.669156795,14.75750306,0.058887353,103
2003,NCL,81,24.58947432,1.133980634,18.08947432,0.122097767,89
2004,NCL,89,25.88630717,0.846641731,18.38630717,0.059256766,105
2005,NCL,132,37.76276725,0.783034331,26.26276725,0.076610452,158
2006,NCL,141,39.16518308,0.993215051,27.66518308,0.040835089,138
2007,NCL,156,46.45084274,0.943807957,36.61750941,0.072893724,173
2008,NCL,162,43.96779521,0.766815086,31.55112854,0.065039788,152
2009,NCL,183,55.65009324,1.114782846,40.31675991,0.107837969,190
2010,NCL,182,57.02031836,0.929210823,39.35365169,0.059271995,227
2011,NCL,140,32.84986034,1.318949522,21.43319368,0.129857023,149
2012,NCL,181,43.11833079,0.969303748,34.99214032,0.08454687,222
2013,NCL,197,54.68350197,1.063943026,35.48350197,0.098178332,227
2014,NCL,221,56.95707133,1.196400069,38.90151578,0.08819055,269
2015,NCL,244,67.21605125,1.527611551,51.38271792,0.084738412,309
2016,NCL,211,51.56576418,0.923508833,39.42290704,0.055530848,286
2017,NCL,197,57.70440514,0.971792602,39.061548,0.077581636,293
2018,NCL,219,52.30320422,0.986541159,39.23177564,0.084754271,281
2019,NCL,226,56.86270333,0.934497587,42.02936999,0.084176475,287
2020,NCL,226,56.10739118,1.016549596,44.44072451,0.089284259,315
2021,NCL,236,61.74436254,0.696129446,46.41102921,0.055530953,331
2022,NCL,248,62.07674288,0.724671748,50.24340954,0.059644286,357
2023,NCL,216,53.73878945,0.894656132,45.07212278,0.099320771,342
2024,NCL,12,1.947003019,0,1.947003019,1,48
1990,NER,40,30.84691877,0.648003108,3.846918768,0.037049313,90
1991,NER,35,28.86305347,0.224960918,2.863053467,0.034646369,71
1992,NER,27,18.22900433,0.656009252,6.229004329,0.095347788,55
1993,NER,28,18.49372711,0.372589897,3.493727106,0.024783178,42
1994,NER,30,19.75690994,0.854087556,5.756909938,0.126538007,54
1995,NER,36,24.8371464,0.677662477,4.8371464,0.043922481,83
1996,NER,39,15.50913808,0.621261303,7.342471417,0.067548502,42
1997,NER,67,34.28759921,1.165433141,14.12093254,0.118763725,73
1998,NER,62,30.7221251,0.689909603,16.7221251,0.047016424,90
1999,NER,47,22.74236412,1.02864616,15.24236412,0.091605838,74
2000,NER,41,21.35583722,0.779591786,10.35583722,0.028987279,64
2001,NER,37,22.26399711,0.431949696,13.26399711,0.022457782,71
2002,NER,30,12.76771094,0.684227618,7.767710944,0.066574189,49
2003,NER,52,21.8529282,0.490159921,10.3529282,0.035591467,67
2004,NER,43,22.13668137,0.405750986,8.636681374,0.002823368,70
2005,NER,53,20.9094936,0.580653255,13.9094936,0.039334281,86
2006,NER,59,26.40230994,0.54519204,13.65230994,0.031771002,105
2007,NER,55,26.16920081,0.66005627,19.16920081,0.018325376,111
2008,NER,71,21.97663747,0.866624817,15.72663747,0.051168692,101
2009,NER,99,45.20669697,0.602113624,20.20669697,0.059707235,149
2010,NER,119,57.92265419,0.697040302,17.00598753,0.058571106,203
2011,NER,93,24.2740388,0.760359292,18.10737213,0.086399842,131
2012,NER,98,26.01947542,0.981350015,16.60280875,0.078545556,185
2013,NER,94,33.28185776,0.806551716,19.53185776,0.088439585,168
2014,NER,118,39.98708008,0.780132573,29.98708008,0.06817204,196
2015,NER,153,48.39573357,0.636624705,34.89573357,0.047402737,236
2016,NER,151,49.51979788,0.502472843,31.51979788,0.039431397,274
2017,NER,143,52.04591379,0.545016242,29.00424712,0.038982331,247
2018,NER,158,59.39847255,0.444796812,31.39847255,0.029568411,290
2019,NER,210,85.00070141,0.47384445,48.00070141,0.031661118,361
2020,NER,208,90.72671169,0.475746932,39.00448947,0.024817456,399
2021,NER,216,63.73836681,0.498421618,36.23836681,0.051712879,368
2022,NER,241,88.23602716,0.301958156,43.23602716,0.014353669,464
2023,NER,235,81.15457047,0.473012592,52.15457047,0.05207952,433
2024,NER,21,8.752870375,0.205557154,3.752870375,1,51
1990,NFK,1,1,1.806897143,,0,1
2000,NFK,1,0.25,0.189312968,0.25,0,1
2005,NFK,1,0.125,0.735856328,0.125,0,1
2007,NFK,1,0.5,1.05590973,0.5,0,2
2009,NFK,1,0.333333333,2.777201371,0.333333333,1,2
2011,NFK,1,0.041666667,0.533752996,0.041666667,0,1
2013,NFK,1,1,2.300386551,,0,1
2017,NFK,1,0.083333333,2.736297218,0.083333333,1,1
2022,NFK,1,0.142857143,1.46323384,0.142857143,0,1
2023,NFK,2,0.5,1.052909697,0.5,0,3
2024,NFK,1,0.166666667,0,0.166666667,1,1
1990,NGA,1523,1420.42123,0.319181013,78.96289683,0.020662885,2012
1991,NGA,1329,1224.392019,0.307981674,68.97535282,0.019441136,1839
1992,NGA,1190,1097.62957,0.296395632,63.96290284,0.013112673,1726
1993,NGA,1150,1044.883279,0.307184297,76.99994572,0.013327865,1708
1994,NGA,992,884.952762,0.298119464,76.28609533,0.014213288,1569
1995,NGA,928,824.455951,0.367649301,70.03928433,0.016301478,1515
1996,NGA,1202,953.9448511,0.276924249,145.5353273,0.008232059,1726
1997,NGA,1226,1004.208772,0.327105612,154.5825811,0.018982776,1885
1998,NGA,1173,956.1183869,0.297832704,150.8850536,0.011634743,1777
1999,NGA,1219,1021.622297,0.317096843,143.4222965,0.014465694,1956
2000,NGA,1317,1112.941933,0.296828513,145.0419331,0.010889694,2169
2001,NGA,1311,1152.81382,0.296581053,104.2304869,0.009267086,2221
2002,NGA,1513,1328.342717,0.299959349,127.990769,0.010066426,2503
2003,NGA,1673,1434.25413,0.362592054,162.0207967,0.018483619,2773
2004,NGA,1928,1657.09715,0.345489074,171.9138163,0.015547737,3199
2005,NGA,2363,2053.703584,0.368394847,205.0988221,0.013438653,3888
2006,NGA,3178,2815.600472,0.337803384,241.025472,0.013953916,5202
2007,NGA,3699,3304.695754,0.37569392,256.2659919,0.016979325,6400
2008,NGA,3950,3465.09575,0.430314621,315.0497179,0.020835696,6818
2009,NGA,4833,4169.82556,0.388260231,393.2157009,0.018405411,8040
2010,NGA,5437,4625.975243,0.399841764,431.771239,0.019347606,9260
2011,NGA,6031,5077.372121,0.37204453,521.8348194,0.013808253,10327
2012,NGA,5670,4656.74561,0.370442717,511.6622762,0.015249648,10064
2013,NGA,5622,4625.264041,0.362286434,589.5117213,0.01615998,10451
2014,NGA,5875,4631.752109,0.414054513,728.1449665,0.01819197,11002
2015,NGA,5855,4502.707633,0.510324402,823.6600143,0.033957034,11065
2016,NGA,6653,4880.329218,0.578300426,1007.966123,0.044748483,12293
2017,NGA,7562,5456.518341,0.616017541,1200.662388,0.048089235,13809
2018,NGA,9289,6707.919637,0.63800036,1483.253764,0.052677175,16491
2019,NGA,12041,8738.70572,0.693055964,2076.470439,0.062435599,20942
2020,NGA,14086,9991.842562,0.690847204,2436.665578,0.065835412,24652
2021,NGA,16055,11085.79644,0.754461198,3023.188998,0.06898552,28484
2022,NGA,16196,10638.87071,0.800386359,3328.477943,0.076243173,29722
2023,NGA,16071,10377.75414,0.949143958,3666.496609,0.094671838,30414
2024,NGA,1282,760.2041588,1.345122759,326.1565398,0.997862416,3669
1990,NIC,11,8.533333333,0.553430582,2.033333333,0,19
1991,NIC,27,22.67619048,0.381497875,3.00952381,0,56
1992,NIC,9,6.2,0.70495742,2.2,0.161290323,24
1993,NIC,23,12.69728488,0.919530189,6.697284879,0.066380896,53
1994,NIC,18,10.28571429,0.447402476,5.285714286,0,28
1995,NIC,11,7.333333333,0.653985521,1.583333333,0.136363636,18
1996,NIC,38,17.49722222,0.959358026,11.99722222,0.057151929,57
1997,NIC,43,20.09424603,0.638828268,13.17757937,0.0375216,76
1998,NIC,32,14.09799765,0.743080354,9.097997646,0.020266303,61
1999,NIC,30,11.63996071,0.690518103,8.63996071,0.049684457,55
2000,NIC,36,17.40793651,0.83949193,8.807936508,0.093006292,65
2001,NIC,22,9.903113553,0.55870478,3.653113553,0.033659448,30
2002,NIC,19,7.630555556,0.66816651,5.630555556,0.040771751,34
2003,NIC,34,14.22404443,0.529861329,9.724044434,0.043939683,61
2004,NIC,46,17.37438672,0.737282754,11.54105339,0.038690414,67
2005,NIC,58,23.3458832,0.734526537,18.3458832,0.105051541,102
2006,NIC,93,41.42964258,0.755462543,27.85821401,0.082977385,147
2007,NIC,64,22.66297187,1.118913598,20.32963853,0.072942378,101
2008,NIC,84,33.2972009,0.940470459,23.2972009,0.084665228,129
2009,NIC,101,36.07456243,1.1946922,27.74122909,0.059927095,140
2010,NIC,100,39.07016497,0.858419859,28.07016497,0.079242863,160
2011,NIC,105,41.1635152,1.16809894,30.1635152,0.126977123,158
2012,NIC,112,38.09140591,0.739159764,30.59140591,0.077722731,155
2013,NIC,97,35.80216336,0.931525691,27.80216336,0.080478174,153
2014,NIC,114,46.73565672,0.830193518,26.23565672,0.098663298,162
2015,NIC,122,36.68110954,0.880486979,29.18110954,0.086261177,222
2016,NIC,158,68.74311119,0.714990536,38.07644452,0.067839576,221
2017,NIC,164,58.75044692,0.851851029,36.75044692,0.063246401,228
2018,NIC,136,44.10924216,0.962016431,27.77590882,0.123299716,203
2019,NIC,140,43.13435379,0.981016891,25.80102045,0.092095587,208
2020,NIC,162,46.648879,0.845524714,38.648879,0.1065348,219
2021,NIC,148,50.40310791,0.606712536,36.60310791,0.07371934,236
2022,NIC,181,53.61082137,0.687296469,43.61082137,0.065257016,250
2023,NIC,166,50.18431834,0.902461038,40.18431834,0.064476573,232
2024,NIC,10,1.71634346,0.357624237,1.71634346,1,16
1999,NIU,1,0.333333333,0,,0,1
2005,NIU,1,1,0,,0,1
2006,NIU,2,2,0.347758961,,0,2
2007,NIU,3,1.1,0.191695368,0.6,0,3
2013,NIU,1,0.333333333,0.593124847,0.333333333,0,1
2014,NIU,3,0.194589372,0.649652059,0.194589372,0,2
2016,NIU,1,0.1,0.140800936,0.1,0,1
2017,NIU,2,0.115635998,0.751245131,0.115635998,0,2
2018,NIU,1,0.2,0.357348685,0.2,0,2
2019,NIU,3,0.326500297,1.011367691,0.326500297,0,4
2023,NIU,1,0.058823529,4.688938431,0.058823529,1,1
1990,NLD,16686,14692.31065,1.339797744,1447.186378,0.139884581,25153
1991,NLD,16678,14468.34895,1.344186745,1563.197239,0.143376767,25423
1992,NLD,17413,14942.8269,1.334835203,1737.337464,0.138346346,27036
1993,NLD,18925,16231.55273,1.32300239,1903.728468,0.138026387,29298
1994,NLD,19846,16884.63097,1.304525815,2167.545216,0.139168217,30445
1995,NLD,20581,17274.79027,1.286943139,2350.478388,0.136236796,31048
1996,NLD,23578,18681.4061,1.32669955,3307.316734,0.139890882,32363
1997,NLD,24180,18728.80471,1.355186597,3651.224465,0.144927213,32922
1998,NLD,24736,18931.44047,1.347680236,3667.474761,0.145220351,33565
1999,NLD,23765,17858.16616,1.403948809,3575.336659,0.148279121,32464
2000,NLD,25529,19290.04698,1.391542648,4002.327307,0.148727967,35626
2001,NLD,25543,19628.85462,1.403830227,3841.912552,0.154675095,36688
2002,NLD,27317,20702.49646,1.395506085,4341.602345,0.154211196,38867
2003,NLD,29811,21357.98937,1.433558893,5360.091386,0.153754012,37839
2004,NLD,32388,23006.85349,1.437296202,5927.552017,0.157186728,41131
2005,NLD,36246,25833.07624,1.446685073,6606.067823,0.157816784,44948
2006,NLD,37896,26521.68882,1.469811532,7092.463779,0.160256289,46506
2007,NLD,39554,27573.85271,1.483476256,7506.894347,0.160860858,49041
2008,NLD,41120,28399.32234,1.47649588,7895.891474,0.16269974,52196
2009,NLD,44455,30547.09075,1.48633018,8601.903086,0.164494089,54925
2010,NLD,46360,31151.86954,1.512831322,9178.745544,0.16929296,56837
2011,NLD,48160,32037.20617,1.500769029,9748.010142,0.169613275,59415
2012,NLD,51509,33449.01434,1.485269154,10722.18919,0.163081704,62761
2013,NLD,53099,34066.7846,1.457140784,11167.55758,0.15899743,64887
2014,NLD,54169,34322.6339,1.410276145,11635.42624,0.155101579,67534
2015,NLD,55051,34184.54909,1.458282967,12110.47034,0.158910053,69648
2016,NLD,56531,34243.44196,1.398080893,12492.55219,0.157533893,77680
2017,NLD,57661,34300.77051,1.377574064,12885.43058,0.14765017,74291
2018,NLD,59569,34756.70268,1.361229854,13485.26827,0.145373756,77429
2019,NLD,60593,34757.35283,1.376447789,13588.11267,0.149043317,77995
2020,NLD,63801,35868.83023,1.323273851,14216.30637,0.14187224,81883
2021,NLD,69026,38112.55205,1.310823269,14954.21044,0.137479292,87586
2022,NLD,67116,36566.95526,1.308246131,14387.68594,0.136556613,88611
2023,NLD,66474,36136.5879,1.280197898,14370.49011,0.136869934,89198
2024,NLD,6423,3413.783682,1.183471723,1421.479945,0.997396743,17107
1990,NOR,4115,3659.49697,1.061389009,314.6564934,0.112368514,5703
1991,NOR,4350,3843.836131,0.980144675,360.1797818,0.103532716,6512
1992,NOR,4516,3918.027594,1.001376623,412.8859271,0.098137275,6836
1993,NOR,4612,3969.991474,1.020345377,410.9509976,0.100205275,6577
1994,NOR,5044,4266.029728,0.975595221,521.0860772,0.090157799,6914
1995,NOR,5401,4486.494505,1.041439514,556.26633,0.098625836,7599
1996,NOR,6074,4782.094926,1.057749905,803.2354635,0.106515794,7745
1997,NOR,6514,5081.915468,1.093063575,870.5590825,0.110428928,8280
1998,NOR,6761,5190.506387,1.044904837,931.0390557,0.101956266,8577
1999,NOR,6341,4762.80324,1.11050208,891.8081627,0.112155242,8437
2000,NOR,6692,5095.877763,1.125496419,943.3401009,0.1069286,9197
2001,NOR,6859,5223.631144,1.153116004,985.2055553,0.117705095,9768
2002,NOR,6879,5184.535177,1.242118986,1001.724829,0.122751155,9968
2003,NOR,7557,5322.491284,1.203815941,1317.020638,0.118011594,9839
2004,NOR,8448,5851.510621,1.230682082,1506.354203,0.117804852,10821
2005,NOR,9793,6848.799843,1.263278296,1714.335048,0.130137404,12393
2006,NOR,10655,7341.117431,1.323228491,1909.678109,0.131624993,13228
2007,NOR,11701,7988.952357,1.248908818,2148.031931,0.131562252,14602
2008,NOR,12169,8171.356637,1.268870816,2284.395428,0.13242211,14534
2009,NOR,13818,9331.884945,1.242196673,2612.589396,0.130204362,16478
2010,NOR,14391,9617.535232,1.238737738,2783.124848,0.129433018,17504
2011,NOR,15594,10398.92664,1.284171708,2941.238081,0.139965901,18733
2012,NOR,16885,11022.66941,1.254053308,3302.674897,0.127751616,19503
2013,NOR,17197,11007.57201,1.266576665,3354.076489,0.133935822,20263
2014,NOR,18390,11512.40215,1.230444907,3610.598182,0.128400908,21703
2015,NOR,18888,11575.69707,1.219407737,3806.379612,0.130716983,22557
2016,NOR,20437,12313.41058,1.240227389,4249.771885,0.130167588,23886
2017,NOR,21587,12907.64138,1.192494758,4456.691683,0.118747033,25234
2018,NOR,22717,13397.4834,1.166015984,4690.310236,0.121873323,26224
2019,NOR,23721,13863.61699,1.214110253,4887.600772,0.122427752,27473
2020,NOR,25573,14396.52749,1.137644404,5274.306582,0.11675568,28782
2021,NOR,27557,15157.11551,1.171415233,5590.134975,0.117786131,30598
2022,NOR,27398,14843.11375,1.188684083,5550.945895,0.119514559,31106
2023,NOR,28236,15335.66979,1.162129362,5746.482094,0.12592901,31710
2024,NOR,2561,1291.640725,1.616003056,552.2407249,0.999335554,5697
1990,NPL,52,40.17619048,0.488766665,6.176190476,0.070522698,75
1991,NPL,58,42.45855615,0.961767113,11.45855615,0.058320176,92
1992,NPL,45,32.15952381,0.496082568,8.65952381,0.051084623,64
1993,NPL,64,42.00367965,0.7147586,13.50367965,0.049902864,90
1994,NPL,56,41.29444444,0.544556754,7.961111111,0.024216333,84
1995,NPL,68,43.88620448,0.710618451,12.88620448,0.048431853,116
1996,NPL,93,53.8001239,0.408919276,20.96679056,0.011506435,126
1997,NPL,116,67.09051716,0.552799479,26.09051716,0.027402694,168
1998,NPL,147,85.43662726,0.413944548,33.60329393,0.01844865,212
1999,NPL,147,87.66982827,0.770589075,37.16982827,0.049514288,243
2000,NPL,166,100.6097721,0.486323485,42.60977209,0.021421327,271
2001,NPL,186,112.716412,0.597830842,45.58307869,0.045630036,300
2002,NPL,189,120.7988174,0.426818466,33.96548403,0.033641794,301
2003,NPL,333,235.8539696,0.361594557,55.67063626,0.020260224,570
2004,NPL,335,223.3390152,0.529592835,52.61401515,0.047630485,557
2005,NPL,447,302.5607014,0.392039014,73.87617762,0.023684515,776
2006,NPL,532,366.2527143,0.471584978,88.38409959,0.026180753,899
2007,NPL,577,384.882292,0.427383577,97.32395865,0.01855203,950
2008,NPL,531,353.749785,0.474000332,93.249785,0.02382465,997
2009,NPL,588,379.3372722,0.476937934,104.9916373,0.022658342,1077
2010,NPL,700,398.2747517,0.461295604,126.3723708,0.027169149,1097
2011,NPL,747,401.5098552,0.45891797,129.9749345,0.023345909,1127
2012,NPL,839,468.3261418,0.49861337,154.6138402,0.030394365,1353
2013,NPL,875,506.8264865,0.586538682,172.9872008,0.042361807,1456
2014,NPL,940,526.3292183,0.572867007,203.2125516,0.035285633,1630
2015,NPL,1014,565.1303718,0.630885796,220.6637051,0.05017949,1769
2016,NPL,1159,650.6768929,0.699157068,236.0935596,0.051454351,2050
2017,NPL,1337,708.0789995,0.673997618,290.2956662,0.05140684,2353
2018,NPL,1517,847.3248704,0.766185135,324.4486799,0.051194517,3032
2019,NPL,1878,1076.974752,0.799116554,417.7398313,0.078336344,3469
2020,NPL,2685,1606.925002,0.653214408,529.8083358,0.054266349,4643
2021,NPL,3228,1988.607093,0.62729611,686.7166172,0.048471072,6187
2022,NPL,3375,1999.578571,0.612842604,699.6396818,0.052432917,6436
2023,NPL,3102,1749.026907,0.603767145,659.5352403,0.058437647,6228
2024,NPL,236,127.2340204,0.242347614,45.73402044,0.995742753,637
1997,NRU,1,0.25,0,0.25,0,1
1998,NRU,1,0.181818182,2.107532519,0.181818182,0,2
2001,NRU,1,0.3,0,0.3,0,3
2002,NRU,1,0.1875,0.970740949,0.1875,0,3
2004,NRU,1,0.176470588,1.112903226,0.176470588,0,3
2005,NRU,1,0.5,0,,0,1
2006,NRU,1,0.272727273,0,0.272727273,0,3
2008,NRU,2,1.333333333,0.545968753,,0,2
2009,NRU,2,0.916666667,4.291562875,0.916666667,0.727272727,2
2011,NRU,3,0.68452381,2.05639644,0.68452381,0.243478261,5
2012,NRU,1,0.5,0,,0,1
2013,NRU,2,0.342857143,1.15534767,0.342857143,0,2
2014,NRU,3,0.330909091,0.861669577,0.330909091,0,3
2015,NRU,2,0.321428571,0.32676028,0.321428571,0,2
2016,NRU,2,0.375,0.21071323,0.375,0,3
2018,NRU,1,1,0.363573404,,0,1
2019,NRU,1,0.166666667,0.09628896,0.166666667,0,1
2020,NRU,3,0.9,2.973077914,0.5,0.222222222,3
2022,NRU,3,0.398067633,1.101781647,0.398067633,0,4
2023,NRU,4,0.128655163,2.370895953,0.128655163,0.457218569,2
1990,NZL,3152,2816.187693,1.062049907,260.6122958,0.095686019,4147
1991,NZL,2869,2540.645627,1.024315544,245.8016877,0.09516994,3814
1992,NZL,3184,2722.927447,1.024706245,338.7448714,0.096838184,4296
1993,NZL,3424,2972.105602,0.972534222,325.6702782,0.087886499,4529
1994,NZL,3696,3154.217566,0.993002641,389.2663752,0.091085502,4917
1995,NZL,3808,3219.190778,1.015893908,421.4550636,0.099697825,5291
1996,NZL,4833,3779.12649,1.100157063,690.0058549,0.109255116,5814
1997,NZL,5154,4071.575122,1.041255407,722.2678857,0.093964761,6303
1998,NZL,5423,4189.139118,1.075193925,797.1414269,0.101232049,6691
1999,NZL,5596,4368.3147,0.981157145,817.660157,0.0929413,7034
2000,NZL,5645,4444.077983,1.028135545,839.2691802,0.093434536,7542
2001,NZL,5772,4614.646862,1.047836664,820.5279366,0.102166017,7657
2002,NZL,5882,4613.845748,1.041374953,860.1600335,0.102340761,7793
2003,NZL,6525,4785.945776,1.068117811,1151.547558,0.103822469,7895
2004,NZL,7122,5180.788549,1.064000893,1293.164449,0.101350994,8637
2005,NZL,8162,5835.442861,1.093732324,1450.303911,0.107345286,9518
2006,NZL,8589,6068.386826,1.152081553,1632.102735,0.118657211,9932
2007,NZL,9222,6521.390044,1.081493109,1690.616378,0.103582778,10828
2008,NZL,9643,6839.705745,1.113283784,1725.752535,0.110280203,11183
2009,NZL,10203,7175.987466,1.105946937,1887.006838,0.109132234,11895
2010,NZL,10880,7534.596894,1.143393246,2049.739492,0.116404388,12565
2011,NZL,12155,8381.08422,1.108889267,2292.981341,0.107138095,13614
2012,NZL,12335,8382.325605,1.125255713,2358.651495,0.105738291,14054
2013,NZL,12735,8391.606293,1.110061986,2479.164391,0.106885946,14088
2014,NZL,13210,8632.025473,1.066869146,2631.387791,0.102286776,14707
2015,NZL,13242,8490.117263,1.086519854,2631.147723,0.111864973,15297
2016,NZL,13870,8750.647824,1.042006695,2763.089387,0.10183756,15777
2017,NZL,14423,8851.882847,1.047225678,2936.976051,0.097032135,16353
2018,NZL,15069,9007.645547,1.065218441,3126.107958,0.104369743,17057
2019,NZL,15869,9379.319224,1.060527297,3277.36658,0.098860642,18067
2020,NZL,16576,9573.304152,1.046932837,3437.340912,0.103882087,18486
2021,NZL,17240,9870.886361,1.051609408,3665.169694,0.09532756,19608
2022,NZL,17158,9713.118205,1.017424932,3575.935044,0.093817283,19714
2023,NZL,16160,9217.311417,1.088689339,3368.766034,0.109230644,19585
2024,NZL,1553,803.8000145,1.519819443,333.8000145,0.992775286,3237
1990,OMN,68,49.66547619,0.696089015,10.16547619,0.047133528,92
1991,OMN,74,58.96794872,0.38011714,9.467948718,0.015001631,91
1992,OMN,69,53.23411637,0.452746064,9.034116374,0.028966702,87
1993,OMN,93,76.18333333,0.565488548,11.85,0.067162546,171
1994,OMN,114,93.73571429,0.419301848,12.23571429,0.017780487,178
1995,OMN,100,85.79493284,0.474202198,9.294932845,0.04079495,194
1996,OMN,183,123.2931128,0.555372881,29.54311277,0.033456857,275
1997,OMN,184,132.0769841,0.515079835,30.07698413,0.048582777,267
1998,OMN,214,160.4416667,0.502981345,31.60833333,0.025762219,316
1999,OMN,228,154.609596,0.533248105,42.39292929,0.042965361,306
2000,OMN,294,214.3420635,0.5983628,47.50873016,0.045737973,442
2001,OMN,319,244.8613095,0.620272321,47.79623016,0.054743493,477
2002,OMN,351,254.8962666,0.674571466,56.22959993,0.059338942,478
2003,OMN,435,316.1971611,0.546566605,84.13503984,0.043689976,604
2004,OMN,454,320.9927256,0.512496094,86.83439224,0.025092948,560
2005,OMN,492,340.3990069,0.632562909,99.9878958,0.048629905,667
2006,OMN,553,372.3541076,0.59007479,112.6814886,0.053358769,694
2007,OMN,647,445.9912717,0.606496702,124.774605,0.045957376,904
2008,OMN,698,467.2914623,0.562111475,133.0247956,0.042568049,903
2009,OMN,806,522.0274557,0.555358323,160.0691223,0.042139989,1040
2010,OMN,903,572.9926178,0.666275474,181.7469829,0.056420571,1287
2011,OMN,1048,664.0225235,0.688819367,214.3558568,0.055111952,1355
2012,OMN,1083,669.8746846,0.692499426,229.7580179,0.054094456,1379
2013,OMN,1206,748.9050304,0.692005926,256.9550304,0.054400812,1552
2014,OMN,1305,787.8887089,0.704662759,275.9677132,0.056666243,1712
2015,OMN,1525,876.2118457,0.716732229,342.3785124,0.061134878,1768
2016,OMN,1701,963.3471111,0.729362631,370.6471111,0.066385242,1979
2017,OMN,1666,922.7937729,0.775605216,364.2937729,0.071928881,2162
2018,OMN,1829,950.9710845,0.831454448,435.8377511,0.085413805,2247
2019,OMN,2218,1155.022443,0.929105297,528.3951338,0.091105878,2727
2020,OMN,2550,1280.478046,1.049873091,604.5822124,0.106878951,2854
2021,OMN,3288,1552.629653,1.05516129,756.6945157,0.111085625,3569
2022,OMN,3859,1739.94365,1.011217665,852.9301579,0.10518178,4204
2023,OMN,4081,1866.737523,0.937705112,956.4054887,0.10249471,4594
2024,OMN,373,146.1387053,1.147453977,80.63870533,0.972302895,614
1990,PAK,481,419.204881,0.406411637,38.66738095,0.021848619,858
1991,PAK,565,489.3494181,0.342288616,58.62322762,0.022115531,969
1992,PAK,536,474.4718615,0.379665144,45.53852814,0.02189569,992
1993,PAK,566,493.1702561,0.386769479,58.57025613,0.00777284,1033
1994,PAK,609,530.7597763,0.401669821,62.25977633,0.020023706,1129
1995,PAK,653,559.7892136,0.335465462,66.6225469,0.010246204,1222
1996,PAK,915,731.1901639,0.315646374,118.3568306,0.012725502,1534
1997,PAK,995,808.0598323,0.289900883,127.73761,0.010047892,1777
1998,PAK,1168,962.1144683,0.274517654,126.281135,0.012370307,2037
1999,PAK,1171,979.3341244,0.264945177,124.1735183,0.008658141,2066
2000,PAK,1223,1038.875963,0.321578213,126.4259629,0.013051381,2304
2001,PAK,1392,1220.803169,0.2793182,119.3698352,0.015546708,2588
2002,PAK,1563,1350.75133,0.337887994,141.6276118,0.013671121,2901
2003,PAK,1759,1460.029932,0.373206947,211.4680277,0.014445861,3236
2004,PAK,2017,1710.571006,0.455899113,232.0793389,0.026076177,3766
2005,PAK,2780,2392.066796,0.449448977,311.9806848,0.027391426,5063
2006,PAK,3435,2903.137511,0.532988829,461.993006,0.031934678,5709
2007,PAK,4191,3486.06152,0.605127105,565.4293768,0.047834547,6854
2008,PAK,5110,4210.310234,0.669650795,694.4833219,0.053450073,8489
2009,PAK,6351,5185.82183,0.629388998,843.887306,0.04821611,10487
2010,PAK,7544,6048.673457,0.618234633,1125.283612,0.045467764,12259
2011,PAK,9002,7159.492469,0.574463674,1341.296207,0.038340667,14782
2012,PAK,9711,7524.264322,0.591986542,1540.7921,0.046187713,15965
2013,PAK,11184,8563.080577,0.6054373,1844.586926,0.044461418,18164
2014,PAK,11368,8466.340462,0.655821856,2090.021054,0.054403137,18816
2015,PAK,12063,8745.7796,0.698797221,2395.705021,0.06055306,19806
2016,PAK,14241,10242.7583,0.765932643,2903.754733,0.071545343,23258
2017,PAK,17467,12381.2831,0.808164174,3643.878772,0.079425857,27501
2018,PAK,19891,13694.89329,0.896207256,4378.7276,0.091511346,31336
2019,PAK,24650,16968.30709,0.982906147,5485.021209,0.105118946,39218
2020,PAK,29444,19438.39615,1.071094409,7367.063424,0.127214563,45536
2021,PAK,35012,22266.11016,1.095444961,9428.53845,0.12682226,52496
2022,PAK,38934,23582.17441,1.191979897,11352.54402,0.133443667,56910
2023,PAK,37730,22211.37302,1.396192499,11364.31816,0.145397213,55904
2024,PAK,4031,2289.920279,1.342330728,1275.521866,0.998192562,10509
1990,PAN,40,25.80804473,0.828259945,8.808044733,0.110988413,77
1991,PAN,40,26.88899711,0.388510698,4.888997114,0.035245914,71
1992,PAN,34,26.48219462,0.11766065,3.482194617,0,70
1993,PAN,42,31.26071429,0.579388684,5.260714286,0.031455882,96
1994,PAN,34,29.38730159,0.356668718,2.387301587,0.017014151,76
1995,PAN,50,33.84920635,0.40565905,6.849206349,0.073118406,114
1996,PAN,61,38.89325397,0.308618209,9.393253968,0.029384457,113
1997,PAN,34,22.11808192,0.487018954,6.118081918,0.059123224,78
1998,PAN,45,22.84506556,0.482587055,7.00220842,0.035219394,62
1999,PAN,39,19.77669969,0.690662726,6.443366356,0.071633118,63
2000,PAN,33,12.33844211,0.989887626,7.588442113,0.085038485,53
2001,PAN,36,22.34586636,0.471740558,4.345866356,0.044751006,82
2002,PAN,45,22.35859668,0.7813814,10.35859668,0.068818741,87
2003,PAN,59,23.22474747,0.741660571,13.72474747,0.059413784,73
2004,PAN,72,27.66473589,0.926936616,17.08140255,0.101734346,111
2005,PAN,67,30.59935003,0.554097085,15.51601669,0.037358659,101
2006,PAN,77,34.13889901,0.56264241,19.13889901,0.025085384,133
2007,PAN,101,47.809614,0.807445931,24.809614,0.047568726,163
2008,PAN,117,47.00285594,0.585238866,25.66952261,0.037735756,153
2009,PAN,127,53.473017,0.677786341,28.30635034,0.0436108,209
2010,PAN,151,55.80155941,0.596274236,37.80155941,0.037521418,200
2011,PAN,153,69.78618145,0.639033856,31.78618145,0.069871997,267
2012,PAN,204,84.26087265,0.668554218,46.28468217,0.039045591,295
2013,PAN,192,81.54609883,0.664591911,43.00324168,0.057739799,351
2014,PAN,228,98.04745129,0.6455988,58.21411796,0.034871454,358
2015,PAN,237,95.31769523,0.581165438,54.81769523,0.020708831,397
2016,PAN,255,86.74280456,0.650700044,57.74280456,0.048650296,397
2017,PAN,293,115.5681075,0.561249116,59.56810746,0.022798992,448
2018,PAN,313,113.9799629,0.562914661,69.47996288,0.033776679,469
2019,PAN,440,192.2164572,0.609664793,97.96645719,0.036778617,657
2020,PAN,467,183.8009437,0.56661959,99.52064068,0.024844155,683
2021,PAN,560,211.5750103,0.646614923,114.3250103,0.039669134,877
2022,PAN,670,338.7028622,0.496345081,131.464767,0.030486604,1135
2023,PAN,585,245.8159013,0.480015321,119.7087585,0.040343175,991
2024,PAN,44,14.5434168,0.590976625,9.543416796,1,84
2015,PCN,1,0.833333333,1.601284002,0.833333333,0,5
1990,PER,166,123.8735671,0.545906451,26.37356712,0.03323281,327
1991,PER,135,96.15035912,0.493452233,24.15035912,0.024267547,288
1992,PER,139,104.1003713,0.474132139,21.76703793,0.042208681,312
1993,PER,138,106.277417,0.673935951,22.61075036,0.061866389,343
1994,PER,139,104.6512626,0.481249052,20.15126263,0.058368463,359
1995,PER,141,96.72686591,0.401442515,24.22686591,0.020430627,314
1996,PER,206,131.2525022,0.409607907,40.1096451,0.026333862,388
1997,PER,219,122.5569708,0.562866113,50.12363747,0.047709445,378
1998,PER,202,99.50882565,0.685731142,51.86596851,0.067417633,338
1999,PER,270,171.2292308,0.504897435,57.46732606,0.038009476,534
2000,PER,307,190.0110072,0.608469693,69.44434058,0.047414247,586
2001,PER,327,211.8407106,0.563516933,58.0073773,0.05593857,642
2002,PER,343,203.9289374,0.587573378,65.62655646,0.042550226,641
2003,PER,493,276.6036165,0.806250799,125.5369498,0.05292961,913
2004,PER,519,289.0238673,0.609995334,119.7912915,0.046814134,925
2005,PER,586,317.5120625,0.637579165,139.8104752,0.055350374,1095
2006,PER,839,454.7534428,0.588570614,204.9367761,0.037445714,1330
2007,PER,794,418.7215539,0.655948817,185.8200388,0.045656904,1371
2008,PER,843,434.9510323,0.81565313,215.4415085,0.061502616,1449
2009,PER,961,519.8335219,0.672783077,222.6033631,0.065324878,1731
2010,PER,1087,592.8515688,0.681450439,239.8570633,0.041406651,1958
2011,PER,1209,629.0884023,0.626325988,267.0386909,0.048892916,2100
2012,PER,1292,668.1218692,0.660905433,280.2167105,0.048632169,2216
2013,PER,1390,727.2400706,0.59127403,301.3131114,0.043558515,2435
2014,PER,1582,792.524039,0.67612806,342.1073723,0.049272825,2559
2015,PER,1908,979.7766645,0.643378053,387.8675736,0.046045093,3450
2016,PER,2196,1175.428945,0.638355633,451.4551352,0.044919017,3700
2017,PER,2755,1604.082707,0.638879476,531.054929,0.047929733,4611
2018,PER,3288,2026.29563,0.54544608,631.3187897,0.041432166,5722
2019,PER,4396,2930.779049,0.537446884,800.9846046,0.041229476,8014
2020,PER,5972,4021.250699,0.516840487,1095.297233,0.03827356,10625
2021,PER,7391,5089.489317,0.553685805,1249.729789,0.043122217,13829
2022,PER,8692,6203.197047,0.572703127,1396.613806,0.052353742,17025
2023,PER,9114,6378.554278,0.512054355,1525.00904,0.051702499,18345
2024,PER,536,339.1706393,0.222608577,104.2261948,0.997051632,1717
1990,PHL,328,243.4529695,0.595201052,53.81963613,0.047186402,664
1991,PHL,271,205.8155483,0.601218773,39.64888167,0.046956053,490
1992,PHL,287,214.5907488,0.478333503,48.47408212,0.029863036,522
1993,PHL,307,222.8651154,0.595722042,57.03178211,0.047624721,513
1994,PHL,281,203.3809885,0.565833804,40.40479798,0.031955998,488
1995,PHL,322,221.8873825,0.936719233,55.03738248,0.07868642,492
1996,PHL,462,270.5133891,0.808458067,96.88005573,0.083373658,711
1997,PHL,490,302.2372958,0.838924029,111.0567402,0.076653957,764
1998,PHL,505,316.2793339,0.739282451,99.77933386,0.06513608,721
1999,PHL,502,299.6899058,0.721005757,103.8607392,0.070965885,829
2000,PHL,560,335.6117293,0.765438024,136.0783959,0.087729911,851
2001,PHL,466,312.7479496,0.609445628,82.62890203,0.04769364,810
2002,PHL,628,421.6412434,0.613988129,109.8079101,0.066199456,1006
2003,PHL,666,388.3039539,0.600578956,142.1928427,0.047466584,1035
2004,PHL,677,395.6969273,0.565196014,129.5969273,0.03488073,992
2005,PHL,815,469.9515441,0.653617065,165.4515441,0.055400968,1295
2006,PHL,821,457.9595901,0.724240875,172.0476853,0.05944376,1212
2007,PHL,881,500.5247186,0.799535136,186.9580519,0.072035647,1391
2008,PHL,983,585.2129739,0.683621999,196.7220648,0.061838862,1466
2009,PHL,1086,646.9695967,0.746772892,215.6362634,0.070108244,1709
2010,PHL,1193,732.3341408,0.618998399,210.6940614,0.053590302,1831
2011,PHL,1515,949.8039811,0.666756372,289.758743,0.060207425,2264
2012,PHL,1519,926.1541059,0.608920417,270.3945821,0.05391473,2369
2013,PHL,1754,1072.994395,0.571006978,305.7701649,0.049552722,2732
2014,PHL,2023,1295.949765,0.626072609,361.5330987,0.048563657,3267
2015,PHL,2545,1735.004511,0.49141375,427.3505536,0.03803684,4435
2016,PHL,2914,2004.48901,0.606832163,451.4717636,0.052445543,4952
2017,PHL,3417,2337.420606,0.657722838,503.5281813,0.062284489,6196
2018,PHL,3977,2842.688323,0.619938552,541.4478465,0.048952076,7219
2019,PHL,5267,4001.100296,0.604874227,641.9181533,0.053042825,9188
2020,PHL,5773,4126.829694,0.655098772,756.9866631,0.062705267,10200
2021,PHL,6639,4600.283448,0.717260626,934.1539445,0.060663576,11678
2022,PHL,7179,4903.645717,0.660932894,1015.334046,0.060396812,12820
2023,PHL,6890,4548.956393,0.662075917,1016.066512,0.069455885,12362
2024,PHL,465,247.2479044,0.95477929,80.74790441,0.995955476,997
1991,PLW,1,0.166666667,0,0.166666667,0,1
1993,PLW,2,0.866666667,1.159185429,0.866666667,0,3
1995,PLW,1,1,0.207693149,,0,1
1996,PLW,3,1.285714286,1.082426842,0.785714286,0,6
1997,PLW,3,0.916666667,1.111561952,0.916666667,0,3
1998,PLW,1,1,0.629993091,,0,2
2000,PLW,3,2.333333333,0.214536081,0.333333333,0,3
2001,PLW,7,3.007936508,2.031192867,2.007936508,0.498680739,9
2002,PLW,6,3,0.433809392,1,0.083333333,22
2003,PLW,5,2.033333333,0.506314768,0.7,0,5
2004,PLW,8,3.544444444,1.076230415,2.544444444,0,14
2005,PLW,16,11.47777778,0.186400025,1.144444444,0,29
2006,PLW,11,4.608823529,0.533724185,2.608823529,0,22
2007,PLW,17,7.811038961,0.503899484,4.811038961,0.081469781,19
2008,PLW,8,3.611309524,0.581548769,1.611309524,0.074171749,8
2009,PLW,7,2.821428571,0.378052174,1.821428571,0.035443038,11
2010,PLW,8,5.141919192,0.783234434,2.141919192,0,20
2011,PLW,7,1.590430403,0.477488786,1.590430403,0,8
2012,PLW,7,1.678629704,1.51418947,1.678629704,0.091649846,11
2013,PLW,13,3.080555556,0.646226433,3.080555556,0.105500451,13
2014,PLW,12,5.451732229,1.048267201,2.451732229,0.050952205,17
2015,PLW,18,5.903940504,0.845076277,3.903940504,0.034217859,26
2016,PLW,12,3.192857143,1.526355516,3.192857143,0.104399702,22
2017,PLW,22,6.030498913,0.688933373,5.69716558,0.016582376,26
2018,PLW,19,6.36463259,0.850973022,4.36463259,0.05673715,24
2019,PLW,27,5.449420039,0.925766505,4.949420039,0.128469367,20
2020,PLW,26,7.840241472,0.668292237,5.840241472,0.003201109,31
2021,PLW,26,5.874305747,0.756119098,5.874305747,0.072634255,37
2022,PLW,27,6.270497274,1.191444908,6.270497274,0.133375441,27
2023,PLW,22,4.997381,1.192577875,3.997381,0.219984509,33
2024,PLW,2,0.191056911,0,0.191056911,1,2
1990,PNG,136,106.5406926,0.53195705,14.54069264,0.048811367,203
1991,PNG,131,109.3656629,0.423771741,9.965662932,0.02826908,177
1992,PNG,106,83.7395202,0.399837222,14.2395202,0.035318757,158
1993,PNG,96,74.49365079,0.41106094,11.49365079,0.019816326,127
1994,PNG,102,76.74469697,0.579702829,18.74469697,0.038439138,162
1995,PNG,97,66.58876679,0.649967999,15.58876679,0.083280005,150
1996,PNG,134,85.08605006,0.526743931,31.41938339,0.03833654,189
1997,PNG,114,76.28152657,0.483640276,24.28152657,0.038350004,155
1998,PNG,111,78.11037198,0.541444421,24.27703865,0.022578773,179
1999,PNG,111,69.92109659,0.551361891,27.63776326,0.029478677,164
2000,PNG,98,64.53284632,0.5707687,18.19951299,0.040434625,159
2001,PNG,107,74.15696803,0.47605588,20.65696803,0.040952049,153
2002,PNG,80,54.13932179,0.515732265,14.60598846,0.028135416,139
2003,PNG,99,55.29597298,0.470826265,20.29597298,0.054164849,133
2004,PNG,82,43.42767066,0.385704437,20.92767066,0.007894901,125
2005,PNG,77,39.61152407,0.664951344,17.11152407,0.007994307,124
2006,PNG,98,52.14538737,0.59515478,22.14538737,0.016792114,131
2007,PNG,113,57.07676431,0.683348031,26.07676431,0.047873528,157
2008,PNG,134,60.0305629,1.054552967,31.98889623,0.081593516,179
2009,PNG,103,39.47163183,0.785129531,22.97163183,0.068275902,141
2010,PNG,113,48.01805967,0.850139943,29.401393,0.102069842,189
2011,PNG,133,50.00799216,0.628013648,33.31989692,0.030666986,188
2012,PNG,139,58.60811851,0.93245788,37.44145184,0.070683913,210
2013,PNG,131,53.19563211,0.793730802,29.69563211,0.070604748,201
2014,PNG,154,60.12973978,0.757423282,39.46307311,0.054056822,255
2015,PNG,165,58.41331167,0.701408532,39.57997834,0.043587951,257
2016,PNG,187,65.90865102,0.907603596,43.90865102,0.074627057,306
2017,PNG,179,64.62249934,0.841811963,43.12249934,0.048550598,269
2018,PNG,193,67.45325861,0.856395336,41.11992528,0.08295546,238
2019,PNG,220,82.40908307,0.576683437,53.40908307,0.049479825,322
2020,PNG,218,66.36413768,0.739724493,46.36413768,0.04020075,293
2021,PNG,270,88.21483286,0.813259953,67.71483286,0.076848934,407
2022,PNG,266,82.79576861,0.882528272,61.79576861,0.100086867,456
2023,PNG,252,75.85406457,0.770341604,58.02073124,0.077324748,347
2024,PNG,16,3.68512324,0,3.68512324,1,33
1990,POL,6820,5945.67897,0.468551482,654.6778873,0.035160586,9723
1991,POL,6805,5848.909041,0.45642313,691.5599066,0.030951244,10479
1992,POL,7490,6432.609164,0.409373406,742.1079736,0.028373018,11779
1993,POL,7551,6482.325536,0.446620846,748.5898217,0.027293316,11557
1994,POL,8126,6824.765898,0.493497223,900.5071682,0.034055518,12365
1995,POL,9066,7546.049463,0.495759911,1016.071685,0.032018248,13257
1996,POL,12743,10447.91663,0.48364225,1532.530314,0.030723711,16560
1997,POL,12816,10538.63926,0.497884243,1632.612454,0.031090805,17186
1998,POL,13262,10832.8347,0.497116278,1625.854536,0.029993941,17680
1999,POL,13966,11448.46211,0.531229983,1778.319998,0.033595085,18884
2000,POL,15173,12474.6724,0.52373021,1814.80431,0.033083136,20758
2001,POL,16588,13822.95444,0.553067491,1904.611993,0.038199483,23058
2002,POL,18200,15259.50505,0.533650698,2055.608009,0.038168752,25294
2003,POL,20150,16381.62268,0.536982316,2506.082578,0.036808644,26450
2004,POL,22790,18702.1734,0.526956085,2771.170342,0.03504643,30627
2005,POL,24656,20310.61478,0.544556476,2965.432415,0.039543276,32198
2006,POL,26785,22201.0395,0.561092308,3132.963211,0.041393619,34401
2007,POL,26827,21927.56364,0.577539711,3121.880427,0.039665841,35057
2008,POL,28885,23897.18498,0.532870283,3218.54739,0.037427151,37545
2009,POL,29344,24090.60947,0.559896151,3289.774416,0.039392486,39145
2010,POL,30552,25007.59749,0.584450771,3277.834817,0.042511371,40399
2011,POL,32005,26111.75262,0.627518623,3399.875981,0.047383227,42927
2012,POL,35273,28779.9163,0.661063407,3692.358115,0.050792538,47026
2013,POL,37813,31089.26263,0.706504763,4120.545946,0.0575758,50857
2014,POL,39916,32742.28767,0.771468628,4482.495874,0.064497454,53635
2015,POL,41973,34272.87841,0.725524419,4736.92753,0.059654336,57453
2016,POL,45069,36604.77094,0.728055,5206.944208,0.05858025,60732
2017,POL,46404,37142.23959,0.729763822,5470.754667,0.059786101,61951
2018,POL,49329,39427.70293,0.715138253,6023.525143,0.05590395,68652
2019,POL,52367,41613.55179,0.688834732,6482.54023,0.051616572,69227
2020,POL,56260,43843.77137,0.683018581,7313.574865,0.054040868,72238
2021,POL,59742,45991.20941,0.74140923,8065.000831,0.057693769,77868
2022,POL,56174,41608.19097,0.756781101,7869.949083,0.060166192,75049
2023,POL,52446,37820.70948,0.757976948,8019.426472,0.073728395,72777
2024,POL,4360,2916.962789,0.817332632,800.6294557,0.998545602,11822
1990,PRI,282,235.1104329,0.523565228,31.0604329,0.027119981,456
1991,PRI,305,245.5211649,0.556733609,37.54497441,0.039214361,461
1992,PRI,264,195.4401949,0.702402716,39.44019485,0.049075541,445
1993,PRI,333,244.0529606,0.610284217,52.38629396,0.054483859,573
1994,PRI,322,237.3107185,0.70806029,53.56071852,0.046060435,541
1995,PRI,393,300.2511982,0.563765844,54.91786486,0.039270943,661
1996,PRI,539,359.8261655,0.663213419,100.4761655,0.050486167,699
1997,PRI,566,394.2277737,0.5031229,87.14205942,0.028659074,809
1998,PRI,554,373.083978,0.640631265,101.7935018,0.054272435,783
1999,PRI,513,348.1132112,0.678629393,98.80368742,0.05530407,773
2000,PRI,519,343.9752477,0.645516855,95.85858099,0.048071061,738
2001,PRI,527,358.1563278,0.715304905,100.1396612,0.061778226,789
2002,PRI,571,390.5956339,0.785391205,108.1456339,0.078107116,859
2003,PRI,728,494.5497188,0.600992717,136.0671791,0.043461108,1037
2004,PRI,714,462.2734363,0.760760058,152.4758173,0.073427239,1087
2005,PRI,855,522.217534,0.748720428,178.5842007,0.078984043,1226
2006,PRI,1069,658.5115163,0.709463163,229.5019925,0.051894023,1437
2007,PRI,1027,624.3109884,0.711426553,237.9506942,0.052504205,1429
2008,PRI,1089,637.448528,0.8042404,236.5072581,0.071155644,1491
2009,PRI,1088,620.964047,0.762036777,218.8426184,0.059466362,1444
2010,PRI,1191,670.5079869,0.780751095,256.494098,0.063438597,1547
2011,PRI,1091,563.0795472,0.890381103,232.2112932,0.069507903,1516
2012,PRI,1109,557.16227,0.862228794,236.0638573,0.079701596,1573
2013,PRI,1036,515.6194651,0.858363486,233.8254175,0.066554702,1432
2014,PRI,1072,567.5860957,0.843797359,237.8500122,0.080842597,1589
2015,PRI,1078,550.2103465,0.825458152,237.8770132,0.065714444,1673
2016,PRI,1148,555.089926,0.810804258,249.589926,0.068422379,1613
2017,PRI,1170,545.2761894,0.706713723,234.7761894,0.051811194,1700
2018,PRI,1215,563.5162228,0.713626053,235.2638419,0.056597862,1752
2019,PRI,1110,506.1478305,0.716202898,228.6478305,0.062878631,1685
2020,PRI,1215,558.1603342,0.646754251,245.7607671,0.042171744,1838
2021,PRI,1224,531.8488607,0.751265612,261.682194,0.0602714,1912
2022,PRI,1232,540.2482394,0.653786624,261.164906,0.054418953,1816
2023,PRI,1301,562.8955269,0.710919262,265.8795077,0.073373503,2122
2024,PRI,114,47.1692438,0.903862087,23.31210094,0.998674984,259
1990,PRK,2,1.333333333,0.240038709,,0,4
1991,PRK,2,0.666666667,0,0.166666667,0,2
1992,PRK,3,0.558333333,0.116290951,0.558333333,0,3
1993,PRK,1,0.25,0.464259205,0.25,0,1
1995,PRK,2,2,0.333557226,,0,8
1996,PRK,4,1.541666667,0.026123771,0.541666667,0,4
1997,PRK,1,0.166666667,0.437004554,0.166666667,0,1
2000,PRK,3,1.267857143,0.271617846,0.267857143,0,3
2002,PRK,2,1.333333333,0,0.333333333,0,3
2003,PRK,1,1,0,,0,2
2004,PRK,9,2.402380952,1.557219313,2.402380952,0.277502478,5
2005,PRK,24,5.724603175,0.663324905,5.724603175,0.024954942,19
2006,PRK,16,2.928433495,0.928318382,2.928433495,0,20
2007,PRK,29,7.152813853,0.567303069,6.452813853,0.043777361,23
2008,PRK,32,12.63487068,1.237425277,7.634870685,0.089510404,56
2009,PRK,28,8.12967033,0.408770072,7.62967033,0,36
2010,PRK,31,8.891738817,0.650588255,8.891738817,0.022492788,39
2011,PRK,30,9.482865114,0.512161646,8.482865114,0.065828462,35
2012,PRK,89,23.77763209,0.350778713,23.77763209,0.017423338,90
2013,PRK,21,5.661111111,1.170384651,5.661111111,0.176643768,23
2014,PRK,44,17.22797619,0.589882294,8.894642857,0,69
2015,PRK,85,40.32645285,0.536841587,18.32645285,0.024944884,115
2016,PRK,101,45.50320228,0.760354895,20.50320228,0.067603824,161
2017,PRK,122,65.50252566,0.666666797,28.50252566,0.032739773,192
2018,PRK,158,100.9819103,0.780460913,33.98191034,0.086106641,318
2019,PRK,222,155.065527,0.607927709,37.06552697,0.043595497,431
2020,PRK,236,179.9009055,0.581894276,28.90090547,0.019585498,513
2021,PRK,309,253.1071071,0.557107276,25.60710712,0.026895363,700
2022,PRK,333,263.9019207,0.562362028,37.90192071,0.034561989,783
2023,PRK,384,293.6299657,0.55881284,43.62996566,0.058200665,893
2024,PRK,39,26.70948204,2.096598222,3.709482038,1,99
1990,PRT,1263,1063.60886,0.567729454,136.7088599,0.045407607,2395
1991,PRT,1414,1183.783958,0.609939208,153.2172916,0.050692906,2555
1992,PRT,1506,1235.731556,0.598319305,182.316794,0.049297187,2857
1993,PRT,1753,1430.665716,0.654134013,225.646418,0.04687352,3240
1994,PRT,2043,1680.51326,0.63645369,251.8410374,0.046426023,3683
1995,PRT,2285,1847.09979,0.693144793,289.2414562,0.054782886,4297
1996,PRT,2843,2190.937214,0.751609267,428.7971348,0.06492786,4684
1997,PRT,3348,2604.571777,0.726854398,517.4436027,0.056666294,5511
1998,PRT,3646,2813.282703,0.714872549,533.8319095,0.061193373,5801
1999,PRT,4149,3148.396465,0.865025956,660.9047985,0.085469985,6261
2000,PRT,4418,3338.710013,0.862542072,722.1100131,0.079567827,6937
2001,PRT,4986,3849.648373,0.89537952,819.5229763,0.087315832,7719
2002,PRT,5386,4066.825582,0.949858609,943.305705,0.086042219,8171
2003,PRT,6387,4651.038433,0.910175468,1186.410104,0.078533083,9003
2004,PRT,7177,5237.493494,0.957353575,1405.988935,0.088417319,10158
2005,PRT,8229,6002.278443,1.004794218,1601.626226,0.102002032,11406
2006,PRT,10065,7319.422202,1.012905829,1926.308979,0.092045743,13250
2007,PRT,10613,7750.86625,1.04471678,2050.836921,0.100389585,14185
2008,PRT,12275,8862.614944,1.012909242,2397.967747,0.100487469,16127
2009,PRT,13437,9781.355939,1.061156829,2515.543025,0.105838582,18088
2010,PRT,15134,11016.62082,1.040025705,2909.493926,0.105114259,20102
2011,PRT,17177,12424.79029,1.064100454,3256.146622,0.109459151,22914
2012,PRT,19003,13642.16096,1.047202855,3730.633029,0.106568382,24547
2013,PRT,20488,14630.19554,1.035214579,4116.38641,0.101000571,26939
2014,PRT,21443,15278.70264,0.98872867,4359.915612,0.098905363,28965
2015,PRT,22310,15643.07882,0.993708794,4625.154795,0.095111751,29735
2016,PRT,22769,15546.58399,1.006095733,4825.49712,0.096184352,30915
2017,PRT,23590,15876.22934,0.980326674,4896.563092,0.094411373,31651
2018,PRT,24845,16395.56683,0.965723441,5199.176045,0.092023264,33454
2019,PRT,27753,18682.16882,0.957856173,5676.682752,0.096384791,37604
2020,PRT,29926,19648.87206,0.924556186,6069.431668,0.091633967,42907
2021,PRT,33164,21973.47087,0.916879032,6635.585465,0.083299501,44376
2022,PRT,33303,21964.62551,0.930060138,6614.306296,0.083863753,46611
2023,PRT,33049,21759.89082,0.917471364,6605.686099,0.096188235,46110
2024,PRT,3025,1915.903172,1.020383778,659.492458,0.998775289,8077
1990,PRY,10,8.625,0.253800162,0.125,0,23
1991,PRY,11,6.773448773,0.351145281,1.773448773,0,30
1992,PRY,9,6.527777778,0.34647902,1.527777778,0,25
1993,PRY,10,6.666666667,0.521542212,1.166666667,0.025,21
1994,PRY,13,6.974183007,0.525912612,3.974183007,0,38
1995,PRY,15,10.62857143,0.121886668,2.128571429,0,42
1996,PRY,33,16.47040288,0.36019467,11.47040288,0.046548143,73
1997,PRY,30,14.42970085,0.390746511,9.229700855,0.024750538,54
1998,PRY,43,19.53266123,0.429518971,12.38980408,0,73
1999,PRY,30,17.36948052,0.31295221,5.369480519,0.021589592,60
2000,PRY,30,14.15027056,0.392229354,6.150270563,0.004416877,43
2001,PRY,37,19.64206349,0.303707631,8.642063492,0.005656794,61
2002,PRY,30,11.94792356,0.46728146,7.447923563,0.005231034,61
2003,PRY,39,17.90350564,0.923170831,8.403505645,0.130860245,64
2004,PRY,64,30.20377491,0.618132041,15.70377491,0.01431969,89
2005,PRY,67,30.23719137,0.687844641,17.73719137,0.08128327,121
2006,PRY,77,32.16970176,0.527088936,15.66970176,0.016703766,157
2007,PRY,85,32.49111989,0.829418118,18.99111989,0.067967289,139
2008,PRY,87,34.74496301,0.499941605,17.16162968,0.033399685,144
2009,PRY,96,37.71584252,0.717765429,22.38250918,0.076895762,157
2010,PRY,106,41.12280919,0.727982754,27.95614253,0.048443599,186
2011,PRY,124,56.19301435,0.600772191,29.85968102,0.069011198,209
2012,PRY,136,61.20644587,0.803512976,31.87311254,0.087213465,209
2013,PRY,147,63.35569807,0.524776401,31.85569807,0.051780046,247
2014,PRY,165,72.65701668,0.546331313,35.07368335,0.034262792,271
2015,PRY,223,99.72001426,0.639399939,45.97001426,0.047212834,351
2016,PRY,286,131.066493,0.877466792,67.56649299,0.069222171,473
2017,PRY,351,160.2451598,0.630652014,78.74515975,0.048632637,496
2018,PRY,305,127.6809796,0.641226801,73.18097957,0.035528535,566
2019,PRY,476,217.2415461,0.496338255,103.3248795,0.027095012,782
2020,PRY,524,227.4209473,0.554920716,102.137614,0.028945245,793
2021,PRY,587,249.5579033,0.377317425,117.22457,0.018912068,1053
2022,PRY,584,262.7562682,0.402231094,113.7896016,0.027935324,1178
2023,PRY,579,240.2116636,0.463975236,111.3783303,0.050706937,1136
2024,PRY,58,26.3336491,0.168995325,9.333649097,1,155
1990,PSE,16,13,0.441517535,2.5,0.038461538,21
1991,PSE,15,11.65833333,0.357764204,2.658333333,0,20
1992,PSE,24,15,0.760465316,8,0.155555556,34
1993,PSE,36,27.91666667,0.731290819,4.916666667,0.071641791,33
1994,PSE,45,37.56666667,0.409034394,3.566666667,0.026619343,57
1995,PSE,33,24.18333333,0.38261443,6.85,0,39
1996,PSE,56,32.48965756,0.727803324,10.88965756,0.085155304,73
1997,PSE,60,41.35162338,0.648722933,9.518290043,0.055217502,58
1998,PSE,71,43.46746032,0.400985715,12.96746032,0.020705143,67
1999,PSE,79,58.12622655,0.344363159,10.75122655,0.00466964,86
2000,PSE,84,56.28652859,0.648246465,15.28652859,0.042935081,104
2001,PSE,96,60.62117896,0.568260374,19.92117896,0.030242456,123
2002,PSE,135,91.68242868,0.754691295,28.01576202,0.085439854,166
2003,PSE,149,97.38197032,0.552242208,26.38197032,0.034669564,171
2004,PSE,173,113.6414487,0.46029766,32.30811541,0.022190685,204
2005,PSE,184,114.64313,0.526912705,32.14312997,0.035204595,208
2006,PSE,218,131.8563525,0.526879989,38.72301912,0.030452451,253
2007,PSE,275,175.5582196,0.481368053,58.22488622,0.025513134,340
2008,PSE,291,186.6379482,0.600984025,51.63794816,0.049475495,324
2009,PSE,339,235.1177892,0.541448896,52.6177892,0.035477338,394
2010,PSE,372,241.4341003,0.585398099,66.73410034,0.031892312,432
2011,PSE,416,265.9404043,0.487528308,71.02373763,0.019241392,483
2012,PSE,460,285.7182347,0.580100251,81.87537758,0.025109375,569
2013,PSE,533,306.8197376,0.628821989,102.7864043,0.039046351,636
2014,PSE,609,330.1871179,0.703107899,121.1037846,0.066892019,705
2015,PSE,533,290.0435535,0.700650847,110.2102202,0.04564173,676
2016,PSE,609,318.1403324,0.745858664,122.6903324,0.071544364,750
2017,PSE,821,431.1282634,0.89713381,140.9615967,0.067422866,1041
2018,PSE,913,503.5002733,0.812775739,190.1669399,0.073296184,1160
2019,PSE,1029,606.2476468,0.895542745,233.2809802,0.08931,1413
2020,PSE,1256,711.136619,0.925662451,247.9699523,0.088657241,1603
2021,PSE,1549,840.1181252,0.936605464,306.4514586,0.097749897,2097
2022,PSE,1816,958.2210622,0.911270045,366.7758241,0.089498136,2379
2023,PSE,2168,1129.638439,0.962062642,422.3051061,0.098199641,2697
2024,PSE,177,88.99323541,1.245949038,32.49323541,0.983144786,383
1990,PYF,14,10.00555556,0.580003628,2.005555556,0.019988895,32
1991,PYF,15,12.35787546,0.364739876,0.643589744,0,29
1992,PYF,44,39.09090909,0.443197524,1.590909091,0.027906977,92
1993,PYF,33,24.88870574,0.679600609,3.388705739,0.002232159,59
1994,PYF,28,18.69707602,1.039905592,6.197076023,0.042928187,51
1995,PYF,23,15.25622711,0.97449827,3.256227106,0.131094011,41
1996,PYF,40,22.77173521,1.004505523,9.938401876,0.106735632,62
1997,PYF,38,18.52692308,1.301694603,8.576923077,0.1703227,52
1998,PYF,40,19.7491453,0.928347,10.08247863,0.077218532,63
1999,PYF,34,18.40483405,1.126268898,10.32150072,0.095083715,53
2000,PYF,32,16.29092019,0.976972196,8.540920191,0.061383887,59
2001,PYF,25,10.74961335,0.777077827,5.74961335,0.141693296,43
2002,PYF,36,19.18738158,0.640753043,6.18738158,0.057908428,51
2003,PYF,31,14.14894689,0.894865499,7.948946886,0.041522525,65
2004,PYF,32,11.01364746,0.536193174,7.013647464,0,39
2005,PYF,32,13.33189075,0.535797633,8.331890747,0.02143089,48
2006,PYF,38,12.04285437,1.0719452,9.042854368,0.126861766,38
2007,PYF,45,21.71206653,0.576361585,12.21206653,0,77
2008,PYF,49,14.29269457,0.809986525,9.292694574,0.040813391,56
2009,PYF,59,18.92511748,0.866505358,9.925117477,0.03399336,76
2010,PYF,45,13.22286958,1.288890492,6.222869582,0.135358807,51
2011,PYF,58,20.90197516,0.847011972,9.901975161,0.066323358,64
2012,PYF,67,22.90707981,0.990577033,12.90707981,0.102223734,79
2013,PYF,48,17.11833568,0.48413998,10.11833568,0.012725079,63
2014,PYF,72,25.92638401,5.18874211,9.92638401,0.15186013,95
2015,PYF,90,29.16254096,3.746463857,13.91254096,0.15016198,103
2016,PYF,100,24.39905384,6.929637651,17.39905384,0.241666844,109
2017,PYF,85,24.64184905,1.108455818,18.14184905,0.096686725,114
2018,PYF,109,22.93785834,0.858113575,16.93785834,0.091611444,127
2019,PYF,123,29.39746734,0.656388477,18.28635623,0.056291052,151
2020,PYF,134,33.68027618,0.547947506,19.43027618,0.022984139,161
2021,PYF,121,23.29603682,0.763226151,17.71270349,0.054567939,171
2022,PYF,100,24.36773644,0.481176381,14.66773644,0.026623068,123
2023,PYF,112,21.58984966,0.895813017,18.58984966,0.067634266,161
2024,PYF,7,2.7682067,0,0.7682067,1,12
1990,QAT,47,34.95757576,0.321957235,6.957575758,0,64
1991,QAT,56,48.29166667,0.347218618,4.958333333,0.020707506,97
1992,QAT,60,51.7,0.353526144,7.7,0,95
1993,QAT,53,43.77619048,0.364369407,4.526190476,0,83
1994,QAT,76,61.66422466,0.596264645,5.664224664,0.047749639,108
1995,QAT,54,40.81428571,0.245028594,6.814285714,0.006125306,74
1996,QAT,73,47.5984127,0.314175552,10.23174603,0,85
1997,QAT,66,48.09285714,0.410265103,7.38452381,0.020793109,78
1998,QAT,79,55.36499236,0.58131573,13.19832569,0.057798256,120
1999,QAT,62,44.66515152,0.44436837,9.081818182,0.029851759,99
2000,QAT,65,51.47943723,0.187074024,7.896103896,0,105
2001,QAT,111,83.38809524,0.282126976,17.38809524,0.007994746,177
2002,QAT,129,95.42020202,0.270896558,18.67020202,0.013099951,212
2003,QAT,154,106.5536417,0.361894307,28.7203084,0.022853874,234
2004,QAT,196,137.2599635,0.63330599,35.1766302,0.073704425,233
2005,QAT,255,171.9583694,0.458586142,40.45836941,0.036736215,327
2006,QAT,296,190.5256494,0.53933375,56.52564935,0.058947194,379
2007,QAT,386,212.0756206,0.621929465,83.61728724,0.062208779,451
2008,QAT,528,285.8558835,0.560483466,115.2892168,0.049654117,637
2009,QAT,592,306.0871731,0.703642741,135.7038397,0.066679138,688
2010,QAT,716,358.8700247,0.927758393,182.1795485,0.1033906,810
2011,QAT,904,428.6658387,0.922743583,224.1063149,0.098529452,920
2012,QAT,1241,577.2037771,0.95022694,314.7148883,0.095031756,1147
2013,QAT,1756,751.2865944,1.285960323,472.9937372,0.141568227,1420
2014,QAT,2574,1075.535127,1.178023635,670.8851268,0.123175711,2125
2015,QAT,3053,1211.147328,1.386142412,805.0639947,0.143975641,2362
2016,QAT,3600,1455.841957,1.467730246,957.1752905,0.165382566,2759
2017,QAT,3575,1475.393849,1.412911878,977.8605162,0.156488846,2754
2018,QAT,3732,1568.987388,1.328897248,1005.630245,0.152497176,3157
2019,QAT,4159,1866.526521,1.417129593,1110.726521,0.151777749,3621
2020,QAT,5094,2424.333008,1.435551294,1314.499674,0.167153822,4407
2021,QAT,5759,2796.929373,1.428536676,1517.122963,0.154514625,5550
2022,QAT,5775,2699.134735,1.486161155,1541.751402,0.164024281,5570
2023,QAT,5853,2697.46839,1.451686978,1546.21839,0.138021389,5856
2024,QAT,644,279.468522,1.072140076,161.5518553,1,1102
1990,REU,9,7.19047619,0.098854275,1.19047619,0,17
1991,REU,8,4.532575758,0.218627364,2.532575758,0,14
1992,REU,12,7.916666667,0.225024059,1.916666667,0,17
1993,REU,18,15.07051282,0.575821683,0.570512821,0.08847299,33
1994,REU,16,12.16458333,0.412701744,2.164583333,0.002568933,37
1995,REU,20,13.81666667,0.436363111,4.816666667,0.036188179,29
1996,REU,51,37.40823123,0.593742291,5.880453455,0.074977132,54
1997,REU,36,23.90429027,0.427394339,6.690004554,0.015850437,55
1998,REU,64,43.75608974,0.591024875,12.43108974,0.057134904,91
1999,REU,52,34.23876679,0.743063431,10.23876679,0.080318313,73
2000,REU,57,39.5653677,0.542376055,8.198701035,0.050549259,93
2001,REU,52,33.03892496,0.588635048,9.562734488,0.065867472,71
2002,REU,72,44.33468558,0.431981143,12.00135224,0.007518568,93
2003,REU,75,36.23588299,0.576842837,16.08588299,0.059218464,89
2004,REU,99,52.20107469,0.756942274,18.95107469,0.076933614,121
2005,REU,129,64.74031003,0.48275139,24.74031003,0.029758737,172
2006,REU,117,62.79571885,1.003827481,25.29571885,0.12130753,188
2007,REU,137,56.44943717,0.96124079,29.94943717,0.139354878,197
2008,REU,161,69.88627244,0.796114808,34.88627244,0.060626685,235
2009,REU,156,64.00533108,0.757879357,35.00533108,0.0681672,250
2010,REU,184,86.95440405,0.757509,36.45440405,0.042602895,287
2011,REU,188,84.25040706,0.906615448,38.25040706,0.120824235,285
2012,REU,228,98.23305259,0.876309066,39.23305259,0.079649795,305
2013,REU,214,69.08422728,0.774889789,42.75089394,0.082151004,330
2014,REU,238,84.98317453,0.734616998,45.48317453,0.054150393,287
2015,REU,242,83.00587008,0.703853095,41.75587008,0.047750108,366
2016,REU,266,86.77940289,0.798351153,49.77940289,0.045927336,381
2017,REU,293,86.89515137,0.731401818,53.06181803,0.054758742,402
2018,REU,307,87.49055074,0.744297287,52.15721741,0.07224429,470
2019,REU,331,92.0741543,0.807786677,59.5741543,0.071509959,479
2020,REU,382,94.51724367,0.769649369,70.40133458,0.047467759,525
2021,REU,459,105.0684892,0.868233168,75.53515588,0.061745468,623
2022,REU,489,111.6847664,0.716529983,73.15143308,0.075296838,704
2023,REU,495,118.7255246,0.542324827,80.62552463,0.044025832,696
2024,REU,41,8.129254434,3.35042325,5.129254434,1,87
1990,ROM,84,71.16488095,0.174709489,7.227380952,0.022834297,196
1991,ROM,55,38.78452381,0.27811097,11.28452381,0.016114675,106
1992,ROM,74,58.26031746,0.159820375,11.76031746,0.002145543,131
1993,ROM,61,43.93181818,0.160503766,10.93181818,0.007587515,105
1994,ROM,90,61.75760808,0.254185481,16.75760808,0.010794891,169
1995,ROM,83,52.37867775,0.374022003,16.54534442,0.035218471,182
1996,ROM,113,75.34530812,0.172966922,18.34530812,0.013272227,204
1997,ROM,157,87.95806821,0.305136961,33.80806821,0.024856565,266
1998,ROM,174,112.4052729,0.261227699,32.28146338,0.002057288,301
1999,ROM,155,94.79393727,0.388573994,31.71060394,0.044746181,257
2000,ROM,197,127.7623851,0.282593235,36.84571839,0.017373462,332
2001,ROM,184,113.4317439,0.257732912,36.26507724,0.020203045,361
2002,ROM,142,79.21252357,0.229571312,31.21252357,0.028993651,224
2003,ROM,153,68.37737905,0.407745274,42.37737905,0.037780526,195
2004,ROM,107,48.54796203,0.303083426,26.2146287,0.022476903,161
2005,ROM,87,44.52583226,0.373704317,23.19249893,0.030022608,132
2006,ROM,74,33.13798701,0.246116001,18.30465368,0.017603161,116
2007,ROM,80,33.41810585,0.578508263,23.83477252,0.076305941,134
2008,ROM,132,59.31753612,0.473476755,41.31753612,0.040330124,218
2009,ROM,247,117.4335753,0.40300611,63.76690861,0.03953663,380
2010,ROM,250,107.9682337,0.403754093,70.62537655,0.024268602,350
2011,ROM,291,130.721025,0.459060331,73.92816782,0.035855913,454
2012,ROM,282,119.3533498,0.280630443,73.15334981,0.009983746,418
2013,ROM,284,147.8339518,0.315436319,64.00061848,0.019757778,395
2014,ROM,296,130.4730421,0.366459491,65.47304207,0.015406236,440
2015,ROM,462,203.4288431,0.326231893,104.7621764,0.024031489,708
2016,ROM,729,292.3488834,0.426989567,181.0155501,0.034450409,1102
2017,ROM,769,312.8286267,0.377808344,186.16196,0.027103456,1093
2018,ROM,520,209.7455298,0.402927518,127.8288631,0.023057485,794
2019,ROM,24,8.181203008,0.363228554,5.181203008,0.030557853,23
2020,ROM,1,0.285714286,0.469762105,0.285714286,0,2
2022,ROM,1,1,0,,0,1
2023,ROM,2,1.181818182,1.461013386,0.181818182,0,4
1990,ROU,815,768.8693307,0.192995804,38.61933067,0.011109387,1721
1991,ROU,804,729.9499195,0.278044475,51.94991952,0.02316369,1528
1992,ROU,941,841.9855461,0.355681815,65.71887945,0.018402269,1911
1993,ROU,1039,893.648124,0.383783641,85.67882577,0.027494292,2535
1994,ROU,1150,937.4249693,0.431452051,134.3011598,0.031234682,2018
1995,ROU,1455,1181.788842,0.33800552,132.4221752,0.017366689,2688
1996,ROU,2312,1817.761758,0.364229449,263.1617578,0.022291944,3546
1997,ROU,2631,2037.862686,0.354319362,338.5745912,0.023044303,4174
1998,ROU,2714,2105.854594,0.359285032,356.2284037,0.022222589,4270
1999,ROU,2772,2121.519436,0.351844898,376.9495947,0.022001465,4041
2000,ROU,2985,2255.569492,0.41371912,422.6861584,0.028477758,4306
2001,ROU,3093,2358.558053,0.4171044,425.3604337,0.030502234,4432
2002,ROU,3302,2454.219194,0.432969558,498.0049086,0.032809103,4628
2003,ROU,3794,2694.988698,0.444155132,631.0291741,0.033809147,5171
2004,ROU,4002,2837.382072,0.497668707,659.7567221,0.040896665,5663
2005,ROU,4906,3560.319084,0.553773249,750.8357503,0.050248713,6785
2006,ROU,5361,3936.99535,0.560926291,805.7978032,0.04821388,7403
2007,ROU,6836,5212.801763,0.611091597,961.0389128,0.05156309,9012
2008,ROU,9156,7300.80551,0.544346974,1160.999522,0.044567682,12125
2009,ROU,11349,9303.409299,0.555860597,1301.605257,0.049160087,14996
2010,ROU,13242,10900.24234,0.553282085,1470.500264,0.046860747,16836
2011,ROU,13439,10997.80169,0.525702072,1525.604784,0.043461671,17372
2012,ROU,14106,11269.59271,0.531909754,1602.07971,0.042736366,17562
2013,ROU,14855,11886.47141,0.56580306,1753.558842,0.047105108,18542
2014,ROU,14702,11739.37971,0.600348737,1760.035269,0.052094806,19773
2015,ROU,14821,11690.79477,0.55824121,1890.425286,0.045195136,19910
2016,ROU,14509,11134.06683,0.59736302,2048.156489,0.048078897,20773
2017,ROU,15526,12076.30639,0.6328845,2082.199247,0.050878404,21116
2018,ROU,15374,11781.58387,0.619803092,2053.095727,0.049779382,21549
2019,ROU,17488,13692.10793,0.62640151,2062.523288,0.055773719,24442
2020,ROU,17011,12714.74453,0.677919653,2169.656176,0.060787742,24311
2021,ROU,18325,13635.66256,0.714897852,2265.546455,0.062977979,25815
2022,ROU,18466,13296.4212,0.818265636,2419.552328,0.072806617,26530
2023,ROU,17565,12451.37421,0.8170531,2389.96512,0.081429221,26303
2024,ROU,1054,626.0593213,0.540775693,179.525988,1,2900
1990,RUS,15186,14222.04342,0.288289745,785.9089681,0.019995025,33063
1991,RUS,19282,18026.48452,0.285956037,1003.200139,0.019257078,39259
1992,RUS,16309,14817.53712,0.328261372,1142.696951,0.024478208,34014
1993,RUS,17273,15358.21507,0.366681438,1342.937207,0.026021052,33712
1994,RUS,18009,15588.51468,0.406409301,1617.907911,0.029888721,33780
1995,RUS,19599,16873.18733,0.434699988,1822.107534,0.034510729,35956
1996,RUS,33766,29493.85262,0.335761311,2961.972645,0.024443771,51096
1997,RUS,33598,28980.50405,0.36067434,3262.731314,0.026174733,50074
1998,RUS,34674,29788.24671,0.342125187,3502.297502,0.023742798,51022
1999,RUS,33391,28305.99551,0.353471738,3601.413674,0.024528039,50516
2000,RUS,34490,28852.27781,0.349558965,3882.437993,0.024102478,51112
2001,RUS,36610,31087.53607,0.340714572,3876.094261,0.02409552,53967
2002,RUS,37384,31166.20405,0.342973637,4174.70939,0.022891239,55454
2003,RUS,37470,29164.30262,0.362363341,4675.431841,0.02423084,52412
2004,RUS,37719,28989.32005,0.359859551,4724.435866,0.023670793,52301
2005,RUS,39495,30556.09538,0.361915462,5257.437809,0.024399045,55280
2006,RUS,35521,28556.2429,0.390918925,5006.676223,0.027806273,54954
2007,RUS,36397,29360.36005,0.367587373,5014.860441,0.024811788,56372
2008,RUS,37667,30812.15311,0.347839312,4764.713019,0.021673473,57928
2009,RUS,38776,31895.00384,0.349318551,4892.770816,0.022424675,59598
2010,RUS,39313,32716.8444,0.358747907,4634.275392,0.023330056,62148
2011,RUS,42538,35472.97162,0.38142239,4987.88191,0.024288549,67495
2012,RUS,43574,36158.71538,0.424598185,5165.292199,0.028322366,70130
2013,RUS,48300,40280.24266,0.488665775,5675.443487,0.034414875,77283
2014,RUS,57567,48925.38921,0.579735636,6298.7311,0.048405785,90559
2015,RUS,67400,57607.30134,0.560484115,7389.576973,0.046624058,104287
2016,RUS,81588,70843.92351,0.560963732,8252.456558,0.046590432,126154
2017,RUS,89756,77966.96378,0.587232262,9337.316035,0.050530507,137910
2018,RUS,103964,91103.20228,0.586617178,10303.27538,0.049547137,156478
2019,RUS,122980,108534.3598,0.54966713,11503.77686,0.046353627,186576
2020,RUS,128714,112632.6085,0.501106664,12478.01817,0.039595913,190449
2021,RUS,129528,112451.4793,0.482067522,12624.68105,0.039631055,195301
2022,RUS,110613,95731.72885,0.457655155,10938.04246,0.034902778,176315
2023,RUS,96179,84501.33907,0.468020525,9054.670478,0.039510206,162072
2024,RUS,4247,3177.134952,0.471484504,667.3084364,0.903956145,13285
1990,RWA,13,9.785714286,0.965305279,1.785714286,0.204379562,28
1991,RWA,16,11.65604396,3.227763903,4.656043956,0.177712831,36
1992,RWA,19,10.79194139,1.574210323,5.791941392,0.264442332,35
1993,RWA,24,16.1277799,1.818437503,8.1277799,0.149844968,60
1994,RWA,22,11.23275613,1.835352267,8.132756133,0.230052799,44
1995,RWA,18,8.473571429,0.508086293,3.973571429,0.066874596,36
1996,RWA,23,9.880942206,0.805648859,6.047608873,0.073279861,42
1997,RWA,20,9.04695071,0.391375111,6.04695071,0,33
1998,RWA,21,8.637887113,0.596764942,5.30455378,0.019294842,31
1999,RWA,10,3.266522367,0.389928365,2.266522367,0.038266997,15
2000,RWA,8,3.592857143,0.112641271,0.592857143,0,8
2001,RWA,9,4.231349206,0.276505054,1.231349206,0,8
2002,RWA,8,4.583333333,0.406775532,1.583333333,0,10
2003,RWA,15,6.013561483,1.191243885,4.013561483,0.286389725,24
2004,RWA,22,8.89775641,0.531361198,5.89775641,0.050790678,35
2005,RWA,25,11.13452381,0.433709319,4.63452381,0.022452689,36
2006,RWA,44,18.34884005,1.467649538,12.84884005,0.131490514,71
2007,RWA,56,20.88988756,1.021699188,13.88988756,0.130241404,78
2008,RWA,71,31.71995359,0.748370017,15.38662025,0.032528893,104
2009,RWA,84,32.1837608,0.79543742,20.40042747,0.079247902,135
2010,RWA,129,57.10876875,0.704039655,31.10876875,0.053267757,175
2011,RWA,143,53.98444356,0.937634049,38.57968166,0.058901448,250
2012,RWA,168,64.39449518,0.981243281,45.64449518,0.088990668,268
2013,RWA,221,92.01794925,0.749562944,48.01794925,0.073266528,355
2014,RWA,254,95.74021563,0.771843962,65.74021563,0.06234432,424
2015,RWA,284,103.3453204,0.692493642,70.84532037,0.041558518,395
2016,RWA,334,123.2837414,0.746877087,86.78374145,0.054879757,529
2017,RWA,362,118.599832,0.758541638,90.9887209,0.047347212,576
2018,RWA,438,161.4352874,0.743720318,125.2686207,0.047312297,707
2019,RWA,532,210.6939584,0.796944091,150.1939584,0.067576542,902
2020,RWA,728,276.9065481,0.704887182,215.5732147,0.051373212,1171
2021,RWA,930,346.5436924,0.84440039,249.3770258,0.061167387,1313
2022,RWA,999,397.2451004,0.820407745,280.7451004,0.075711818,1581
2023,RWA,991,414.1557279,0.751370989,284.4335057,0.077124065,1612
2024,RWA,76,25.37350769,0.85361203,19.37350769,1,160
1990,SAU,1245,1134.261079,0.512034859,77.15393627,0.041199467,1860
1991,SAU,1309,1194.818687,0.465352575,77.36868687,0.031438655,1927
1992,SAU,1300,1193.648449,0.444477318,77.22344877,0.021353765,1981
1993,SAU,1381,1245.560811,0.463718217,90.12747808,0.027493831,2113
1994,SAU,1511,1380.86352,0.456137557,92.49685333,0.026347124,2381
1995,SAU,1672,1509.254646,0.48000258,119.9018685,0.030012234,2562
1996,SAU,2022,1702.10349,0.467124945,196.474919,0.031255307,2747
1997,SAU,2082,1757.299183,0.458490892,200.7952149,0.029874758,2913
1998,SAU,2032,1707.660547,0.460528877,205.027412,0.023000669,2932
1999,SAU,1876,1579.121698,0.475433817,184.6336026,0.030094769,2651
2000,SAU,1987,1636.839846,0.490006845,194.6271472,0.033527487,2739
2001,SAU,1936,1628.414515,0.591592236,194.929667,0.043966267,2694
2002,SAU,2031,1699.605438,0.65323577,208.3451204,0.051621118,2818
2003,SAU,2328,1820.03737,0.53617213,297.384394,0.037419938,2978
2004,SAU,2318,1831.134917,0.517010536,288.5075365,0.036503573,2998
2005,SAU,2426,1862.07048,0.574850031,339.5046787,0.04315926,3240
2006,SAU,2627,2029.110546,0.555174536,357.8514549,0.038961608,3402
2007,SAU,2834,2147.414065,0.623623893,417.9917709,0.05202142,3628
2008,SAU,3314,2414.611623,0.617460659,517.5130267,0.048697716,4330
2009,SAU,4387,3140.055198,0.674402071,725.9758326,0.052617301,5348
2010,SAU,6289,4013.585886,0.714082952,1165.391348,0.060653247,6788
2011,SAU,9329,5469.194519,0.841537679,2019.512015,0.079952515,8983
2012,SAU,11913,6596.261141,0.896067895,2685.637693,0.08306778,10902
2013,SAU,14777,8183.08499,0.905450316,3503.083691,0.085326266,13645
2014,SAU,17395,9139.964251,0.94238745,4178.19969,0.092975431,15406
2015,SAU,19291,9610.9238,1.044669417,4737.121419,0.104951419,17215
2016,SAU,20537,10230.31209,1.114794498,5077.633876,0.113103087,18703
2017,SAU,21246,10775.42576,1.131702577,5279.930953,0.119935223,20895
2018,SAU,22915,11661.89944,1.147601053,5657.951458,0.122158999,23255
2019,SAU,27250,14100.5757,1.188087592,6678.126495,0.131979865,27245
2020,SAU,36509,18896.49293,1.17120827,9085.996268,0.134591566,33854
2021,SAU,46454,22755.51668,1.22782056,11894.40773,0.138945609,40271
2022,SAU,56348,26557.90713,1.29633918,14544.08471,0.143964375,45214
2023,SAU,60204,28039.06175,1.346916236,15138.40317,0.143562662,48780
2024,SAU,6545,2639.965164,1.229730142,1614.006831,0.998858106,9588
1990,SCG,571,545.3952381,0.103779574,15.8952381,0.006124872,1132
1991,SCG,212,189.7884921,0.151215405,14.1218254,0.001902703,441
1992,SCG,176,149.4031898,0.235682601,15.56985646,0.027381672,377
1993,SCG,20,12.53571429,0.30022792,3.535714286,0,30
1994,SCG,8,4.066666667,3.167683339,2.566666667,0.368852459,27
1995,SCG,4,0.870670996,2.378613787,0.870670996,0.082038533,5
1996,SCG,13,8.367647059,0.336854566,2.367647059,0.03983597,22
1997,SCG,8,3.048845599,0.747429128,2.048845599,0,12
1998,SCG,27,17.94285714,0.149870512,5.942857143,0,42
1999,SCG,2,1.727272727,0.135243298,0.727272727,0,9
2000,SCG,6,3.75,0.414596119,1.75,0,8
2001,SCG,3,1.583333333,0.489291026,,0,3
2002,SCG,5,3,1.137337791,2,0.333333333,6
2003,SCG,2,1.076923077,0.217216683,0.076923077,0.071428571,4
2004,SCG,16,10.65873016,0.551251628,3.325396825,0.093819806,43
2005,SCG,31,16.91190476,0.391964647,7.911904762,0.045403351,59
2006,SCG,30,15.86948052,0.480035883,6.869480519,0.021004678,56
2007,SCG,3,1.166666667,0.3674259,0.366666667,0,6
2008,SCG,2,0.45,0.437241572,0.45,0,2
2011,SCG,1,0.011363636,1.123275529,0.011363636,0,1
2012,SCG,1,0.03125,2.596466347,0.03125,1,1
2014,SCG,29,15.62864358,1.308942763,8.628643579,0.090645529,60
2015,SCG,15,10.61904762,0.26435269,3.619047619,0,32
2016,SCG,3,2.5,0.220878774,0.5,0,12
2017,SCG,4,1.833333333,0.214647803,1.033333333,0,8
2018,SCG,8,3.453571429,0.186837908,1.953571429,0,13
2019,SCG,5,0.869063758,0.532185231,0.869063758,0.006392575,8
2020,SCG,4,1.628571429,1.333201494,1.628571429,0.307017544,6
2021,SCG,6,2.740245776,0.364595683,0.740245776,0.063344358,10
2022,SCG,2,0.083478261,0,0.083478261,0,2
1990,SDN,123,103.2898268,0.341616766,15.59935065,0.029044487,244
1991,SDN,114,89.82493895,0.434218679,20.32493895,0.0217354,207
1992,SDN,119,81.65430403,0.499119273,24.65430403,0.04891411,207
1993,SDN,85,60.74065657,0.577274962,16.24065657,0.017773029,152
1994,SDN,101,74.31547619,0.40991918,17.81547619,0.027072487,204
1995,SDN,79,57.77020202,0.605352805,17.77020202,0.034619924,148
1996,SDN,102,70.59404762,0.308631156,20.82738095,0.014952472,186
1997,SDN,113,71.75791153,0.380697018,29.9745782,0.001266886,194
1998,SDN,146,86.04751539,0.46921759,35.75584873,0.02098785,243
1999,SDN,105,60.89258125,0.529862032,28.39258125,0.016024453,175
2000,SDN,107,69.03902523,0.416061831,25.53902523,0.022937265,186
2001,SDN,98,65.81270951,0.499275862,18.06270951,0.022665328,178
2002,SDN,111,73.66730214,0.376264971,28.66730214,0.016968179,205
2003,SDN,138,83.91993072,0.352351659,35.91993072,0.008369656,239
2004,SDN,165,102.641804,0.489064039,36.72513736,0.02083838,269
2005,SDN,183,109.0923132,0.507840298,40.42564658,0.01082162,318
2006,SDN,198,114.8391164,0.47930772,55.83911644,0.009868879,339
2007,SDN,272,157.0812927,0.501837193,66.08129275,0.014823091,505
2008,SDN,297,190.2615865,0.450801928,67.59491983,0.020010215,488
2009,SDN,412,257.0420028,0.519790555,73.54200284,0.018950418,648
2010,SDN,502,308.2065385,0.480987719,103.6553481,0.025090972,772
2011,SDN,557,351.2325884,0.494109539,104.2603661,0.025397621,930
2012,SDN,555,331.6991341,0.466631921,104.1269119,0.02106795,873
2013,SDN,700,405.3951793,0.536353372,163.5356555,0.035642707,1133
2014,SDN,637,290.3529791,0.490322048,153.5696458,0.02121825,927
2015,SDN,637,292.7271794,0.542807425,169.8938461,0.022936725,950
2016,SDN,824,413.4783895,0.526511676,171.0339451,0.0409355,1311
2017,SDN,803,371.8527199,0.657226315,188.1027199,0.06029655,1250
2018,SDN,946,433.2292307,0.743435209,215.8958973,0.075399136,1442
2019,SDN,1055,439.4975533,0.64978203,264.8308866,0.05173755,1632
2020,SDN,1215,464.662625,0.625275664,301.2792917,0.056939347,1780
2021,SDN,1615,601.199143,0.739806398,364.399143,0.077069132,2279
2022,SDN,1754,592.2504833,0.736938265,386.2088167,0.068251782,2378
2023,SDN,1619,524.3270211,0.774575974,342.6004338,0.074081811,2258
2024,SDN,146,47.72053721,0.794092034,30.72053721,0.986029774,271
1990,SEN,85,74.25227273,0.318763726,6.585606061,0.040402804,236
1991,SEN,102,79.5953824,0.524051373,12.5953824,0.039496298,255
1992,SEN,93,69.77715597,0.4733012,17.77715597,0.046155338,218
1993,SEN,135,96.66184926,0.258632631,20.66184926,0.018473827,317
1994,SEN,133,102.3554281,0.47411325,16.35542806,0.01897913,323
1995,SEN,128,86.73822566,0.414909966,17.73822566,0.032258579,333
1996,SEN,206,127.1805629,0.395802623,40.4305629,0.033979421,372
1997,SEN,187,118.2544025,0.499031494,33.25559302,0.038623632,409
1998,SEN,216,138.1770438,0.370942594,47.45839302,0.020670784,469
1999,SEN,241,156.9589002,0.305978465,49.20890019,0.014337165,544
2000,SEN,196,121.2284896,0.376097311,40.33960067,0.013092463,469
2001,SEN,179,124.9173155,0.311692493,29.75064888,0.012874939,475
2002,SEN,190,125.1533768,0.322926394,32.65337678,0.021276516,475
2003,SEN,286,169.5987322,0.386884976,53.54873215,0.030454705,606
2004,SEN,245,138.4318428,0.379087217,45.43184281,0.012899592,515
2005,SEN,298,171.0668755,0.51468265,63.23354217,0.036503991,601
2006,SEN,260,142.525551,0.455775852,50.52555103,0.038000552,616
2007,SEN,323,182.7491103,0.393227599,58.20657783,0.023999368,674
2008,SEN,335,184.4824313,0.39056499,61.91842031,0.024698743,703
2009,SEN,379,165.5596721,0.479874935,78.53943396,0.034152552,688
2010,SEN,398,182.1199695,0.537496042,87.09007815,0.042675071,797
2011,SEN,541,251.2632542,0.497414123,109.9858372,0.045261033,952
2012,SEN,620,279.2656105,0.505757434,143.4572772,0.030166192,1058
2013,SEN,615,287.2018467,0.553631603,136.8907356,0.03709862,1149
2014,SEN,633,304.9644751,0.592808394,136.8478084,0.037593497,1279
2015,SEN,745,348.7399041,0.521371463,159.9065708,0.037533989,1414
2016,SEN,758,354.5516367,0.486842148,158.8754463,0.037343103,1514
2017,SEN,831,364.8358135,0.51948923,167.1810516,0.039034934,1581
2018,SEN,859,374.0875896,0.569066967,189.8949489,0.049242786,1593
2019,SEN,894,410.6147826,0.574643521,194.3290683,0.048560373,1671
2020,SEN,1044,479.4548254,0.606189753,195.976464,0.057372813,1799
2021,SEN,1032,454.3369061,0.525791391,206.7797633,0.04511438,1887
2022,SEN,1111,500.7228383,0.625609105,239.3978383,0.059670207,2053
2023,SEN,1103,451.2157934,0.564833842,228.0907934,0.056296958,1907
2024,SEN,107,47.14392254,0.069702345,21.14392254,1,310
1990,SGP,1378,1263.421814,0.698900606,91.23848039,0.064670838,1726
1991,SGP,1471,1345.193775,0.76481995,93.61044182,0.078106447,1871
1992,SGP,1791,1589.28918,0.686781596,154.7891796,0.063167364,2219
1993,SGP,2274,2022.093815,0.729526859,199.4604812,0.067156785,2714
1994,SGP,2423,2130.546739,0.852298133,223.0300726,0.071447744,2932
1995,SGP,2894,2587.844404,0.777510413,252.9912298,0.072511812,3652
1996,SGP,3113,2559.639069,0.873632901,385.4163775,0.089633272,3630
1997,SGP,3974,3307.41569,0.827110242,489.1090526,0.084208454,4610
1998,SGP,4098,3345.663689,0.955735385,521.4852982,0.094555539,4848
1999,SGP,4982,4152.881811,0.908896075,599.3703638,0.090720733,5807
2000,SGP,6036,5030.020255,0.95690208,777.9166833,0.096203311,6892
2001,SGP,6144,5100.007791,1.071760091,833.836561,0.117304942,7212
2002,SGP,6894,5653.972133,1.09609604,1032.200073,0.118165355,7979
2003,SGP,8035,6391.145709,1.20243152,1412.076625,0.125152727,8902
2004,SGP,9678,7730.2499,1.189989094,1743.56523,0.127075144,10628
2005,SGP,10481,8153.867727,1.301042072,1976.470108,0.138658065,11118
2006,SGP,11346,8513.060292,1.248604295,2268.701587,0.134458822,11971
2007,SGP,11284,8277.534307,1.31249422,2333.225484,0.145081531,12220
2008,SGP,12215,8816.842384,1.338311128,2506.519368,0.145229538,13442
2009,SGP,13074,9258.348771,1.44312815,2739.983836,0.154283453,14608
2010,SGP,14504,10123.73642,1.471023507,3080.218564,0.159886754,15739
2011,SGP,15238,10387.79628,1.511163295,3397.801991,0.167989114,16803
2012,SGP,16548,11011.56082,1.630014556,3859.040214,0.175080281,18249
2013,SGP,17437,11230.56964,1.633428345,4223.3241,0.18181481,19368
2014,SGP,18133,11416.85211,1.601914067,4524.352115,0.176976432,20938
2015,SGP,18927,11542.44187,1.563451867,4809.810152,0.175304202,21598
2016,SGP,19972,12047.5526,1.609423639,5150.727822,0.177980075,22795
2017,SGP,20895,12283.58,1.516375199,5425.591126,0.172466911,23861
2018,SGP,21077,11942.29017,1.586650352,5604.045279,0.17277433,24324
2019,SGP,21792,11774.96291,1.672147018,5760.745573,0.183716796,25083
2020,SGP,23484,12303.07576,1.672736645,6209.23805,0.188134071,26949
2021,SGP,24615,12636.1064,1.57345691,6347.036438,0.178658433,28829
2022,SGP,25732,12736.12212,1.560800843,6489.111747,0.175559557,29862
2023,SGP,25737,11971.62718,1.462266327,6522.050136,0.153830815,29345
2024,SGP,2770,1191.916501,1.400810698,712.5776121,0.995853438,5548
1996,SGS,1,1,0,,0,1
1999,SGS,1,0.111111111,0.437494061,0.111111111,0,1
2008,SGS,1,1,0,,0,1
2009,SGS,1,0.75,0.19113933,0.75,0,3
2010,SGS,1,0.076923077,0.533773912,0.076923077,0,1
2013,SGS,1,0.142857143,0.348424749,0.142857143,0,1
2014,SGS,1,1,0,,0,1
2017,SGS,2,1.333333333,0.512387394,0.333333333,0,7
2018,SGS,2,2,0,,0,3
2019,SGS,1,1,0.580646089,,0,4
2020,SGS,1,0.666666667,0.092971096,0.666666667,0,4
2021,SGS,2,0.293650794,0.981641854,0.293650794,0,3
1997,SHN,1,0.5,1.730405149,0.5,0,1
1999,SHN,1,1,,,0,1
2000,SHN,1,0.111111111,0.083649756,0.111111111,0,1
2005,SHN,1,0.111111111,0.529416266,0.111111111,0,1
2006,SHN,1,0.125,3.210644892,0.125,1,1
2008,SHN,2,0.30952381,2.824554539,0.30952381,0.538461538,2
2009,SHN,3,0.617604618,0.986584427,0.617604618,0,6
2010,SHN,2,0.61038961,1.256703683,0.61038961,0,5
2011,SHN,1,0.055555556,0.369170776,0.055555556,0,1
2012,SHN,1,0.076923077,2.006815071,0.076923077,0,1
2013,SHN,2,0.392857143,0.803200249,0.392857143,0,3
2014,SHN,8,1.923665224,1.648766523,1.923665224,0.246793189,10
2015,SHN,3,1.343101343,1.786210132,1.343101343,0.515454545,12
2016,SHN,4,0.9,1.344855448,0.9,0,4
2017,SHN,15,5.627003552,0.33107307,4.627003552,0,26
2018,SHN,3,0.996385542,1.456983706,0.996385542,0.096735187,12
2019,SHN,9,2.797109852,0.930055449,1.797109852,0.073010865,13
2020,SHN,7,1.159471129,0.580025548,1.159471129,0,14
2021,SHN,13,3.790344052,1.255400914,3.790344052,0.219268505,21
2022,SHN,7,1.077046036,0.530747517,1.077046036,0.021795361,12
2023,SHN,14,2.752300411,0.34955563,2.752300411,0.024914224,26
2024,SHN,1,0.125,0,0.125,1,1
1994,SJM,5,1.75,3.907060166,1.25,0.714285714,1
1995,SJM,5,2.00952381,0.92086,0.676190476,0.099526066,3
1996,SJM,16,4.908333333,1.432815524,3.908333333,0.118845501,8
1997,SJM,13,3.261904762,1.275977823,3.261904762,0.153284672,9
1998,SJM,23,6.377777778,1.910876096,4.877777778,0.286585366,9
1999,SJM,34,8.957886317,1.504382372,7.29121965,0.212669864,18
2000,SJM,19,4.408600427,1.65420257,3.408600427,0.143928628,12
2001,SJM,31,9.347434949,1.570727159,6.347434949,0.183353925,21
2002,SJM,28,10.61262626,1.254822677,5.779292929,0.178460953,22
2003,SJM,30,9.310829493,0.830926617,7.310829493,0.048215332,27
2004,SJM,49,16.96908369,0.963208775,11.46908369,0.10467215,28
2005,SJM,68,23.43368021,1.621338769,15.10034688,0.234044493,47
2006,SJM,41,12.66971419,1.524790923,7.669714194,0.203331297,30
2007,SJM,63,21.45755078,1.765515799,15.45755078,0.301293395,48
2008,SJM,50,15.65330988,1.377495847,14.15330988,0.078800816,44
2009,SJM,83,27.01836268,1.096447255,22.68502935,0.131824335,68
2010,SJM,78,21.62046953,1.57330172,19.2871362,0.133975996,56
2011,SJM,78,24.37287774,1.075440915,22.03954441,0.082627926,63
2012,SJM,104,27.53323901,1.25862587,26.53323901,0.125081804,80
2013,SJM,102,28.92835259,1.323682195,24.26168592,0.166638191,69
2014,SJM,115,30.65463561,1.544024835,26.15463561,0.157722736,87
2015,SJM,140,33.42213326,1.584064189,31.92213326,0.174810755,118
2016,SJM,162,36.9039273,1.369267427,34.4039273,0.149800052,109
2017,SJM,159,36.82861798,1.324420766,32.49528464,0.121568971,129
2018,SJM,172,40.59039083,1.231116719,35.09039083,0.123171431,117
2019,SJM,162,38.18210438,1.111966919,33.18210438,0.060796893,116
2020,SJM,135,28.30843885,1.104266546,27.30843885,0.089305177,97
2021,SJM,187,38.48351116,1.069937379,35.98351116,0.068468788,122
2022,SJM,144,30.11017137,1.005028782,26.61017137,0.086852661,91
2023,SJM,142,28.9281849,0.929614418,26.9281849,0.08910025,103
2024,SJM,15,2.378742091,0,2.378742091,1,20
1990,SLB,7,3.058333333,0.6328154,1.058333333,0.065395095,9
1991,SLB,9,4.691666667,3.670654865,1.691666667,0.282415631,14
1992,SLB,10,8.2,0.483480231,0.7,0,12
1993,SLB,7,4.833333333,0.475471293,1.833333333,0,16
1994,SLB,9,6.772727273,0.504384439,0.772727273,0.049217002,18
1995,SLB,3,1.666666667,1.515504623,0.666666667,0.3,3
1996,SLB,12,4.271428571,1.088590292,2.771428571,0.039018952,10
1997,SLB,16,8.963506028,0.597950086,2.963506028,0.055781744,20
1998,SLB,11,7.383333333,0.656386355,1.383333333,0,14
1999,SLB,19,9.645238095,0.670801897,5.811904762,0.051839052,29
2000,SLB,17,7.030194805,0.475694398,3.530194805,0,18
2001,SLB,9,3.031481481,0.49534772,3.031481481,0.012217471,18
2002,SLB,5,1.975,0.732250767,1.641666667,0,10
2003,SLB,14,6.176923077,0.482994258,4.176923077,0,22
2004,SLB,9,2.613131313,1.033248429,2.613131313,0.085040588,10
2005,SLB,10,3.111631846,1.02502033,2.611631846,0.053562463,16
2006,SLB,13,6.340909091,0.455396175,3.340909091,0.014336918,18
2007,SLB,13,4.117063492,0.301770549,2.867063492,0,14
2008,SLB,11,3.070634921,0.951053432,3.070634921,0.072370121,14
2009,SLB,9,3.513492063,1.210131787,2.513492063,0.094872374,14
2010,SLB,25,9.33049728,0.59998502,7.33049728,0.036537076,48
2011,SLB,22,6.325680159,1.498753342,6.325680159,0.289472123,45
2012,SLB,15,5.420722756,0.853244751,4.420722756,0.046119311,31
2013,SLB,16,3.943373293,0.744716075,3.443373293,0,22
2014,SLB,25,6.314425666,1.02099401,5.314425666,0.047692291,39
2015,SLB,43,11.94963144,0.802859996,10.94963144,0.06951577,94
2016,SLB,47,12.89019203,0.926003856,10.89019203,0.042496197,71
2017,SLB,37,8.432537496,0.680468692,7.932537496,0.034862666,62
2018,SLB,53,13.64820768,0.912737811,12.64820768,0.097031712,90
2019,SLB,50,11.79775022,0.963867171,11.79775022,0.086314396,71
2020,SLB,59,13.12932869,0.819147554,12.12932869,0.074824248,96
2021,SLB,60,13.51078962,0.691064917,12.51078962,0.033070745,82
2022,SLB,41,11.77006013,0.77627225,10.77006013,0.035887762,80
2023,SLB,58,18.56875929,0.498783043,15.23542596,0.05932716,127
2024,SLB,3,2.238095238,0,0.238095238,1,15
1990,SLE,15,12.11904762,0.66722142,1.619047619,0.027504912,26
1991,SLE,18,9.219047619,0.920098478,4.219047619,0.151084711,19
1992,SLE,24,17.06785714,0.177666144,3.567857143,0.009764944,39
1993,SLE,10,8.233333333,0.208266735,0.733333333,0,15
1994,SLE,19,13.28253968,0.359700989,2.282539683,0,25
1995,SLE,15,11,0.252199477,3,0,25
1996,SLE,22,11.93939394,0.462713489,5.772727273,0.041878173,31
1997,SLE,29,19.51507937,0.540523464,3.848412698,0,45
1998,SLE,16,11.95757576,0.424138084,1.957575758,0.007602636,22
1999,SLE,11,6.983333333,0.25243403,1.983333333,0.047732697,12
2000,SLE,13,7.457575758,0.268836996,2.457575758,0.044697278,15
2001,SLE,14,8.241666667,0.370489159,2.241666667,0,20
2002,SLE,16,10.20238095,0.296878256,1.702380952,0.024504084,14
2003,SLE,8,5.791666667,0.119227594,0.791666667,0,9
2004,SLE,12,8.983333333,0.302074762,1.483333333,0.111317254,9
2005,SLE,17,10.31590909,0.840640415,1.649242424,0.109054858,18
2006,SLE,18,10.06313131,0.23509408,3.563131313,0.033124216,25
2007,SLE,22,12.81732396,0.212988788,3.317323959,0.012682995,20
2008,SLE,23,13.70753968,0.380442677,5.707539683,0.009119069,33
2009,SLE,29,15.30328283,0.78845928,10.30328283,0.017821488,44
2010,SLE,34,12.8174062,0.729784886,8.817406205,0.089987715,48
2011,SLE,38,13.54504662,0.62378277,9.54504662,0,57
2012,SLE,43,13.80953213,1.236976385,11.55953213,0.081673048,54
2013,SLE,41,15.14148803,1.236922333,12.14148803,0.141147256,66
2014,SLE,63,22.46094396,2.851939978,14.92761062,0.192988603,130
2015,SLE,99,30.2262468,1.45985769,24.2262468,0.119109281,190
2016,SLE,132,42.37360389,1.424296955,31.87360389,0.168427587,298
2017,SLE,134,38.00391707,1.249846787,31.3372504,0.131411415,294
2018,SLE,136,37.34885048,1.3315751,33.51551715,0.124162853,261
2019,SLE,156,48.75027648,0.931383601,35.75027648,0.100369567,226
2020,SLE,199,61.51610849,0.958949414,50.51610849,0.096907787,335
2021,SLE,262,74.5886194,0.778693429,65.5886194,0.06997944,442
2022,SLE,280,83.22716747,0.935198773,67.22716747,0.067544378,453
2023,SLE,261,79.18551952,0.859175315,67.68551952,0.107115929,452
2024,SLE,17,5.233489951,0,4.233489951,1,49
1990,SLV,9,7.621212121,0.461720532,1.621212121,0.131212724,16
1991,SLV,17,12.57380952,0.138740197,1.573809524,0,38
1992,SLV,6,3.9,0.205906369,0.9,0,11
1993,SLV,11,7.733333333,0.286525418,1.233333333,0,19
1994,SLV,7,4.510185185,0.840869902,0.510185185,0.027715048,17
1995,SLV,8,4.214076246,0.435167842,1.214076246,0,16
1996,SLV,22,11.01878471,0.268822809,6.074340262,0,40
1997,SLV,23,13.44397452,0.647557061,3.44397452,0.038017858,42
1998,SLV,7,3.781453634,0.62837476,0.781453634,0,9
1999,SLV,13,5.883333333,0.507595552,3.683333333,0,15
2000,SLV,15,6.641352438,0.519413181,3.641352438,8.86E-04,27
2001,SLV,21,14.49088828,0.31708665,2.490888278,0.046005921,36
2002,SLV,30,16.32061158,0.862681663,6.820611578,0.085025923,72
2003,SLV,23,11.86816239,0.358272466,5.868162393,0.016851809,44
2004,SLV,50,20.28143172,0.50570074,15.28143172,0.021913859,70
2005,SLV,39,19.91172161,0.543235315,9.911721612,0.025110837,53
2006,SLV,44,22.25760396,0.934911377,12.75760396,0.082320544,83
2007,SLV,40,16.67169947,0.405881974,9.005032803,0.033323271,76
2008,SLV,43,19.85550746,0.353315917,8.105507456,0.018027973,61
2009,SLV,67,32.28371287,0.403659626,15.6170462,0.019958038,141
2010,SLV,70,28.05790424,0.600675832,14.48647567,0.044667051,115
2011,SLV,82,34.94080473,0.729735913,18.44080473,0.048270646,152
2012,SLV,79,30.93098367,0.601103557,13.93098367,0.040781721,114
2013,SLV,66,27.05122562,0.48086456,14.05122562,0.042287895,98
2014,SLV,90,37.6511581,0.965369622,20.6511581,0.122178998,177
2015,SLV,134,55.78426749,0.542734497,21.28426749,0.040314983,199
2016,SLV,133,63.96750679,0.54662408,24.71750679,0.051241158,198
2017,SLV,109,54.60990151,0.420651721,16.44323484,0.008362127,176
2018,SLV,126,59.43702588,0.332182008,20.93702588,0.010221277,214
2019,SLV,98,33.89950354,0.483034375,17.06617021,0.023021003,143
2020,SLV,103,31.71026924,0.961634054,20.71026924,0.100867937,150
2021,SLV,168,58.50847289,0.479574356,34.50847289,0.027155023,236
2022,SLV,220,85.00980803,0.348604836,36.50980803,0.026912136,324
2023,SLV,211,77.5568978,0.364349259,30.1568978,0.027644338,307
2024,SLV,17,2.474092956,1.254121237,2.474092956,1,28
1990,SMR,3,2.571428571,0.267894007,0.571428571,0,5
1991,SMR,1,1,0,,0,1
1992,SMR,1,0.75,0.794854113,0.75,0,6
1995,SMR,2,1.153846154,1.026002432,0.153846154,0.133333333,6
1996,SMR,5,3.2,0.048277477,0.7,0,10
1997,SMR,2,0.4375,0.399342322,0.4375,0,5
1998,SMR,7,2.857491582,7.461114043,1.857491582,0.131233982,14
1999,SMR,1,0.071428571,6.746543336,0.071428571,1,1
2000,SMR,3,2,0.446228174,1,0,8
2001,SMR,3,1.583333333,0.096780659,0.583333333,0,5
2002,SMR,1,0.2,0.793950038,0.2,0,1
2003,SMR,1,0.25,0.198265238,0.25,0,1
2004,SMR,10,7.95,0.141173775,0.45,0,4
2005,SMR,12,9.116666667,0.157765121,0.616666667,0.009140768,6
2006,SMR,12,9.25,0.183338356,0.916666667,0.045045045,7
2007,SMR,12,10.16666667,0.115106457,1.5,0,14
2008,SMR,13,4.728311966,0.769907019,2.728311966,0.137469779,19
2009,SMR,5,1.402380952,1.694285788,1.402380952,0.382003396,8
2010,SMR,6,1.376658572,1.737100273,1.376658572,0.121066087,15
2011,SMR,13,4.312770563,1.692300196,3.312770563,0.347804266,14
2012,SMR,20,8.2754329,1.441767822,5.2754329,0.188811875,15
2013,SMR,30,10.81398226,0.970282742,7.81398226,0.125865854,21
2014,SMR,20,6.222610615,1.417088,6.222610615,0.083384283,16
2015,SMR,33,11.19164921,1.572744888,7.191649206,0.202531962,46
2016,SMR,30,10.20116509,1.574035635,6.201165086,0.200877149,29
2017,SMR,45,18.55745899,1.238352534,9.557458988,0.213385949,36
2018,SMR,44,14.62864187,1.20712362,6.628641874,0.102586051,34
2019,SMR,46,16.38061163,1.048055331,9.380611632,0.070598774,47
2020,SMR,56,21.42966833,0.86178603,6.929668333,0.064027625,49
2021,SMR,70,27.07806686,0.774601111,10.07806686,0.059734095,66
2022,SMR,66,25.60914973,1.316797848,14.10914973,0.062171923,61
2023,SMR,48,20.10982234,1.224162832,8.109822336,0.091330463,43
2024,SMR,4,1.505044391,0.200722403,0.505044391,1,8
1990,SOM,15,7.033333333,0.324410404,3.033333333,0,24
1991,SOM,15,7.478937729,0.98416328,5.478937729,0.122566426,32
1992,SOM,10,3.339423077,1.091581883,3.339423077,0.059890585,16
1993,SOM,8,2.324175824,1.20315108,2.324175824,0.215130024,14
1994,SOM,8,3.566666667,0.553642986,2.566666667,0,21
1995,SOM,2,0.621212121,0.80484103,0.621212121,0,6
1996,SOM,3,1.416666667,1.128621934,0.416666667,0,3
1997,SOM,5,1.608333333,0.332840885,1.108333333,0,8
1998,SOM,3,1.566666667,0.088521896,0.566666667,0,4
1999,SOM,3,0.858333333,0.258125577,0.525,0,4
2000,SOM,1,0.333333333,1.11825715,0.333333333,0,2
2002,SOM,2,1.5,1.239344641,0.5,0,6
2003,SOM,3,1.583333333,0.547710132,0.583333333,0,3
2004,SOM,2,1.125,0.774015066,0.125,0,3
2006,SOM,5,1.556334842,0.735265007,1.056334842,0,11
2008,SOM,3,0.66025641,0.548454698,0.16025641,0,3
2009,SOM,3,1.777777778,0.969013055,0.777777778,0,8
2010,SOM,6,1.243686869,0.613837152,1.243686869,0,8
2011,SOM,6,2.755555556,0.859141276,1.755555556,0.181451613,9
2012,SOM,4,0.906959707,1.2002523,0.906959707,0,9
2013,SOM,8,3.697712418,0.547998759,2.531045752,0.015908087,12
2014,SOM,19,6.915079365,0.645840458,3.415079365,0.016067944,19
2015,SOM,18,5.606136952,1.848994407,4.606136952,0.205529062,33
2016,SOM,15,4.197518444,0.84007922,4.197518444,0.053579132,18
2017,SOM,34,11.64085809,0.602199378,11.14085809,0.029827889,63
2018,SOM,24,9.37456427,0.427628178,6.87456427,0.009284382,41
2019,SOM,55,18.59863005,0.83979719,14.59863005,0.082123304,77
2020,SOM,85,39.14093262,0.523159959,23.80759929,0.047054957,127
2021,SOM,121,56.19800457,0.699811868,26.69800457,0.048988825,219
2022,SOM,250,161.4510629,0.50248913,42.95106289,0.0302449,425
2023,SOM,296,170.443205,0.69152723,72.85229595,0.078583937,487
2024,SOM,19,11.34578477,0,4.345784771,0.91186154,51
2002,SPM,1,1,0,,0,2
2011,SPM,1,0.055555556,0.369170776,0.055555556,0,1
2012,SPM,1,0.5,0,0.5,0,2
2020,SPM,1,0.011111111,1.100576311,0.011111111,0,1
2021,SPM,1,7.40E-04,18.54501972,7.40E-04,1,1
1990,SRB,991,854.2358947,0.359079809,101.2358947,0.030000821,1812
1991,SRB,880,722.1597537,0.415310575,106.3764203,0.02530109,1677
1992,SRB,940,775.928304,0.370468021,121.2211612,0.016854364,1750
1993,SRB,798,669.1310901,0.348543227,92.41680442,0.02010827,1629
1994,SRB,827,715.859571,0.382321535,85.42623765,0.025447263,1639
1995,SRB,965,859.8145417,0.36846595,80.64787503,0.019166386,1982
1996,SRB,1493,1280.208884,0.37819027,156.0619059,0.022015566,2762
1997,SRB,1752,1513.533946,0.325760862,181.3053749,0.015958759,3295
1998,SRB,1605,1367.893079,0.335459361,187.7645072,0.013097534,2904
1999,SRB,1452,1228.101297,0.411206148,194.9132022,0.026783166,2805
2000,SRB,1488,1256.091464,0.344371232,180.6081307,0.019097597,2789
2001,SRB,1398,1153.127081,0.364074509,175.3445051,0.016634202,2766
2002,SRB,1617,1327.234881,0.373890109,217.2547219,0.025011525,3106
2003,SRB,1745,1392.333963,0.430387515,283.8045978,0.024577428,3298
2004,SRB,2005,1616.031832,0.515818932,316.4560746,0.033087958,3553
2005,SRB,2614,2095.336674,0.481658454,407.5866744,0.029491167,4631
2006,SRB,2776,2245.069658,0.578821686,430.1291757,0.036657602,4894
2007,SRB,3464,2752.968918,0.600841579,572.6762588,0.041569303,5765
2008,SRB,4015,3201.608555,0.596860684,613.404984,0.043092408,6649
2009,SRB,4764,3887.968218,0.647419663,711.8299407,0.052507131,7911
2010,SRB,5401,4308.511456,0.632922822,788.0332811,0.045936878,9026
2011,SRB,6416,5130.668222,0.604472149,910.8431503,0.042551273,10554
2012,SRB,7897,6280.850454,0.542686138,1155.009581,0.036596515,12323
2013,SRB,7289,5810.068853,0.561988398,1135.366076,0.037376816,12160
2014,SRB,7226,5583.595769,0.631678228,1163.955587,0.044082507,11960
2015,SRB,7034,5309.1821,0.612568052,1223.014517,0.04123467,11835
2016,SRB,7437,5589.460913,0.60522713,1291.81601,0.043415418,12813
2017,SRB,7660,5621.490042,0.595513754,1437.49199,0.042684323,12836
2018,SRB,7855,5610.136989,0.619711888,1499.78937,0.044443885,13183
2019,SRB,8654,6059.443066,0.621853628,1624.615288,0.046591789,13716
2020,SRB,8346,5711.993849,0.644313092,1627.66841,0.053311536,13521
2021,SRB,9419,6327.411621,0.694305338,1887.359024,0.057688166,14787
2022,SRB,9808,6607.706657,0.694505193,1960.62235,0.055242033,15485
2023,SRB,9637,6445.125338,0.716669082,1890.819891,0.072232842,16913
2024,SRB,716,430.4543964,0.814044923,160.7877297,1,2127
1990,SSD,5,3.083333333,0.242605551,1.083333333,0,8
1991,SSD,5,3.833333333,0.043619352,0.833333333,0,6
1992,SSD,2,0.5,0.76934061,0.5,0,2
1993,SSD,8,3.462301587,1.748183971,1.462301587,0.133524355,9
1994,SSD,2,0.525,0.079123821,0.525,0,2
1995,SSD,4,1.444444444,0.259107965,1.444444444,0,5
1997,SSD,2,0.583333333,0.506552194,0.583333333,0,2
1999,SSD,3,0.811111111,0.925688337,0.811111111,0,1
2000,SSD,1,0.333333333,0.304759035,0.333333333,0,1
2001,SSD,1,1,0,,0,4
2002,SSD,1,0.2,1.712199678,0.2,0,1
2003,SSD,7,1.792857143,0.553303696,1.792857143,0,3
2004,SSD,2,0.833333333,0.157565397,0.833333333,0,2
2005,SSD,7,3.366666667,0.252464422,2.366666667,0,9
2006,SSD,4,0.68452381,0.81717198,0.68452381,0,3
2007,SSD,6,1.9,0.260893776,0.9,0,5
2008,SSD,11,4.233333333,0.581037172,3.233333333,0.059055118,12
2009,SSD,15,6.43030303,0.418674682,4.43030303,0.003534402,17
2010,SSD,15,5.658333333,0.353543664,3.658333333,0,19
2011,SSD,14,4.233705184,0.215093492,3.833705184,0,18
2012,SSD,5,2.95,0.550716904,0.95,0,9
2013,SSD,3,1.4,0.026309348,0.4,0,3
2014,SSD,13,4.226610644,0.27452691,2.893277311,0,13
2015,SSD,10,4.702380952,0.733492183,1.702380952,0.212658228,15
2016,SSD,9,2.927777778,0.19364249,0.927777778,0,14
2017,SSD,15,3.456746032,0.633833197,3.456746032,0.036161176,18
2018,SSD,15,5.040079365,0.650572085,4.040079365,0.033068262,23
2019,SSD,19,4.89487359,0.644178344,3.89487359,0.072171011,22
2020,SSD,44,10.79781297,0.678900843,8.131146303,0.080263167,55
2021,SSD,67,18.29469643,0.516799646,15.62802977,0.029811932,103
2022,SSD,94,21.42569541,0.495016934,18.42569541,0.015477064,133
2023,SSD,62,16.02134784,0.288773207,13.02134784,0.039177565,97
2024,SSD,10,2.460025063,0,2.460025063,1,14
1993,STP,1,0.2,2.780341134,0.2,1,3
1994,STP,2,0.875,0.887044706,0.875,0,4
1996,STP,4,1.6,0.079639047,0.6,0,6
1997,STP,1,1,0,,0,6
1998,STP,1,0.076923077,1.035451021,0.076923077,0,1
2000,STP,2,0.365079365,1.364489024,0.365079365,0,2
2001,STP,3,0.928571429,0.687406317,0.928571429,0,3
2002,STP,4,0.667532468,0.571835614,0.667532468,0,2
2003,STP,5,1.557142857,0.7844283,1.557142857,0,7
2004,STP,2,0.311111111,0.950934715,0.311111111,0,2
2005,STP,1,0.25,0,0.25,0,1
2006,STP,3,0.916666667,1.009397966,0.916666667,0,9
2007,STP,4,1.204761905,1.024087907,1.204761905,0,8
2009,STP,3,1.238095238,0.791868356,0.238095238,0.192307692,4
2010,STP,4,2.196428571,1.046081668,1.196428571,0,6
2012,STP,2,0.5,0.836582442,0.5,0,5
2013,STP,3,1.243589744,0.09654598,0.243589744,0,3
2014,STP,3,0.80952381,0.496348357,0.80952381,0,7
2015,STP,3,0.918803419,1.428629377,0.918803419,0,6
2016,STP,2,0.745454545,0.410747493,0.745454545,0,9
2017,STP,8,0.707100948,0.777798653,0.707100948,0.103053876,8
2018,STP,6,1.010689311,0.499946034,1.010689311,0,4
2019,STP,10,2.075957376,0.415516239,2.075957376,0,17
2020,STP,11,2.786652237,1.327874376,2.786652237,0.153794371,19
2021,STP,12,2.759187463,0.603242864,2.759187463,0.103550154,26
2022,STP,16,3.622451437,1.09960079,3.622451437,0.041957226,22
2023,STP,17,4.725611148,0.614379877,4.725611148,0.070537614,36
1990,SUN,33,26.05,0.184493307,4.05,0,80
1991,SUN,48,37.03546707,0.148067305,5.702133734,5.59E-04,149
1992,SUN,10,6.224449101,0.102400549,0.724449101,0,39
1993,SUN,1,0.5,0,0.5,0,3
1994,SUN,4,2.833333333,0,0.333333333,0,21
1995,SUN,4,3.333333333,0,0.333333333,0,6
1997,SUN,1,1,0,,0,3
1990,SUR,4,2.277777778,0.181925163,0.277777778,0,5
1991,SUR,2,1.071428571,2.111772311,0.071428571,0.066666667,2
1992,SUR,8,4.703703704,0.154207968,0.203703704,0,11
1993,SUR,2,2,0.743743389,,0,1
1994,SUR,2,1.2,0.845351861,0.2,0,2
1995,SUR,2,1.2,1.042073671,0.2,0,2
1996,SUR,6,2.30952381,0.413635718,0.80952381,0,6
1997,SUR,7,2.988888889,1.029535808,1.988888889,0.185873606,12
1998,SUR,5,1.573593074,1.27824798,1.573593074,0.090784044,8
1999,SUR,11,2.914285714,0.902995939,2.914285714,0.102124183,13
2000,SUR,5,2.851190476,0.812109412,0.851190476,0,12
2001,SUR,9,2.76984127,1.003048642,2.436507937,0,13
2002,SUR,9,3.401190476,1.399111349,2.401190476,0.14700735,13
2003,SUR,8,3.507936508,0.154391116,1.619047619,0,19
2004,SUR,12,4.449033816,1.104661563,2.199033816,0.224767903,34
2005,SUR,15,5.650224775,0.393481827,3.650224775,0,22
2006,SUR,9,5.083333333,1.123050995,2.083333333,0.196721311,13
2007,SUR,17,8.785994398,0.326023959,3.785994398,0.020085443,27
2008,SUR,17,6.107034632,0.279115868,4.607034632,0,29
2009,SUR,12,5.325396825,0.351084252,2.658730159,0,18
2010,SUR,11,6.116666667,0.317929649,3.116666667,0,21
2011,SUR,12,4.517750305,0.561296204,2.517750305,0.058104141,21
2012,SUR,26,9.398692974,0.874551997,4.398692974,0.06303262,40
2013,SUR,33,15.32380952,0.660638769,6.323809524,0.00310752,48
2014,SUR,20,8.283326441,0.408507321,3.616659774,0.003894337,31
2015,SUR,37,13.29810556,0.581118985,7.298105558,0.013943723,62
2016,SUR,53,19.34356673,1.268901941,15.84356673,0.148760399,91
2017,SUR,44,15.11181542,0.576799194,10.11181542,0.004874112,68
2018,SUR,50,15.72331185,0.525251603,9.72331185,0.011898151,65
2019,SUR,65,19.82294985,0.997874278,14.82294985,0.068662623,83
2020,SUR,60,20.30869288,0.882859936,13.80869288,0.027789945,100
2021,SUR,66,24.42345994,0.642664856,20.42345994,0.064361847,132
2022,SUR,50,16.35824538,0.64139371,9.358245384,0.1112194,77
2023,SUR,87,24.8808084,0.278722966,20.8808084,0.038788165,128
2024,SUR,8,1.701028139,0,1.701028139,1,10
1990,SUX,2328,2236.713219,0.091302117,64.87988597,0.004582617,6320
1991,SUX,1665,1573.074333,0.089197608,68.07433261,0.002224943,4608
1992,SUX,564,513.631241,0.088381659,41.63124098,0.005905664,1545
1993,SUX,240,199.3655914,0.068280137,36.8655914,0.002507955,652
1994,SUX,94,82.57136752,0.054771362,9.571367521,0.002691275,261
1995,SUX,70,55.19166667,0.018654268,12.85833333,0,153
1996,SUX,11,8.116666667,0.225526681,1.366666667,0,25
1997,SUX,4,4,0,,0,14
1998,SUX,1,1,0,,0,10
2003,SUX,1,1,0,,0,1
2005,SUX,2,0.693548387,0,0.693548387,0,14
2007,SUX,1,0.25,0,0.25,0,1
2008,SUX,3,1.083333333,0,1.083333333,0,3
2014,SUX,1,0.007092199,0,0.007092199,0,1
2016,SUX,1,1,0.324030625,,0,2
2020,SUX,2,0.285714286,0.068322685,0.285714286,0,1
2021,SUX,1,1,0,,0,1
1990,SVK,1017,897.8192871,0.325851647,85.75262048,0.021055427,1794
1991,SVK,1059,930.5028499,0.372433015,96.86237374,0.026160621,1928
1992,SVK,1388,1210.910616,0.338593215,113.1439494,0.017860167,2533
1993,SVK,1622,1423.618383,0.356053066,132.9755263,0.02019888,2902
1994,SVK,1867,1574.153591,0.413262884,198.9167779,0.020632672,2998
1995,SVK,1781,1444.166957,0.455264016,206.0586235,0.02185631,3015
1996,SVK,2599,2046.671587,0.427191961,333.9346818,0.02381775,3686
1997,SVK,2442,1840.072736,0.473927904,351.2829922,0.027246805,3443
1998,SVK,2611,2003.54922,0.406976869,402.4714419,0.024101763,3686
1999,SVK,2629,2015.005494,0.429087771,363.3709703,0.028277948,3772
2000,SVK,2701,2083.613024,0.425336718,374.8669201,0.024105073,4029
2001,SVK,2658,2074.235527,0.488234018,345.4204118,0.039560442,4192
2002,SVK,2792,2169.224345,0.485273625,402.6029164,0.033076819,4152
2003,SVK,3016,2212.879589,0.468211746,500.1688751,0.031188943,4258
2004,SVK,3277,2344.571975,0.497165197,610.6284848,0.030387257,4487
2005,SVK,3469,2566.158842,0.490207641,558.4255085,0.03111072,4914
2006,SVK,3681,2653.178847,0.547665787,636.24591,0.037122216,5102
2007,SVK,4058,2898.359636,0.530817876,671.4929695,0.03910644,5623
2008,SVK,4633,3349.517093,0.527629073,789.6154701,0.035126194,6196
2009,SVK,4465,3151.269767,0.592622538,772.3467873,0.040985358,6104
2010,SVK,4998,3626.051636,0.574242323,779.9278265,0.044958574,6749
2011,SVK,5420,3922.485401,0.649937273,830.2012738,0.055966645,7445
2012,SVK,6050,4396.128316,0.769210309,874.3295061,0.068941176,8045
2013,SVK,6537,4966.975013,0.839197025,954.6762036,0.074900114,8677
2014,SVK,7774,5944.168619,0.804195272,1149.086476,0.07613843,9783
2015,SVK,7404,5475.56475,0.609330813,1144.260987,0.049766162,9779
2016,SVK,8235,6034.497179,0.628266981,1266.913846,0.047561742,10321
2017,SVK,8789,6509.660063,0.711762612,1462.063482,0.064260032,11060
2018,SVK,8410,6019.480835,0.660440825,1415.545698,0.05518932,10856
2019,SVK,9377,6710.021574,0.649335486,1587.111019,0.052855519,11793
2020,SVK,9508,6482.717736,0.59434086,1764.103698,0.044758026,11810
2021,SVK,9623,6478.726109,0.654760135,1724.470116,0.052153238,12101
2022,SVK,9196,6159.652191,0.655961955,1544.962374,0.054395705,12134
2023,SVK,8780,5705.058191,0.597303923,1607.765201,0.056247322,11688
2024,SVK,603,313.2069338,0.809431488,147.7069338,0.996009028,1466
1990,SVN,508,434.2886971,0.627052521,63.33155429,0.056953692,826
1991,SVN,566,485.5596023,0.58764182,64.22626894,0.047166181,871
1992,SVN,721,619.8188062,0.579055874,68.60213956,0.049796392,1147
1993,SVN,864,726.2089111,0.63961992,82.9755778,0.048347164,1295
1994,SVN,939,781.5250294,0.6109883,102.8583628,0.041198647,1337
1995,SVN,1012,831.0457354,0.657363783,97.46240203,0.059253139,1453
1996,SVN,1452,1169.155268,0.572361475,170.1850296,0.041665723,1884
1997,SVN,1627,1320.879507,0.636227447,202.7533167,0.047586117,2034
1998,SVN,1569,1257.425322,0.654511693,189.2806439,0.06020223,1953
1999,SVN,1915,1563.89469,0.655458897,221.5982616,0.050351495,2269
2000,SVN,2294,1874.584389,0.608830444,271.9927227,0.046872745,2788
2001,SVN,2208,1793.490892,0.65901613,254.9694632,0.058458801,2770
2002,SVN,2443,1965.188741,0.669107028,289.6411223,0.055430732,2983
2003,SVN,3013,2343.138837,0.655301146,404.4112053,0.051513019,3381
2004,SVN,2709,2090.470442,0.694142921,374.4871087,0.056353966,3258
2005,SVN,3313,2539.494947,0.739921469,494.0949473,0.06426324,3844
2006,SVN,3398,2592.957284,0.776906764,478.1310936,0.071319126,4017
2007,SVN,3923,2974.049702,0.803570984,563.317559,0.074507968,4423
2008,SVN,4404,3307.32167,0.752357826,656.0089074,0.064661835,4841
2009,SVN,4730,3544.144117,0.701525517,658.4941169,0.056003811,5324
2010,SVN,4887,3650.895077,0.772476188,698.1938866,0.071761866,5539
2011,SVN,5482,4089.680557,0.743393259,754.018057,0.066469946,6021
2012,SVN,5680,4060.573313,0.7895221,847.8541931,0.066156464,6211
2013,SVN,5782,4129.178274,0.767818627,901.3415318,0.064975243,6353
2014,SVN,5808,4139.126539,0.816097157,879.9932055,0.071025495,6556
2015,SVN,6027,4164.155405,0.771650366,968.3554047,0.069757877,6800
2016,SVN,6065,4043.644387,0.878408347,945.4999424,0.074327299,6918
2017,SVN,6156,4115.374778,0.793136742,958.287415,0.072747848,6919
2018,SVN,6249,3987.001065,0.799404602,1026.061322,0.071268575,6862
2019,SVN,6702,4363.680414,0.795588124,1078.130414,0.071026612,7456
2020,SVN,7211,4617.447724,0.820628141,1167.103607,0.076043082,7845
2021,SVN,8057,5109.441542,0.820517978,1364.949253,0.070613384,8551
2022,SVN,7651,4794.608775,0.78456053,1200.042108,0.065117656,8476
2023,SVN,7128,4275.502714,0.720143508,1179.060447,0.07364695,8087
2024,SVN,621,331.2650318,0.77387331,125.7650318,1,1309
1990,SWE,11645,10151.74521,1.347765752,1119.634522,0.137522167,15302
1991,SWE,12532,10835.95009,1.261143786,1297.596074,0.126321564,16873
1992,SWE,12474,10628.43913,1.263019632,1387.166118,0.123528771,16950
1993,SWE,13339,11305.85151,1.257193238,1547.35642,0.123410262,18326
1994,SWE,14408,12117.72753,1.246932459,1778.848291,0.123464601,19450
1995,SWE,14938,12392.04496,1.215272525,1864.737967,0.121449809,20479
1996,SWE,16856,13143.69826,1.328963793,2600.332194,0.137305092,20587
1997,SWE,17627,13623.84534,1.268235623,2776.290458,0.13203101,22042
1998,SWE,18233,14020.97385,1.263342401,2927.844908,0.127872513,22769
1999,SWE,18679,14094.87527,1.276418467,2998.191857,0.126559062,23241
2000,SWE,19151,14501.6411,1.272489256,3071.801125,0.1308412,24672
2001,SWE,19260,14748.94443,1.312100905,3048.650818,0.136576516,26098
2002,SWE,19498,14686.43793,1.317861575,3243.386401,0.137734125,26597
2003,SWE,20770,14848.16519,1.309322864,3902.057348,0.131383107,25901
2004,SWE,21582,15357.28452,1.308488361,4075.887821,0.13233907,27285
2005,SWE,23478,16520.35543,1.315128613,4434.580369,0.134029001,29456
2006,SWE,24238,16906.19226,1.293854906,4729.62052,0.135164312,30552
2007,SWE,24895,16868.82662,1.319444035,5012.106233,0.134151511,30729
2008,SWE,25049,16805.51352,1.273306038,4973.17389,0.128591425,31293
2009,SWE,27110,18054.52816,1.291877248,5370.434168,0.137161398,33602
2010,SWE,28137,18342.63551,1.297706738,5610.715739,0.134636481,33833
2011,SWE,29832,19222.92219,1.348157312,6008.379762,0.142340587,35912
2012,SWE,32093,20285.84984,1.343628661,6467.713915,0.139361199,37637
2013,SWE,33593,20946.63146,1.37013099,6940.319042,0.141120764,39630
2014,SWE,35518,21924.73878,1.345930969,7351.997402,0.140059703,41686
2015,SWE,37194,22302.62534,1.312831513,7892.194986,0.137200629,43453
2016,SWE,38525,22440.46008,1.27859529,8270.780966,0.134289436,44985
2017,SWE,39432,22566.24737,1.269182269,8465.315315,0.1290285,45945
2018,SWE,40410,22489.60339,1.253061174,8758.178445,0.129886146,47193
2019,SWE,41725,22907.01122,1.27045855,9017.75305,0.12906813,47819
2020,SWE,43430,23352.00352,1.177606789,9352.791933,0.117885922,49555
2021,SWE,46194,24385.86401,1.192435173,9809.132656,0.117352214,52078
2022,SWE,45326,23743.95109,1.194938511,9442.154598,0.120186168,52477
2023,SWE,45366,23708.03203,1.158678153,9425.232527,0.121465516,52415
2024,SWE,4380,2250.675408,1.08128443,943.6754076,0.995705542,9911
1990,SWZ,20,16.25,0.822813404,2.583333333,0.184615385,27
1991,SWZ,16,11.58333333,0.260468334,1.583333333,0.021582734,16
1992,SWZ,19,14.17619048,0.587577071,2.676190476,0.045347665,32
1993,SWZ,21,17.91666667,0.481551193,1.416666667,0.037209302,16
1994,SWZ,24,18.45586636,1.001282323,2.364957265,0.09638378,42
1995,SWZ,24,17.83333333,0.80572457,3.833333333,0.14953271,30
1996,SWZ,27,16.46978022,0.808409628,4.46978022,0.121434529,25
1997,SWZ,30,19.93611111,0.683609381,3.602777778,0.075240351,29
1998,SWZ,40,28.38333333,0.608669127,7.883333333,0.070463887,45
1999,SWZ,31,24.8,0.511160461,2.6,0.053763441,41
2000,SWZ,35,20.89666667,0.554802284,6.396666667,0.061253788,45
2001,SWZ,28,16.26481481,0.466849801,5.014814815,0.014232039,36
2002,SWZ,38,23.21590909,0.554011012,6.215909091,0.046663403,66
2003,SWZ,34,16.13452381,0.447649515,7.801190476,0.072308714,46
2004,SWZ,44,28.86190476,0.411373941,5.861904762,0.043928395,57
2005,SWZ,65,43.59066293,0.248087895,11.09066293,0.010345803,63
2006,SWZ,63,33.68298581,0.213850588,9.516319138,0.018786556,61
2007,SWZ,55,27.43158681,0.501604903,8.431586811,0.027998764,62
2008,SWZ,54,30.56743534,0.499965638,11.56743534,0.054082869,92
2009,SWZ,71,31.2706518,1.005228245,17.7706518,0.072386896,85
2010,SWZ,106,55.12432984,0.929740587,24.7909965,0.12082879,133
2011,SWZ,96,46.70124083,0.827235513,20.78457417,0.082308831,117
2012,SWZ,94,38.75300533,0.591618514,22.50300533,0.020469483,112
2013,SWZ,97,37.01223869,0.763988946,23.17890536,0.069098431,99
2014,SWZ,100,32.81648948,0.617075743,24.31648948,0.084365811,110
2015,SWZ,116,36.15053442,0.613813317,28.15053442,0.036215079,140
2016,SWZ,137,44.33196886,0.617260897,25.83196886,0.04268868,144
2017,SWZ,173,59.50033689,0.640284689,33.50033689,0.064603658,194
2018,SWZ,185,62.95656764,0.62427858,38.95656764,0.061587005,214
2019,SWZ,228,69.78217668,0.713620081,47.78217668,0.041683091,217
2020,SWZ,257,82.53304186,0.740786684,52.03304186,0.060436437,295
2021,SWZ,316,96.68151917,0.734422101,69.68151917,0.046702701,281
2022,SWZ,278,89.84482785,1.00890129,55.01149452,0.117198647,321
2023,SWZ,309,76.59806405,0.856562915,57.93139738,0.074171273,272
2024,SWZ,27,4.73816793,0.809377914,3.73816793,0.94723699,25
1990,SXM,11,7.976190476,0.155651051,1.976190476,0,40
1991,SXM,12,9.316666667,0.501072935,2.316666667,0,38
1992,SXM,1,0.25,0.732380584,0.25,0,1
1994,SXM,1,0.142857143,0,0.142857143,0,1
1995,SXM,1,1,0,,0,4
2020,SXM,1,0.25,1.293504468,0.25,0,1
2021,SXM,9,2.075707626,0.357812974,2.075707626,0,10
2022,SXM,14,2.885762293,0.59958366,2.885762293,0.043316111,30
2023,SXM,13,2.598950617,1.194933947,2.598950617,0.002375128,22
1991,SYC,11,8.928571429,0.155095161,1.928571429,0,7
1992,SYC,5,3.75,0.230966075,0.75,0,5
1993,SYC,5,4.25,0.099679794,0.25,0,5
1994,SYC,4,2.142857143,0.682973479,1.142857143,0,6
1995,SYC,6,5.333333333,1.150900779,0.333333333,0.1875,18
1996,SYC,5,2.5,2.275679676,1.166666667,0.133333333,6
1997,SYC,6,2.327922078,0.545079299,1.327922078,0,9
1998,SYC,9,5.088095238,1.060685549,2.088095238,0.0163781,14
1999,SYC,4,1.833333333,0.672631306,0.833333333,0.025974026,5
2000,SYC,14,3.888492063,1.616479658,2.888492063,0.379630575,19
2001,SYC,6,3.321428571,0.097854953,1.321428571,0,6
2002,SYC,11,5.920833333,0.537311617,3.920833333,0.033779029,22
2003,SYC,15,10.50714286,0.565458987,3.507142857,0.095173351,22
2004,SYC,13,5.247619048,0.611241711,3.247619048,0.07146098,19
2005,SYC,13,5.005627706,0.814316672,2.505627706,0.061359509,19
2006,SYC,24,8.557775944,2.154680001,6.557775944,0.279825123,32
2007,SYC,36,12.05382395,1.125775316,9.053823954,0.156474088,34
2008,SYC,35,12.63054119,0.673883368,7.130541191,0.059819729,30
2009,SYC,25,6.962896825,0.989638168,5.962896825,0.071809193,27
2010,SYC,30,12.35703782,0.696506494,6.157037815,0.031093241,32
2011,SYC,37,10.30600121,1.104456839,8.806001207,0.101075034,38
2012,SYC,32,8.89773174,0.937972966,7.39773174,0.062397341,32
2013,SYC,43,14.53938192,0.448425928,8.539381917,0.012041091,47
2014,SYC,37,8.232677656,0.672824157,6.232677656,0.044336844,34
2015,SYC,57,16.78800139,0.695973153,15.28800139,0.069923436,70
2016,SYC,45,10.77826815,1.242664133,6.278268149,0.154715858,45
2017,SYC,53,9.976381304,1.392950909,7.476381304,0.114048822,56
2018,SYC,47,9.502057038,0.727299051,8.502057038,0.041124546,44
2019,SYC,44,7.98877375,1.526864463,5.98877375,0.145394352,41
2020,SYC,92,24.09751435,0.645547823,15.89751435,0.107521149,102
2021,SYC,94,20.52032955,0.70797932,16.52032955,0.053230938,116
2022,SYC,92,19.57132072,0.886639655,16.57132072,0.060134286,120
2023,SYC,61,12.39432472,0.921881675,11.39432472,0.114964301,95
2024,SYC,5,0.540858651,2.590439358,0.540858651,1,5
1990,SYR,28,20.63095238,0.305555102,5.130952381,0.02423543,47
1991,SYR,27,18.17857143,0.342599764,5.678571429,0.023575639,49
1992,SYR,37,24.14612512,0.406978509,7.146125117,0,65
1993,SYR,41,26.65,0.673224854,8.15,0.025015635,56
1994,SYR,44,28.83452381,0.662768617,8.501190476,0.052351265,74
1995,SYR,56,37.675,0.315052099,10.34166667,0,73
1996,SYR,70,34.70441225,0.37807474,11.70441225,0.005625743,87
1997,SYR,94,49.39895799,0.528068626,15.89895799,0.01147999,114
1998,SYR,87,46.65415534,0.367956065,15.820822,0.014522034,119
1999,SYR,106,72.10725108,0.538278302,14.60725108,0.03440642,155
2000,SYR,113,72.67405993,0.3760494,16.17405993,0.019149428,167
2001,SYR,102,77.53055556,0.489614907,10.53055556,0.021496901,156
2002,SYR,114,68.10537189,0.389131342,15.46251474,0.016560678,148
2003,SYR,132,81.69812567,0.504195923,17.69812567,0.031891704,168
2004,SYR,177,117.2392427,0.546294491,25.40590937,0.030818139,212
2005,SYR,203,126.1127525,0.523487035,32.61275248,0.023259609,257
2006,SYR,186,109.5899909,0.409134823,31.58999093,0.015322512,232
2007,SYR,222,139.2320592,0.514897597,34.48205918,0.017481249,274
2008,SYR,255,162.834214,0.562862384,39.16754737,0.055011896,378
2009,SYR,226,138.5444865,0.552094244,35.04448647,0.047230743,318
2010,SYR,330,209.2756531,0.570436617,51.24231978,0.027922182,482
2011,SYR,376,246.8506417,0.459796817,52.26730836,0.02078475,507
2012,SYR,472,300.8897963,0.428826739,72.72312963,0.020331782,689
2013,SYR,454,302.9783742,0.410935843,73.46170755,0.017194241,639
2014,SYR,487,339.6936068,0.352312666,62.86027349,0.015087459,756
2015,SYR,505,369.3909417,0.391508423,56.55760839,0.015524017,770
2016,SYR,484,354.3700892,0.435358899,55.2867559,0.021217322,832
2017,SYR,438,293.0277264,0.449957672,59.52772645,0.024782789,685
2018,SYR,480,338.1180679,0.581114128,58.75140121,0.037839539,777
2019,SYR,576,378.8897551,0.535418527,74.02308838,0.027913875,873
2020,SYR,799,547.1955356,0.576759784,90.9455356,0.055345008,1239
2021,SYR,1019,698.579774,0.620421657,145.4131073,0.067557356,1704
2022,SYR,1209,750.8740396,0.592742246,178.0073729,0.053695112,1961
2023,SYR,1217,737.9497867,0.673305297,185.2164534,0.067023047,2042
2024,SYR,96,55.29215457,0.115853478,13.79215457,0.997739281,218
1991,TCA,1,0.833333333,1.01328968,0.833333333,0,5
1993,TCA,1,0.666666667,0.682281752,0.666666667,0,2
1995,TCA,1,1,0,,0,1
1996,TCA,1,0.5,0,0.5,0,2
1997,TCA,1,1,0.479411304,,0,2
1999,TCA,2,1.333333333,0.569881105,0.333333333,0,3
2000,TCA,1,0.111111111,1.156897683,0.111111111,0,1
2001,TCA,1,0.3,0.789162637,0.3,0,3
2002,TCA,1,0.5,0.606089237,,0,1
2003,TCA,1,0.333333333,0.365761266,0.333333333,0,1
2004,TCA,2,0.666666667,1.664476763,0.333333333,0,1
2005,TCA,1,0.2,3.711576639,0.2,1,1
2006,TCA,3,1.333333333,0.489834768,1.333333333,0,6
2007,TCA,2,1.166666667,2.078617819,0.166666667,0,2
2008,TCA,2,1.066666667,0.403431744,1.066666667,0,5
2009,TCA,3,1.487719298,0.356612898,0.487719298,0.044811321,22
2010,TCA,3,2.166666667,1.526956989,1.166666667,0.461538462,7
2011,TCA,2,0.555555556,0.036917078,0.555555556,0,2
2012,TCA,4,1.65,2.278976054,0.65,0.606060606,5
2013,TCA,6,2.292948718,0.675229066,1.292948718,0,10
2014,TCA,3,0.709401709,0.526389519,0.709401709,0,7
2015,TCA,8,2.292857143,0.950192177,1.292857143,0.171339564,7
2016,TCA,9,2.581950457,0.42658051,1.581950457,0,12
2017,TCA,5,1.337974684,0.532264567,0.837974684,0,9
2018,TCA,5,1.638095238,0.554256513,0.638095238,0,6
2019,TCA,3,0.75,0.601934976,0.75,0.133333333,4
2020,TCA,11,3.124467419,0.557359772,2.124467419,0.004211244,14
2021,TCA,5,1.977871148,2.129759789,1.977871148,0.410494264,12
2022,TCA,8,2.3232665,0.312521873,1.3232665,0.001708049,9
2023,TCA,14,3.879106841,0.707553209,2.879106841,0.059043151,20
1990,TCD,3,1.305555556,8.670442366,0.305555556,0.234042553,7
1991,TCD,1,1,0.624768505,,0,3
1992,TCD,1,1,0.99209829,,0,4
1993,TCD,4,3.333333333,0.238186211,0.333333333,0,5
1994,TCD,3,3,0.235164232,,0,8
1995,TCD,5,1.795238095,1.32344327,0.795238095,0.23872679,7
1996,TCD,4,0.667099567,1.645591922,0.667099567,0.350421804,5
1997,TCD,6,2.862373737,0.649978462,2.362373737,0.01940891,13
1998,TCD,3,1.3875,0.894964268,0.3875,0.135135135,5
1999,TCD,6,3.476190476,0.356875793,0.476190476,0.047945205,12
2000,TCD,5,2.5125,0.317722843,1.5125,0,8
2001,TCD,12,4.208333333,0.134437584,2.208333333,0,8
2002,TCD,12,5.556218905,0.874541432,3.306218905,0.016117479,30
2003,TCD,14,4.949731701,1.344846955,4.949731701,0.293426198,26
2004,TCD,23,11.33241953,0.44748192,4.332419531,0.036202014,38
2005,TCD,27,8.94602678,1.066755317,5.44602678,0.072117041,29
2006,TCD,34,8.589257482,1.12558204,7.589257482,0.039916971,35
2007,TCD,21,4.896547619,0.719568893,4.896547619,0.054119764,22
2008,TCD,21,4.292488329,0.903975023,4.292488329,0.01370383,23
2009,TCD,29,9.4191745,0.604414182,5.4191745,0.072787609,32
2010,TCD,15,5.004135338,0.455779311,4.004135338,0,20
2011,TCD,27,8.145819652,0.398247276,6.645819652,0.001805329,35
2012,TCD,21,5.070869408,0.477340511,3.570869408,0.055874705,31
2013,TCD,26,6.421653642,0.412779004,5.421653642,0.006067135,50
2014,TCD,31,6.92394016,1.649827086,5.92394016,0.14809484,56
2015,TCD,36,11.26219085,0.352690933,9.262190855,0,69
2016,TCD,42,10.56236997,0.742559136,8.562369971,0.085598467,71
2017,TCD,58,15.22661605,0.874529732,12.22661605,0.093255735,98
2018,TCD,54,14.85211306,0.413409907,10.85211306,0.018354828,102
2019,TCD,68,15.91794517,0.561034536,11.91794517,0.038024625,95
2020,TCD,70,18.00667172,0.437439821,14.00667172,0.004069626,105
2021,TCD,101,26.83363345,0.483302788,20.83363345,0.031885252,169
2022,TCD,114,35.20515302,0.528944017,23.20515302,0.042710507,223
2023,TCD,126,48.38570118,0.692485018,33.38570118,0.079565465,236
2024,TCD,19,6.273186795,0,6.273186795,1,56
1990,TGO,18,15.05952381,0.009611813,1.05952381,0,39
1991,TGO,31,24.30025063,0.496357526,2.300250627,0.108758431,79
1992,TGO,7,6.25,0.193985246,0.25,0,23
1993,TGO,22,15.17619048,0.50247736,3.176190476,0.065892689,30
1994,TGO,26,23.11111111,0.137188622,1.111111111,0,75
1995,TGO,27,23.79285714,0.243674976,0.792857143,0.008405884,68
1996,TGO,32,21.33690476,0.232926001,5.336904762,0.023433577,64
1997,TGO,35,22.19722222,0.309070359,5.197222222,0.008134151,68
1998,TGO,59,38.29035855,0.177275707,9.486787126,3.78E-04,121
1999,TGO,58,38.83535354,0.23536246,13.91868687,0.014714133,134
2000,TGO,43,28.61898657,0.326017742,7.418986569,0.026206379,74
2001,TGO,36,27.24285714,0.280952372,3.742857143,0.02141234,74
2002,TGO,32,20.0139031,0.274902179,5.013903097,0,84
2003,TGO,48,24.44249264,0.231046201,10.8091593,0,107
2004,TGO,46,22.58721556,0.27950496,10.33721556,0.004427283,96
2005,TGO,41,22.14438339,0.596787805,10.14438339,0.003473706,64
2006,TGO,49,27.42440419,0.350253934,9.924404191,0.010158972,103
2007,TGO,60,32.51642009,0.25451212,12.94499151,0.001922106,126
2008,TGO,73,44.18511616,0.313635002,12.70178283,0.007218845,165
2009,TGO,83,45.31739133,0.329313757,18.47453419,0.006100761,181
2010,TGO,83,50.38008133,0.33101699,19.21341467,0.028670943,196
2011,TGO,110,53.33893953,0.49255388,23.28933636,0.033506093,204
2012,TGO,99,53.41508697,0.214193944,23.12937268,0.001337236,291
2013,TGO,123,71.01455556,0.33459096,24.98122223,0.005971919,319
2014,TGO,159,85.21272265,0.29131698,30.21272265,0.003185783,376
2015,TGO,165,89.22619159,0.286986658,34.22619159,0.008054787,353
2016,TGO,158,79.19334812,0.379225385,37.29334812,0.024257917,401
2017,TGO,152,79.30898699,0.271979682,31.53120921,0.012097276,364
2018,TGO,197,92.18035121,0.42823069,40.18035121,0.00584038,404
2019,TGO,231,105.8889855,0.48322741,51.05565219,0.028345143,463
2020,TGO,249,115.1486974,0.444385617,55.43441166,0.019466864,468
2021,TGO,287,130.7356853,0.602250972,61.91750348,0.056172638,531
2022,TGO,342,165.6394614,0.471919699,78.55612804,0.030724539,671
2023,TGO,305,149.3765111,0.569895401,74.04317774,0.049329408,562
2024,TGO,28,13.51325581,0.571515874,7.513255814,0.985199718,71
1990,THA,778,639.2393814,0.491718352,89.35485758,0.032324051,1588
1991,THA,783,647.8936129,0.620474567,97.16027954,0.03837324,1616
1992,THA,840,684.1356312,0.497470564,115.2411868,0.044311049,1804
1993,THA,933,740.7831032,0.491568754,117.9497699,0.027242815,1800
1994,THA,898,693.4531485,0.611806456,135.9198151,0.047232471,1874
1995,THA,971,736.1884438,0.599589196,131.35392,0.047844876,2122
1996,THA,1257,886.9414685,0.61667973,216.7140154,0.047786688,2296
1997,THA,1445,1016.497158,0.574995508,242.6300585,0.037837133,2657
1998,THA,1651,1207.623529,0.596104437,274.2033269,0.036224248,2945
1999,THA,1798,1322.341661,0.647291025,275.5424547,0.033819201,3365
2000,THA,2272,1683.816228,0.594062352,368.9026342,0.040597628,4150
2001,THA,2343,1829.68207,0.595433434,337.4252326,0.035363585,4485
2002,THA,2925,2202.592227,0.570659288,469.2452036,0.037575223,5429
2003,THA,3325,2346.47335,0.681214906,662.8055646,0.044013141,5849
2004,THA,3925,2811.984797,0.732807716,752.9807923,0.057232376,6554
2005,THA,4990,3676.346904,0.756250668,938.6386788,0.058769318,8364
2006,THA,6032,4515.180036,0.736641891,1130.035607,0.061055409,9952
2007,THA,6482,4802.346409,0.785377736,1197.594028,0.065007691,10417
2008,THA,7690,5846.753591,0.763014136,1321.091686,0.064429447,12112
2009,THA,8281,6309.760761,0.823653505,1349.298521,0.072516816,13245
2010,THA,9499,7357.159076,0.751206478,1507.597172,0.062373286,15019
2011,THA,10384,7980.647624,0.755642137,1611.98699,0.057046784,16491
2012,THA,11608,8877.424343,0.798731892,1739.613909,0.070542189,17955
2013,THA,11821,9103.141133,0.724587979,1747.467457,0.057985687,18559
2014,THA,12916,9913.816687,0.677901781,1861.446792,0.057512806,20247
2015,THA,12478,9292.088621,0.663436435,1914.789703,0.050217114,20572
2016,THA,14096,10456.01544,0.673728657,2111.113857,0.050695589,22519
2017,THA,16065,12179.22151,0.677500394,2368.346512,0.051856499,26103
2018,THA,18421,14120.49228,0.669005962,2723.775865,0.053376682,29876
2019,THA,19454,14772.4216,0.727033268,3035.482054,0.061602345,31616
2020,THA,21149,15600.77561,0.752041496,3374.967787,0.068593056,33519
2021,THA,24338,17834.45227,0.781037943,4000.295447,0.069412446,38472
2022,THA,26993,19602.39322,0.797332285,4494.348117,0.071927577,42656
2023,THA,25114,18212.60438,0.79023096,4316.347671,0.081739659,42815
2024,THA,2400,1672.4809,0.685717207,452.1523289,0.995760623,6964
1990,TJK,34,28.83333333,0.074402046,3.833333333,0,79
1991,TJK,26,23.875,0.054956938,1.875,0,68
1992,TJK,29,25.9,0.050783314,1.9,0,51
1993,TJK,41,33.76096491,0.084218684,5.760964912,0.018512504,60
1994,TJK,23,19.51374269,0.053766936,2.51374269,0,56
1995,TJK,15,11.48333333,0.467253274,1.483333333,0.087082729,24
1996,TJK,61,48.08284632,0.147717619,7.08284632,0,66
1997,TJK,48,34.7452381,0.086578206,10.7452381,0,58
1998,TJK,35,27.36111111,0.027101522,4.361111111,0,49
1999,TJK,53,45.32424242,0.176302242,3.824242424,0.022063248,78
2000,TJK,37,27.00119048,0.10035534,3.001190476,0.009258851,54
2001,TJK,35,29.25694444,0.058344985,2.256944444,0.002136245,53
2002,TJK,50,37.625,0.145574002,3.791666667,0,67
2003,TJK,36,28.12467532,0.155397406,4.624675325,0.006464721,42
2004,TJK,46,35.55384615,0.119350389,3.853846154,0,57
2005,TJK,55,33.1757326,0.285499189,8.009065934,0.036673393,66
2006,TJK,48,31.32250892,0.175512108,8.322508924,0.003547325,76
2007,TJK,54,31.46529582,0.304353873,10.46529582,0.021187364,71
2008,TJK,65,35.8547619,0.255530843,16.3547619,0.003984328,72
2009,TJK,46,24.81230097,0.26672094,9.812300972,0.013127129,53
2010,TJK,77,42.39822212,0.309662308,18.89822212,0.003628599,117
2011,TJK,79,44.18145056,0.2880538,21.18145056,0.00205763,93
2012,TJK,110,67.9111014,0.243137003,25.9111014,0.009745961,139
2013,TJK,128,81.71809666,0.209227667,26.21809666,0.015253702,210
2014,TJK,95,51.16834682,0.156140076,21.50168015,0.002701578,115
2015,TJK,122,66.45733433,0.209945154,24.95733433,0.006800199,154
2016,TJK,124,65.62562438,0.272278195,24.12562438,0.014035735,185
2017,TJK,142,66.44830725,0.385610483,26.94830725,0.026900339,196
2018,TJK,146,67.09398507,0.429946637,33.09398507,0.015687761,213
2019,TJK,223,94.41320656,0.457937072,42.61320656,0.023617013,279
2020,TJK,314,127.0648189,0.859027006,70.56481895,0.064787201,404
2021,TJK,281,125.7488761,0.676979477,66.74887614,0.085346508,386
2022,TJK,255,120.742942,0.555715341,57.742942,0.031252144,360
2023,TJK,292,138.2890307,0.278020916,46.28903065,0.022605644,403
2024,TJK,12,2.038197451,0,2.038197451,1,16
2004,TKL,1,0.5,1.652959346,0.5,0,1
2009,TKL,1,0.5,0,,0,1
2015,TKL,1,0.166666667,0,0.166666667,0,1
2016,TKL,2,0.35,0.190221629,0.35,0,2
2017,TKL,1,0.004524887,1.262610164,0.004524887,0,1
2018,TKL,1,0.2,0.429760591,0.2,0,1
2022,TKL,1,0.5,0.455385686,0.5,0,1
2023,TKL,3,0.611455108,0.451087748,0.611455108,0.096202532,5
1990,TKM,1,1,0,,0,1
1991,TKM,13,13,0.048059116,,0,26
1992,TKM,12,11,0.016344886,1,0,40
1993,TKM,7,4.883116883,0.050311207,0.883116883,0.018617021,14
1994,TKM,7,3.806599833,0.049576659,0.806599833,0,10
1995,TKM,19,15.66666667,0.119173753,2.666666667,0,24
1996,TKM,14,9.966666667,0.106970454,2.466666667,0,25
1997,TKM,13,7.366666667,0.262308755,3.366666667,0,13
1998,TKM,10,5.20952381,0.346344795,2.20952381,0,14
1999,TKM,6,2.025,0.177657595,1.025,0,7
2000,TKM,14,5.208333333,0.631845723,3.208333333,0.0704,18
2001,TKM,12,5.514583333,0.105564727,2.514583333,0.005666793,15
2002,TKM,11,5.666666667,0.289872242,4.166666667,0,17
2003,TKM,8,3.791666667,0.3228442,1.291666667,0,9
2004,TKM,7,4.7,0.42301136,1.7,0,9
2005,TKM,10,3.244047619,0.330389156,3.244047619,0,9
2006,TKM,12,3.239983165,0.376289559,3.239983165,0.022862487,10
2007,TKM,9,4.733333333,0.163178934,1.733333333,0.042253521,10
2008,TKM,5,2.4,0.324009038,0.9,0,8
2009,TKM,8,4.860526316,0.183428379,0.860526316,0.051434759,14
2010,TKM,14,7.017261905,0.283394018,4.017261905,0,15
2011,TKM,31,13.73333333,1.092260905,7.733333333,0.151699029,15
2012,TKM,45,14.56587302,1.240359732,11.56587302,0.171634065,16
2013,TKM,16,7.004761905,0.844545391,5.004761905,0.139360979,14
2014,TKM,45,20.91491058,1.121071302,13.41491058,0.1370633,32
2015,TKM,19,6.933333333,1.294233509,4.933333333,0.180288462,7
2016,TKM,12,4.26025641,0.972053736,3.26025641,0.117363828,10
2017,TKM,16,6.851811594,0.459642395,1.351811594,0.006345513,12
2018,TKM,11,5.254761905,1.054700944,2.254761905,0.158586316,16
2019,TKM,12,3.964725275,1.629084503,2.964725275,0.093775696,18
2020,TKM,20,9.797222222,0.272869908,2.297222222,0.002268217,15
2021,TKM,38,14.09743597,0.432039746,6.097435975,0.014781183,34
2022,TKM,37,23.0275974,0.380433196,7.027597403,0.013027846,49
2023,TKM,49,27.79462058,0.688099906,7.794620584,0.089366361,73
2024,TKM,2,1.5,0,0.5,0.333333333,2
2001,TLS,2,0.75,0.291347702,0.75,0,2
2003,TLS,2,0.5,0.91314969,0.5,0,2
2004,TLS,2,2,1.013625888,,0,2
2005,TLS,2,0.7,0.051802193,0.7,0,2
2006,TLS,9,3.087878788,0.362029802,3.087878788,0,11
2007,TLS,5,1.65,0.396839645,1.65,0,7
2008,TLS,6,2.785714286,0.721176729,1.785714286,0,5
2009,TLS,3,1.4,0.346198275,0.4,0,3
2010,TLS,2,0.5,0.75700697,0.5,0,3
2011,TLS,3,1.243589744,0.298293224,0.243589744,0.06185567,3
2012,TLS,13,5.38452381,0.749458273,3.88452381,0,26
2013,TLS,11,4.507142857,0.740786987,4.507142857,0,32
2014,TLS,23,7.653015873,0.916178538,6.653015873,0.03266686,37
2015,TLS,22,8.157042957,0.480499106,7.157042957,0,39
2016,TLS,27,6.567782218,0.805505383,6.067782218,0.011712184,25
2017,TLS,40,13.68919414,0.688037724,10.68919414,0.071832814,62
2018,TLS,47,15.86219572,0.658137167,13.36219572,0.047608738,75
2019,TLS,37,12.29660686,0.92367706,9.296606855,0.104443875,53
2020,TLS,41,12.06810874,0.524778295,8.568108736,0.003897509,58
2021,TLS,52,14.48678818,0.696206806,12.48678818,0.026460538,87
2022,TLS,53,13.86982256,0.660089672,12.86982256,0.060821956,87
2023,TLS,69,18.98039504,0.664288613,17.98039504,0.081219242,138
2024,TLS,3,0.423255814,0,0.423255814,1,3
1990,TON,1,1,0.696082696,,0,2
1991,TON,2,1.090909091,1.360419384,0.090909091,0.083333333,4
1992,TON,2,0.666666667,0.115879948,0.666666667,0,5
1993,TON,3,2.25,0,0.25,0,3
1994,TON,5,2.842857143,0.306059433,0.842857143,0.050251256,8
1995,TON,3,2.083333333,1.213347197,0.083333333,0.04,3
1997,TON,4,2.365591398,0.025197257,0.365591398,0,4
1998,TON,3,1.25,1.248254852,1.25,0.4,3
1999,TON,3,1.333333333,0.131353558,1.333333333,0,4
2000,TON,4,2.321428571,0.023081834,0.321428571,0,4
2001,TON,2,0.75,1.292565098,0.75,0,3
2002,TON,2,1.375,0.90034285,0.375,0,4
2003,TON,8,1.201165501,0.480675394,1.201165501,0,7
2004,TON,6,2.733333333,0.184512787,0.733333333,0,10
2005,TON,3,0.658333333,0.228398642,0.658333333,0,3
2006,TON,9,4.570728291,0.32440032,0.570728291,0.01823196,9
2007,TON,7,2.608333333,0.339769568,1.608333333,0,9
2008,TON,4,0.446428571,1.167253143,0.446428571,0.16,3
2009,TON,10,2.53550543,1.182751084,2.53550543,0.145469522,13
2010,TON,6,2.275,0.954584218,1.275,0.054945055,6
2011,TON,11,3.127197802,0.394092325,2.127197802,0,12
2012,TON,6,1.833333333,0.640897798,1.333333333,0,11
2013,TON,4,1.229761905,0.351367178,1.229761905,0,7
2014,TON,7,0.896573499,2.217094624,0.896573499,0.185892921,7
2015,TON,13,2.766200874,1.038559854,2.266200874,0.116890908,12
2016,TON,13,3.481074802,0.931482345,2.981074802,0.06090854,18
2017,TON,20,7.44436552,0.36326341,5.44436552,0.019315394,36
2018,TON,23,8.000054113,0.880290819,6.000054113,0.103124302,25
2019,TON,18,5.492495586,0.449487958,2.492495586,0.011528765,25
2020,TON,28,5.672797083,0.725606291,5.672797083,0.035255976,24
2021,TON,24,4.217654862,0.849361408,3.717654862,0.048848801,32
2022,TON,25,4.904754864,1.602492067,4.904754864,0.096662514,29
2023,TON,25,4.264083097,2.048055327,4.264083097,0.15319128,32
2024,TON,1,0.6,0,0.6,1,3
1990,TTO,32,27.11428571,0.443006426,2.685714286,0.027046013,48
1991,TTO,28,24.57936508,0.182476619,2.579365079,0.009041007,68
1992,TTO,31,24.48333333,0.332264138,3.283333333,0.020422056,48
1993,TTO,36,27.98571429,0.299138164,5.985714286,0.035732517,80
1994,TTO,29,25,0.310572151,3,0.013333333,63
1995,TTO,39,24.58538961,0.304665277,6.08538961,0,55
1996,TTO,44,25.5274531,0.349313621,10.36078644,0.014690067,66
1997,TTO,33,18.51193708,0.285853679,8.261937083,0.0031776,50
1998,TTO,57,29.92366271,0.601738469,14.92366271,0.043072564,74
1999,TTO,46,28.41666804,0.382505923,12.3333347,0.011581721,99
2000,TTO,40,19.23171551,0.464302233,9.231715507,0.031776214,63
2001,TTO,47,25.39291005,0.34595719,10.89291005,0.006563512,74
2002,TTO,58,32.14954526,0.534183176,13.64954526,0.035548159,95
2003,TTO,61,32.07529497,0.422982303,13.1586283,0.013226454,88
2004,TTO,70,34.90604575,0.670515686,15.90604575,0.013687537,78
2005,TTO,76,43.66054625,0.510278505,17.46054625,0.034381074,106
2006,TTO,52,25.65,0.337619466,15.65,0.027290448,70
2007,TTO,72,35.75840081,0.335891837,16.65840081,0,103
2008,TTO,90,49.27489912,0.421459031,24.77489912,0.001193783,134
2009,TTO,129,74.00053798,0.549691657,28.00053798,0.018712185,126
2010,TTO,133,78.77559721,0.35333554,27.27559721,0.004400686,154
2011,TTO,144,71.67973006,0.579490436,37.17973006,0.04987463,169
2012,TTO,97,48.89121621,0.313294704,23.89121621,0.026560965,130
2013,TTO,89,46.87561383,0.411624872,19.92561383,0.014099209,133
2014,TTO,115,64.87932983,0.411650319,25.37932983,0.035232198,166
2015,TTO,81,35.594147,0.635670927,19.094147,0.106654485,122
2016,TTO,115,64.58488421,0.524485003,26.25155087,0.041778465,172
2017,TTO,85,38.63881237,0.710077576,23.30547904,0.049573145,121
2018,TTO,141,77.4741457,0.374218048,33.2241457,0.022389493,222
2019,TTO,129,54.29536933,0.580530251,34.04536933,0.055393839,197
2020,TTO,113,52.3004204,0.397283746,27.3004204,0.028026659,188
2021,TTO,153,68.58685917,0.413051737,40.33685917,0.047915207,241
2022,TTO,150,62.92897253,0.653439207,34.67897253,0.060469443,204
2023,TTO,134,53.87593953,0.826828977,32.12593953,0.084237395,205
2024,TTO,3,0.790909091,2.316142665,0.790909091,1,5
1990,TUN,378,341.7222077,0.133992284,14.2222077,0.013370649,929
1991,TUN,343,290.2316563,0.162943808,30.33165625,0.0034185,903
1992,TUN,335,281.9587754,0.167634405,28.95877543,0.00528052,918
1993,TUN,378,327.8228573,0.194783757,20.12285727,0.013783553,1022
1994,TUN,456,392.6952194,0.20008556,36.19521936,0.004537165,1172
1995,TUN,387,319.7582992,0.2859162,35.99639448,0.012312873,1065
1996,TUN,475,361.2430145,0.25239703,69.63626848,0.003131739,1163
1997,TUN,612,449.4891513,0.351895989,100.7871671,0.016346149,1391
1998,TUN,701,524.4881522,0.31572074,108.1298189,0.008565918,1552
1999,TUN,751,555.3705983,0.350837414,115.1331344,0.0140375,1600
2000,TUN,845,616.6253623,0.412654745,133.9678226,0.024335968,1819
2001,TUN,1022,772.946791,0.425351102,154.7991719,0.021109763,2335
2002,TUN,1230,926.8903594,0.425710239,195.761788,0.021145317,2655
2003,TUN,1354,1000.694381,0.403663851,243.5692811,0.020271985,2941
2004,TUN,1732,1299.238405,0.443707325,312.4622358,0.025670334,3625
2005,TUN,2195,1658.78843,0.443072201,382.4569261,0.024527732,4529
2006,TUN,2592,1942.849055,0.504241633,434.4763637,0.033965166,5154
2007,TUN,3023,2272.728491,0.557023326,554.5185829,0.039545868,5795
2008,TUN,3626,2724.259548,0.572972165,649.7599557,0.035009725,6520
2009,TUN,4273,3194.391057,0.608860752,781.9937987,0.043999882,7303
2010,TUN,4631,3433.690385,0.589489097,867.4430548,0.035540308,8084
2011,TUN,5137,3752.24814,0.598622214,950.5234283,0.040776451,8683
2012,TUN,5307,3854.782954,0.665139594,985.2377163,0.053880018,8932
2013,TUN,5839,4286.431397,0.633199016,1081.835798,0.044508686,9692
2014,TUN,6394,4618.695662,0.646575879,1252.757742,0.047753754,10319
2015,TUN,6979,4947.943951,0.656901312,1492.852682,0.049035349,11134
2016,TUN,7968,5629.269114,0.676604437,1746.600693,0.052081026,12302
2017,TUN,8577,6098.541873,0.692464804,1844.231159,0.051456112,12994
2018,TUN,7810,5375.764833,0.68308034,1750.148899,0.054054246,12722
2019,TUN,7918,5346.341548,0.71627321,1893.323388,0.057890399,12656
2020,TUN,8224,5341.736428,0.745397425,1975.277046,0.068162752,12835
2021,TUN,8805,5563.953672,0.736569302,2091.12507,0.062509823,13599
2022,TUN,9704,6022.78087,0.815973166,2281.49916,0.079675072,14536
2023,TUN,9464,5961.081244,0.790181392,2329.993311,0.083285309,14464
2024,TUN,985,605.1702184,0.747930044,230.3130756,1,2451
1990,TUR,1895,1770.130387,0.321985168,87.2970535,0.016204984,3571
1991,TUR,1869,1706.937121,0.361198581,106.2537876,0.026275289,3597
1992,TUR,2274,2088.128668,0.348475962,131.7143826,0.018729548,4594
1993,TUR,2750,2519.497833,0.379406554,152.3644995,0.02141664,5423
1994,TUR,3210,2947.925283,0.412370703,181.59314,0.027023561,6700
1995,TUR,3657,3320.739077,0.399836096,212.931444,0.023026454,7466
1996,TUR,5649,5032.712973,0.45203272,384.6906902,0.030662459,10170
1997,TUR,5994,5353.207823,0.461982084,398.1860336,0.030336501,11076
1998,TUR,6454,5735.080085,0.467517673,446.0119368,0.027687777,11670
1999,TUR,7536,6716.577421,0.483086629,518.2702778,0.029977571,13307
2000,TUR,7646,6772.617825,0.596467511,570.2100074,0.04485063,13959
2001,TUR,9389,8493.92925,0.61018552,608.7248848,0.046764298,16844
2002,TUR,12095,10961.77281,0.598562389,760.5080271,0.044885137,20575
2003,TUR,15107,13462.03491,0.591825725,1048.64139,0.040093447,23993
2004,TUR,18057,16172.06598,0.640226372,1286.711057,0.045569708,28105
2005,TUR,19975,18020.0483,0.647733822,1348.839202,0.04813827,31916
2006,TUR,22177,19994.52291,0.673245761,1494.46666,0.052153728,35077
2007,TUR,24458,22077.17504,0.732654672,1624.61775,0.061027061,37421
2008,TUR,25291,22666.58471,0.720096727,1763.266677,0.059369456,39282
2009,TUR,29273,26357.72862,0.727183844,2029.740438,0.059558749,44812
2010,TUR,31516,28186.24773,0.663803922,2163.702992,0.051884112,48965
2011,TUR,33070,29410.49833,0.663644732,2295.119636,0.052180936,52699
2012,TUR,34400,30140.46736,0.648162169,2602.513972,0.049686147,55108
2013,TUR,37092,32484.0652,0.644046642,2809.54725,0.048187637,58752
2014,TUR,37564,32905.98568,0.645850089,2813.026838,0.049716822,62352
2015,TUR,40634,35396.11956,0.632720868,3188.745532,0.04943257,68044
2016,TUR,43791,37835.10984,0.663266862,3647.14643,0.05164831,71516
2017,TUR,42185,36109.35155,0.67695494,3697.573215,0.055099528,69902
2018,TUR,42590,36115.96864,0.707032605,3873.349956,0.057244669,69312
2019,TUR,48664,41201.77098,0.741806138,4355.385385,0.062406479,75066
2020,TUR,53929,44688.70024,0.779497804,5186.176955,0.070366814,81440
2021,TUR,61617,50507.37279,0.803309654,5969.222148,0.073109463,90841
2022,TUR,66467,53866.00592,0.822620475,6750.217388,0.076725713,100805
2023,TUR,69475,55544.81379,0.851235652,7608.60285,0.087208773,102276
2024,TUR,6782,5180.913467,0.886220132,872.410888,0.994186437,17789
1990,TUV,1,1,0,,0,1
1991,TUV,3,1.833333333,0,,0,2
2001,TUV,1,1,0.534119911,,0,2
2002,TUV,1,1,1.646482178,,0,1
2003,TUV,1,0.6,0,0.6,0,3
2004,TUV,2,0.6,1.387866776,0.6,0,4
2005,TUV,1,0.5,0.342544414,,0,1
2006,TUV,2,0.472222222,0.179492208,0.472222222,0,4
2007,TUV,2,0.611111111,1.814308263,0.611111111,0.181818182,3
2008,TUV,2,1.333333333,4.358816917,0.333333333,1,1
2009,TUV,1,0.25,0.294153293,0.25,0,1
2012,TUV,1,0.038461538,5.141684282,0.038461538,1,1
2013,TUV,1,0.333333333,0.26639651,0.333333333,0,1
2014,TUV,6,1.067244495,0.417742026,1.067244495,0.085181129,6
2015,TUV,2,1.066666667,0,0.066666667,0,2
2016,TUV,2,0.241666667,1.070168239,0.241666667,0,2
2017,TUV,3,0.53785822,1.018693925,0.53785822,0,4
2018,TUV,4,2.392857143,0.183590802,0.392857143,0,8
2019,TUV,1,0.058823529,1.850169992,0.058823529,0,1
2020,TUV,2,0.392857143,0.940774561,0.392857143,0,2
2021,TUV,2,0.2625,0.72005932,0.2625,0,2
2022,TUV,4,0.667280636,0.596761289,0.667280636,0.03842615,9
2023,TUV,2,0.327692308,0,0.327692308,0,8
1990,TWN,4170,3829.496913,0.655860041,229.1649689,0.056661871,7074
1991,TWN,4789,4402.919958,0.642635351,271.5009106,0.052768778,7989
1992,TWN,5831,5377.159388,0.610438362,318.5431539,0.044832786,9510
1993,TWN,6964,6397.936088,0.628960894,411.5610882,0.048856549,11271
1994,TWN,8337,7662.220576,0.638203656,492.7748332,0.049206588,13548
1995,TWN,9020,8235.474983,0.642984543,545.9860944,0.050881467,14405
1996,TWN,11066,9718.202048,0.698288705,832.1302977,0.055499475,16595
1997,TWN,12044,10712.95047,0.695887488,897.3986239,0.05551746,17804
1998,TWN,12532,11159.76374,0.702065649,865.6008806,0.055974639,18810
1999,TWN,12915,11601.99649,0.736950387,878.3662241,0.060045721,20101
2000,TWN,13645,12303.03728,0.784861208,986.2960306,0.065993926,21755
2001,TWN,15277,13809.77808,0.825537268,1194.360213,0.073866927,24340
2002,TWN,16351,14773.90262,0.818999397,1308.66074,0.071648031,26590
2003,TWN,18304,16224.50431,0.86170356,1457.641038,0.078469621,28607
2004,TWN,21440,19245.41582,0.877388484,1700.124832,0.079736167,33998
2005,TWN,25528,22938.21544,0.911496565,2110.032552,0.085814746,40032
2006,TWN,29247,26226.46404,0.908871149,2639.186547,0.084680991,45633
2007,TWN,31745,28391.45319,0.911607168,2831.764022,0.085755238,49550
2008,TWN,34365,30572.42686,0.946794804,3088.859941,0.0919367,53561
2009,TWN,37113,33184.09922,0.91367607,3265.066691,0.086753071,58624
2010,TWN,39375,35040.13173,0.887156988,3510.058905,0.082351446,63375
2011,TWN,42028,37361.92982,0.930677521,3814.442703,0.086230131,67920
2012,TWN,42043,36994.88992,0.892150349,4010.165327,0.08119128,68654
2013,TWN,42476,37162.36105,0.854446173,4313.039118,0.076017495,70266
2014,TWN,40576,35175.68226,0.813755943,4418.317689,0.071562063,69200
2015,TWN,37371,31609.47093,0.809850953,4508.888599,0.070448947,65811
2016,TWN,36694,30464.69449,0.812028569,4692.207907,0.067138615,64355
2017,TWN,36172,29444.57196,0.798395856,4973.868685,0.063500032,64031
2018,TWN,35781,28457.60006,0.847300168,5303.057747,0.072070741,63422
2019,TWN,37203,28979.7373,0.890495298,5835.299491,0.078052699,64810
2020,TWN,39743,29907.78474,0.901216082,6709.418743,0.077962021,66747
2021,TWN,43714,32704.0305,0.888457554,7392.860989,0.076419782,71935
2022,TWN,45156,33553.72931,0.915244914,7724.837666,0.078890109,74115
2023,TWN,41807,30708.09867,0.912409495,7192.997292,0.09246802,71107
2024,TWN,4250,2996.262156,0.980055426,790.4835842,0.997301002,12633
1990,TZA,160,120.73652,0.647195773,28.73651996,0.070752613,242
1991,TZA,146,114.7121573,0.717046486,23.04549062,0.070720962,218
1992,TZA,155,116.7698667,0.53542947,22.43653337,0.05528443,242
1993,TZA,169,124.3982559,0.583304482,35.39825591,0.032524872,277
1994,TZA,187,131.5240924,0.844404686,37.27409243,0.0682475,329
1995,TZA,198,125.7934326,0.601686047,41.4600993,0.02746377,317
1996,TZA,245,134.3264193,0.799338822,63.67641933,0.060801326,336
1997,TZA,261,142.767195,0.820888141,65.72552831,0.068436301,407
1998,TZA,230,125.9776287,0.755496108,55.11096201,0.037710295,351
1999,TZA,256,145.1284724,0.628574326,63.10228196,0.04131006,384
2000,TZA,260,158.2527316,0.662446983,59.68606497,0.050269276,424
2001,TZA,247,142.0362744,0.838612967,60.17516329,0.052707563,439
2002,TZA,283,159.33331,0.660351409,74.58330999,0.028694508,467
2003,TZA,354,171.6889704,0.877933482,88.77230372,0.07549244,506
2004,TZA,394,202.0296211,0.837355259,106.6962878,0.06370895,576
2005,TZA,454,227.3724049,0.901269155,120.2057383,0.079376792,648
2006,TZA,580,296.1973451,0.951331666,158.5306784,0.095705728,893
2007,TZA,635,327.9147615,1.004751492,164.4147615,0.074984466,949
2008,TZA,610,311.4852047,0.995460994,156.618538,0.067583776,927
2009,TZA,697,327.3628971,1.011104493,176.3192103,0.093272153,954
2010,TZA,803,379.419295,0.931023003,201.6915172,0.086252506,1165
2011,TZA,879,428.3945778,0.889649345,213.6636254,0.067790587,1249
2012,TZA,901,410.9589349,0.958814729,226.131554,0.072872481,1330
2013,TZA,1000,436.3040403,0.932953044,252.176923,0.078889076,1437
2014,TZA,1225,569.9219768,0.903233828,326.4219768,0.075391902,1891
2015,TZA,1285,578.6094146,0.864946168,350.2760812,0.057922238,1910
2016,TZA,1381,599.1611628,0.827847721,344.5540199,0.062101205,2120
2017,TZA,1500,662.3347812,0.812978666,377.1681146,0.060108538,2176
2018,TZA,1605,682.4830433,0.861933941,402.9830433,0.063908673,2396
2019,TZA,1961,878.1937774,0.857497501,480.3366346,0.072577772,2805
2020,TZA,2225,1008.887937,0.734326182,548.7212707,0.05089395,3157
2021,TZA,2516,1133.321991,0.724130255,585.5886577,0.048794798,3580
2022,TZA,2686,1322.355859,0.691908311,631.0891928,0.048792512,4039
2023,TZA,2905,1538.595955,0.687766102,636.7005005,0.071875094,4518
2024,TZA,286,146.1859339,0.892833586,56.29704503,1,801
1990,UGA,45,35.23643579,1.257394028,7.736435786,0.178407255,70
1991,UGA,37,30.575,0.662325223,3.575,0.073589534,57
1992,UGA,58,37.67916667,0.561882223,11.17916667,0.043311585,104
1993,UGA,62,45.93037241,0.993620778,11.66370574,0.085274002,106
1994,UGA,80,63.6795306,1.028266754,10.01286393,0.102605336,206
1995,UGA,90,68.74015152,0.62758092,12.24015152,0.043642615,170
1996,UGA,136,83.21062826,0.552539706,26.54396159,0.046549928,189
1997,UGA,154,88.13120491,1.081222145,30.96453824,0.067850677,213
1998,UGA,154,87.71771731,0.69790478,36.96771731,0.039360972,250
1999,UGA,176,101.2492566,1.271987092,46.28258995,0.067717915,277
2000,UGA,200,124.4327657,1.250793159,50.68276574,0.065599848,326
2001,UGA,211,131.5946542,0.861684067,46.97798751,0.063791285,362
2002,UGA,185,123.4127227,0.962698165,39.4127227,0.067494219,347
2003,UGA,272,140.0318111,0.95485441,71.69847775,0.081299963,413
2004,UGA,371,206.4346024,0.756717283,95.49015798,0.066314458,551
2005,UGA,393,213.876741,0.897076426,115.6100743,0.081252348,617
2006,UGA,425,201.5526954,1.077956571,121.2193621,0.101454266,643
2007,UGA,525,271.4760385,1.116410144,135.9927052,0.09297348,815
2008,UGA,548,255.3681891,1.199670628,145.5253319,0.13293264,914
2009,UGA,662,313.2973477,1.100300025,191.3961572,0.095336936,997
2010,UGA,833,418.8541744,1.032172807,227.5168728,0.108486732,1201
2011,UGA,937,452.5785966,1.01576236,261.6976442,0.083346499,1392
2012,UGA,992,462.722186,0.991541444,283.7444083,0.075210506,1585
2013,UGA,1033,484.76198,0.936169015,273.7036466,0.090133336,1748
2014,UGA,1181,535.7941692,1.045105356,346.3275025,0.093717907,2038
2015,UGA,1332,623.876453,0.957478889,381.876453,0.083907324,2155
2016,UGA,1403,621.4632238,0.916973476,371.6715572,0.072265803,2252
2017,UGA,1628,683.3742108,0.906408764,430.7313537,0.069693274,2548
2018,UGA,1650,708.4862955,0.83767893,439.7608053,0.069666426,2647
2019,UGA,1867,834.9569286,0.89443911,502.6235953,0.07811008,3048
2020,UGA,2235,997.8669367,0.82859814,623.20027,0.062469705,3711
2021,UGA,2760,1257.890773,0.821005656,773.9820431,0.060325151,4561
2022,UGA,2874,1278.139261,0.810015729,756.4725943,0.066772308,4966
2023,UGA,3149,1442.904219,0.764991044,866.2375525,0.075184419,5566
2024,UGA,258,113.8518394,0.825471662,66.85183936,0.998865485,754
1990,UKR,2943,2794.801267,0.128236164,133.5346004,0.006100613,6630
1991,UKR,3286,3080.650685,0.152293652,160.2578281,0.005715292,6601
1992,UKR,3440,3247.539364,0.168773192,178.0171419,0.00797916,6902
1993,UKR,4063,3767.466322,0.226851358,251.3829885,0.013171532,7402
1994,UKR,3573,3195.496122,0.279112644,302.4223126,0.014690646,6328
1995,UKR,3855,3400.299367,0.317898301,344.4565095,0.023035437,6538
1996,UKR,6020,5295.593244,0.256934269,542.7776987,0.016644473,9114
1997,UKR,6488,5647.894339,0.262997306,675.192788,0.016707376,9547
1998,UKR,6737,5862.395116,0.261961459,689.2783054,0.016380024,9206
1999,UKR,6315,5361.860643,0.286763377,759.138024,0.018742017,8956
2000,UKR,6486,5234.94915,0.287845717,809.243501,0.020048691,8679
2001,UKR,7783,6596.283345,0.286979888,963.6521757,0.020606427,10445
2002,UKR,7079,5753.193229,0.317241685,977.0063964,0.025102006,9706
2003,UKR,7103,5329.149003,0.330792256,1066.280438,0.022902931,9343
2004,UKR,7167,5371.972078,0.360036286,1110.366425,0.026955423,9276
2005,UKR,7535,5684.047994,0.367725666,1199.339156,0.023739259,9670
2006,UKR,6870,5325.332041,0.381489913,1203.709276,0.025210824,9499
2007,UKR,6991,5384.245257,0.380965782,1280.110523,0.02652319,9723
2008,UKR,7304,5706.3402,0.368920226,1268.389406,0.021972242,10232
2009,UKR,7214,5642.82768,0.366196699,1246.782691,0.023802688,10758
2010,UKR,7746,6097.07644,0.331454285,1271.220091,0.020213025,11477
2011,UKR,8169,6341.802316,0.358420713,1371.58684,0.023613161,12139
2012,UKR,8867,6902.926399,0.324205801,1368.514927,0.020419496,12859
2013,UKR,9939,7843.785198,0.360974387,1462.37273,0.024797895,14562
2014,UKR,10283,8065.818344,0.366973249,1582.634217,0.023681656,15241
2015,UKR,10845,8520.014001,0.402798419,1599.629081,0.030112124,16349
2016,UKR,11566,9002.25466,0.468425289,1767.508628,0.035417594,18059
2017,UKR,13043,10253.79982,0.605041597,1953.349067,0.056580008,21032
2018,UKR,14990,11922.29033,0.624640967,2277.941949,0.060363809,24947
2019,UKR,20320,16776.54184,0.579339136,2885.23579,0.056823251,35922
2020,UKR,22153,18417.60794,0.572868736,3097.112085,0.054508525,40614
2021,UKR,23306,19377.50907,0.613156221,3291.123994,0.059219759,43230
2022,UKR,20733,16954.47931,0.550510592,3174.308217,0.051659849,40053
2023,UKR,19646,15660.67229,0.600769015,3258.621207,0.063354193,39033
2024,UKR,842,537.3074429,0.913102208,213.1407762,0.990293311,2420
1990,UMI,1,0.5,0,0.5,0,2
2000,UMI,1,1,0.92948864,,0,4
2001,UMI,1,0.5,7.315719876,0.5,1,3
2007,UMI,1,1,10.92990712,,1,1
2008,UMI,1,0.5,0,,0,1
2009,UMI,2,2,0.565355193,,0,5
2010,UMI,1,0.333333333,0.121063732,0.333333333,0,1
2023,UMI,1,1,0,,0,1
1990,URY,107,91.79891775,0.726033545,9.998917749,0.038489924,236
1991,URY,91,68.47985528,0.505113814,11.22985528,0.027306346,199
1992,URY,135,111.6665876,0.503431806,13.66658758,0.031584408,310
1993,URY,151,116.7075347,0.553570025,19.04086804,0.044647274,308
1994,URY,148,108.4889244,0.799352273,27.48892435,0.051621492,329
1995,URY,168,123.8551157,0.599087783,33.02178238,0.041158795,367
1996,URY,273,167.9046247,0.803853226,56.43240251,0.061948789,463
1997,URY,331,205.6891268,0.669671674,72.86336917,0.045121488,610
1998,URY,335,220.7500424,0.753172932,79.58337577,0.059771885,626
1999,URY,337,205.9826923,0.88010645,78.94935893,0.085957393,568
2000,URY,364,223.2517534,0.737790041,86.21842004,0.044783293,646
2001,URY,361,237.6687123,0.789096126,78.96871229,0.056988714,728
2002,URY,406,272.6084715,0.687035829,89.10847148,0.062379868,762
2003,URY,461,282.2253042,0.735545646,113.0268915,0.048101274,772
2004,URY,518,307.7660177,0.83810275,140.0160177,0.069339672,895
2005,URY,575,348.0351676,0.701218625,138.8351676,0.043831532,971
2006,URY,603,358.2291556,0.680814344,144.5987985,0.047574376,959
2007,URY,640,390.9787762,0.756433558,150.0176651,0.04585846,1073
2008,URY,772,445.732193,0.784466686,184.9140112,0.052012923,1242
2009,URY,844,484.1490337,0.849359965,199.0518115,0.066324751,1318
2010,URY,867,503.6755163,0.792099997,202.2493258,0.06367308,1505
2011,URY,1011,576.903779,0.836324285,221.9871123,0.072411247,1621
2012,URY,1039,596.6244504,0.728537439,228.9097318,0.051779963,1694
2013,URY,1073,606.8802825,0.747347628,247.9469492,0.058879505,1660
2014,URY,1329,758.5591635,0.670123003,287.0591635,0.046845908,2067
2015,URY,1295,714.532734,0.772459532,314.1994006,0.060248164,1982
2016,URY,1506,873.4651603,0.714920428,319.381827,0.052885858,2381
2017,URY,1454,816.7676872,0.70788679,307.2438777,0.046384924,2332
2018,URY,1708,960.1709714,0.708123302,367.8876381,0.050977691,2709
2019,URY,1876,1042.441314,0.676758677,393.8030788,0.046514707,2750
2020,URY,1953,1053.821945,0.632903677,413.9886114,0.04676199,2961
2021,URY,2354,1281.115396,0.597641257,482.1405283,0.040270684,3714
2022,URY,2181,1210.504366,0.588171949,424.1536416,0.037032331,3537
2023,URY,2135,1136.800853,0.618191423,443.0710908,0.066098372,3409
2024,URY,160,85.8253741,0.980879524,31.8253741,1,411
1990,USA,273424,258691.1141,1.52824439,12692.44011,0.159258146,386723
1991,USA,276305,259983.3,1.501047134,14299.53993,0.157123967,395174
1992,USA,279787,261991.5399,1.467702907,15573.88164,0.155445749,407684
1993,USA,296877,277911.7881,1.433988208,16703.82023,0.152481318,435179
1994,USA,304769,283553.1142,1.418770049,18347.90525,0.151727724,450418
1995,USA,315439,293113.0468,1.396957641,19319.55306,0.150402118,472654
1996,USA,359996,319980.4103,1.421664587,28842.41971,0.151408413,505890
1997,USA,357078,316704.601,1.431154874,29775.43818,0.153059998,506121
1998,USA,352859,310551.3678,1.449094959,30918.91541,0.154891543,506903
1999,USA,346170,303687.222,1.43865299,30854.72009,0.154071837,502058
2000,USA,358413,315960.0681,1.457382482,32987.1423,0.157428735,526132
2001,USA,359528,317621.7169,1.511087629,32483.92929,0.166518195,543057
2002,USA,383188,338320.0379,1.506294218,36083.15066,0.164312174,575400
2003,USA,404887,346146.0184,1.493346024,43590.20377,0.159937677,571688
2004,USA,437203,376063.7037,1.470229744,47899.76536,0.158121658,623536
2005,USA,476766,406136.3908,1.457339149,54269.45437,0.156223093,671616
2006,USA,492238,415390.5263,1.463114934,58020.52128,0.156717684,696363
2007,USA,498724,418330.9986,1.449427664,60811.17509,0.155354262,715801
2008,USA,498610,418017.3214,1.45886787,61933.56908,0.156524604,729519
2009,USA,508431,426632.3668,1.462037818,64888.61355,0.156117264,751392
2010,USA,523594,436721.3989,1.470046402,68503.93273,0.1558975,780522
2011,USA,544722,451769.0752,1.458722932,73058.23141,0.15489656,814416
2012,USA,558385,457930.8674,1.437438256,77819.71074,0.152244654,846984
2013,USA,570208,462214.7923,1.429417811,82210.97026,0.151429933,870144
2014,USA,574081,461752.0796,1.440943588,85569.56841,0.153220228,897100
2015,USA,582507,463575.2101,1.401879001,88993.15033,0.149281283,928233
2016,USA,593127,466428.7179,1.389497723,92367.27659,0.145672785,950420
2017,USA,605459,471374.1434,1.356193029,95194.85124,0.140410443,983436
2018,USA,620291,477988.9026,1.333242105,99336.97175,0.138229485,1013829
2019,USA,628068,478816.6231,1.332135409,100475.2426,0.136801305,1033312
2020,USA,649483,491529.8239,1.279322606,103792.8879,0.131168968,1085183
2021,USA,675916,510338.8483,1.256070313,106606.0708,0.123888421,1146024
2022,USA,647902,485394.0459,1.206196845,101091.092,0.118932342,1136479
2023,USA,627967,469227.1798,1.163493928,97901.09646,0.117841535,1142097
2024,USA,58658,42373.47994,1.133513618,9479.855071,0.992934201,200226
1990,UZB,148,130.4782746,0.127328185,9.478274628,5.11E-04,448
1991,UZB,186,161.217107,0.121736022,15.21710699,0,501
1992,UZB,220,200.4790712,0.109539393,9.479071208,0.005257676,650
1993,UZB,258,236.1980519,0.291646714,12.69805195,0.041178115,627
1994,UZB,190,161.6239291,0.274832409,15.29059572,0.030936013,411
1995,UZB,233,192.9472846,0.191274329,19.01871321,0.010365526,477
1996,UZB,412,357.850707,0.105364662,23.35784988,0.004478901,660
1997,UZB,465,395.1966691,0.104352611,39.14666907,0.001361588,747
1998,UZB,396,349.2969403,0.116262517,30.28027361,0.004889847,688
1999,UZB,421,335.9186254,0.164955518,39.13886349,0.011889926,665
2000,UZB,427,340.45625,0.224673915,39.90625,0.023922147,667
2001,UZB,474,382.4534419,0.167016543,44.62010855,0.005143794,736
2002,UZB,414,327.743689,0.142405544,44.25202237,0.00375039,702
2003,UZB,425,283.7434409,0.230215595,66.17677423,0.014572642,607
2004,UZB,492,364.5487611,0.191131159,72.06265003,0.011255489,705
2005,UZB,478,335.0653634,0.203350193,70.26536341,0.011781639,683
2006,UZB,468,318.1764762,0.229635031,68.04314289,0.011333358,638
2007,UZB,500,334.5244803,0.265094006,86.16733748,0.015921528,728
2008,UZB,458,308.5710678,0.238481043,71.68217893,0.017205863,701
2009,UZB,518,341.5014002,0.276377646,94.00140021,0.01277294,730
2010,UZB,546,389.3967925,0.23730741,76.61901469,0.012102962,811
2011,UZB,566,383.0286717,0.242975856,96.19533834,0.010170599,900
2012,UZB,482,330.2455809,0.254504325,77.41224754,0.018106831,760
2013,UZB,527,359.7205738,0.336996236,95.88724043,0.020119728,834
2014,UZB,507,332.9116944,0.363094746,85.66169442,0.033394985,767
2015,UZB,454,300.7261839,0.29666149,71.2261839,0.021525765,733
2016,UZB,580,385.5754817,0.25314228,98.57548166,0.007681108,888
2017,UZB,564,357.4669384,0.416517401,99.05027175,0.030148329,884
2018,UZB,635,389.943278,0.540065363,101.943278,0.050182037,915
2019,UZB,1540,1197.801948,1.196545063,173.0019482,0.103422088,2654
2020,UZB,3405,2885.843402,1.295265535,329.4934025,0.150996479,6436
2021,UZB,3261,2636.204601,2.003134064,402.9557918,0.228288979,6059
2022,UZB,3442,2512.967393,1.890208812,438.7673934,0.176740878,5833
2023,UZB,6174,4719.63382,2.812432101,719.2949315,0.138325609,10246
2024,UZB,340,172.4940046,1.582837134,65.49400463,0.564943785,599
1990,VAT,6,2.833333333,0.179301999,1.833333333,0,6
1991,VAT,4,1.092857143,0.657571779,0.592857143,0,3
1992,VAT,9,2.988888889,0.634124333,2.488888889,0,7
1993,VAT,9,3.476190476,0.553453853,2.476190476,0,5
1994,VAT,6,2.375,0.292004895,1.375,0,5
1995,VAT,8,2.777777778,0.87774013,1.444444444,0,4
1996,VAT,6,1.458333333,1.462499604,1.458333333,0.228571429,4
1997,VAT,14,6.092857143,0.57731173,2.092857143,0,7
1998,VAT,6,1.527777778,1.220757548,1.527777778,0.218181818,4
1999,VAT,9,3.717857143,0.199222261,1.38452381,0,6
2000,VAT,9,3.944444444,0.278228505,1.944444444,0,8
2001,VAT,9,1.500793651,0.703973332,1.500793651,0,5
2002,VAT,10,3.598484848,0.294117802,3.098484848,0,16
2003,VAT,19,7.23452381,0.612469132,3.23452381,0.046075366,13
2004,VAT,24,9.825,0.314829353,4.825,0.033927057,17
2005,VAT,17,6.765981241,0.215367046,2.265981241,0.024633037,13
2006,VAT,18,8.035714286,0.441926255,2.535714286,0,14
2007,VAT,20,5.115239804,0.673079169,3.115239804,0.087672314,11
2008,VAT,19,5.092657554,0.600723652,3.092657554,0.087271614,13
2009,VAT,28,5.862143363,0.430396546,4.362143363,0.034250225,13
2010,VAT,34,12.44994827,0.545919329,3.949948265,0.050906903,18
2011,VAT,41,11.84281115,0.65855068,4.842811152,0.039535434,23
2012,VAT,42,14.02210982,0.410124016,4.272109818,0.020687561,21
2013,VAT,45,12.95230327,0.378962441,3.95230327,0.00808357,20
2014,VAT,42,11.50900612,0.397327915,4.509006125,0.011510866,19
2015,VAT,32,11.06940442,0.706614337,2.069404416,0.121983301,16
2016,VAT,42,16.47393838,0.702196276,3.473938378,0.072777161,25
2017,VAT,62,24.34216171,0.611443782,3.008828379,0.118634508,33
2018,VAT,69,28.66906753,0.859342324,5.669067531,0.091383431,39
2019,VAT,91,39.3843563,0.648633556,8.051022965,0.058740605,47
2020,VAT,89,37.54855515,0.340508736,6.048555154,0.02091286,39
2021,VAT,79,31.58960273,0.589674552,7.256269398,0.033165808,50
2022,VAT,68,28.10837444,0.363041167,6.608374443,0.045951765,41
2023,VAT,72,26.07338982,0.921817892,6.073389823,0.12352713,47
2024,VAT,4,0.84280303,0,0.34280303,1,3
1990,VCT,6,5.333333333,1.304307493,0.333333333,0.1875,6
1991,VCT,8,5.291666667,0.73627543,1.291666667,0.023622047,16
1992,VCT,5,3.9,0.419316667,0.9,0,11
1993,VCT,5,4.142857143,0.12751269,0.142857143,0,7
1994,VCT,6,4.666666667,0.623241534,1.666666667,0,11
1995,VCT,8,3.176190476,0.645143059,1.676190476,0,9
1996,VCT,1,0.5,0,0.5,0,2
1997,VCT,2,0.7,2.268409473,0.2,0.714285714,2
1998,VCT,1,0.2,0.831510369,0.2,0,1
1999,VCT,1,0.5,0.496073695,0.5,0,1
2000,VCT,2,0.416666667,1.124219913,0.416666667,0,2
2003,VCT,3,2,1.370171569,1,0.5,8
2004,VCT,1,0.2,1.185767268,0.2,0,1
2005,VCT,1,1,0,,0,2
2006,VCT,3,0.7,0.701103849,0.7,0,1
2007,VCT,3,0.669934641,0.227042122,0.669934641,0,3
2009,VCT,3,1.2,0.106984657,1.2,0,2
2010,VCT,5,1.466666667,1.022685076,0.966666667,0,6
2011,VCT,1,0.043478261,0,0.043478261,0,1
2012,VCT,3,1,1.13833497,1,0,3
2013,VCT,3,1.244444444,0.266547328,1.244444444,0,6
2014,VCT,5,1.508448541,0.598526988,1.508448541,0.021384929,6
2015,VCT,3,0.731452456,0.809434896,0.731452456,0.047142857,5
2016,VCT,6,2.30952381,0.837099217,1.30952381,0.108247423,7
2017,VCT,10,2.975396825,0.389432162,2.975396825,0,14
2018,VCT,6,1.946929825,0.611512175,1.946929825,0.085604866,10
2019,VCT,10,4.144755245,0.61963334,1.144755245,0.090475789,17
2020,VCT,13,3.313660754,0.669622923,2.563660754,0.045096979,16
2021,VCT,20,5.869369167,0.696187648,3.7027025,0.085188031,23
2022,VCT,15,3.01441516,0.398413485,2.01441516,0.001316426,18
2023,VCT,11,2.009167834,0.314552143,1.009167834,0.019968573,14
2024,VCT,4,1.257575758,8.011621195,0.257575758,1,4
1990,VEN,563,477.8656793,0.59114141,55.94901268,0.027359409,1114
1991,VEN,595,485.6564059,0.593596557,78.13973921,0.038063105,1246
1992,VEN,602,485.3266943,0.512994003,75.03502764,0.033629777,1206
1993,VEN,691,569.9413978,0.58588295,74.97473111,0.0571936,1409
1994,VEN,710,584.4586365,0.561058627,84.38171345,0.034873542,1439
1995,VEN,834,683.3833777,0.514386362,99.61671107,0.032806236,1662
1996,VEN,1061,791.3137428,0.532927263,163.3411238,0.032211912,1886
1997,VEN,1251,958.7737746,0.564099496,199.3252398,0.036379388,2330
1998,VEN,1230,929.817896,0.542834493,199.3790071,0.039799306,2177
1999,VEN,1293,959.6538251,0.552159214,204.3637457,0.038994116,2473
2000,VEN,1394,1069.647373,0.581711638,188.1529649,0.037962647,2567
2001,VEN,1430,1070.096176,0.592190529,205.1473661,0.047449475,2760
2002,VEN,1477,1089.925584,0.488785594,221.1910597,0.029358323,2872
2003,VEN,1628,1193.358499,0.473559633,263.1494804,0.0278412,3040
2004,VEN,1576,1114.715998,0.48148087,292.0540932,0.026095177,3114
2005,VEN,1854,1325.254204,0.519674514,334.0613466,0.034773139,3532
2006,VEN,1986,1437.167144,0.418434649,330.2686053,0.025933998,3920
2007,VEN,2006,1458.776948,0.475428124,362.1293291,0.035022458,4119
2008,VEN,2295,1694.010485,0.374342737,391.031309,0.022343178,4682
2009,VEN,2342,1739.616299,0.35120041,354.5926336,0.022270974,4904
2010,VEN,2153,1556.428722,0.384311745,357.2096748,0.022999772,4494
2011,VEN,1902,1338.065798,0.365707128,320.9976907,0.022842323,4115
2012,VEN,1978,1447.105509,0.333566416,314.7515407,0.021566442,4237
2013,VEN,1866,1299.034739,0.338210016,306.670453,0.019931147,3810
2014,VEN,1908,1308.426986,0.324192149,319.993653,0.020799687,3872
2015,VEN,1675,1104.467083,0.369751626,318.2254159,0.025292035,3495
2016,VEN,1584,976.0443529,0.366543953,328.7481991,0.017612986,3127
2017,VEN,1659,981.4567678,0.383723927,362.1061184,0.022156516,3199
2018,VEN,1513,820.2135393,0.412376385,367.3087773,0.031902093,2727
2019,VEN,1602,897.0561905,0.36390091,367.5589683,0.025903843,2848
2020,VEN,1539,812.185052,0.394260998,351.6699726,0.030371273,2548
2021,VEN,1599,814.9624958,0.349971309,344.7541625,0.024489492,2426
2022,VEN,1352,670.8438147,0.349315767,287.027148,0.019950124,2069
2023,VEN,1153,502.2262217,0.367078306,252.7487781,0.029008492,1692
2024,VEN,75,33.33350962,0.103695207,14.83350962,0.985000079,162
1991,VGB,1,1,0.354639151,,0,1
1992,VGB,1,0.5,2.918195971,0.5,1,1
1993,VGB,2,2,0,,0,1
1997,VGB,1,0.058823529,3.075595355,0.058823529,1,1
1998,VGB,2,2,0,,0,3
1999,VGB,4,4,0.170672,,0,5
2000,VGB,3,1.422222222,0.309216912,0.422222222,0,5
2001,VGB,2,1.333333333,0.451549044,0.333333333,0,2
2004,VGB,2,1.2,0.663702931,0.2,0,5
2005,VGB,2,2,0.334173062,,0,4
2006,VGB,6,2.621428571,0.906232071,0.621428571,0.065395095,5
2007,VGB,15,5.665203729,0.365231477,1.331870396,0,9
2008,VGB,6,0.500032321,1.678925615,0.500032321,0.133324715,2
2009,VGB,14,3.562963045,0.462405405,1.362963045,0.069386693,6
2010,VGB,6,0.55765489,1.87089076,0.35765489,0.085391608,2
2011,VGB,13,2.958979178,0.604921666,1.958979178,0.047490323,11
2012,VGB,5,0.573148148,0.849897576,0.573148148,0.064620355,5
2013,VGB,7,0.81708708,1.180738978,0.81708708,0.305964941,4
2014,VGB,7,2.916781874,0.339700716,0.916781874,0.011059471,9
2015,VGB,4,1.694444444,3.721323802,0.694444444,0.590163934,5
2016,VGB,8,2.663260582,0.340401744,1.663260582,0,11
2017,VGB,3,0.212637363,3.622268461,0.212637363,0.832041344,2
2018,VGB,2,0.75,0.449127059,0.75,0,6
2019,VGB,6,0.652694572,0.877802647,0.652694572,0,6
2020,VGB,7,1.675636766,0.246655583,1.675636766,0,10
2021,VGB,9,2.88955946,0.61294376,2.88955946,0,21
2022,VGB,11,3.521500722,0.477680467,2.521500722,0.001126864,22
2023,VGB,6,5.236363636,0.446692093,1.236363636,0,16
1990,VIR,5,3.916666667,0.661323251,0.916666667,0,8
1991,VIR,5,3.619047619,0.959691435,0.619047619,0.078947368,9
1992,VIR,4,1.583333333,0.43175739,1.583333333,0,5
1993,VIR,10,6.75,0.877808458,2.25,0.148148148,11
1994,VIR,10,6.726190476,1.063623386,1.476190476,0.22300885,9
1995,VIR,7,5.366666667,0.946835537,1.366666667,0,10
1996,VIR,13,6.111111111,0.598539546,2.111111111,0.054545455,12
1997,VIR,11,5.80952381,0.267361263,3.30952381,0.028688525,16
1998,VIR,14,6.416666667,0.620369437,2.416666667,0,19
1999,VIR,12,6.73452381,1.298234374,2.73452381,0.098992399,18
2000,VIR,13,8.833333333,0.543183523,1.583333333,0.037735849,14
2001,VIR,12,8.902777778,0.513562793,1.902777778,0,13
2002,VIR,6,3.116666667,0.430630937,1.116666667,0,8
2003,VIR,21,10.26785714,0.486795611,7.767857143,0,20
2004,VIR,20,10.33939394,0.690100254,5.339393939,0.064478312,28
2005,VIR,22,11.2452381,0.699416358,4.745238095,0.022231632,20
2006,VIR,26,13.22094572,1.095511517,6.220945721,0.151275109,30
2007,VIR,24,9.371428571,0.703771754,5.371428571,0.076854675,30
2008,VIR,18,10.1352381,0.855845217,4.635238095,0.062676189,28
2009,VIR,17,6.693290043,1.124423472,3.693290043,0.161853636,19
2010,VIR,24,13.47690476,0.635640099,4.476904762,0.023991661,28
2011,VIR,21,10.29285714,0.803546717,7.292857143,0.12630118,19
2012,VIR,17,6.09534632,0.499571409,3.512012987,0,26
2013,VIR,23,9.16022126,0.873542269,6.16022126,0.069096203,31
2014,VIR,32,9.731998602,0.890897906,7.731998602,0.05127497,39
2015,VIR,26,8.520547916,0.75399657,5.520547916,0.078686788,26
2016,VIR,51,16.59921493,0.789711659,10.7658816,0.097758096,55
2017,VIR,31,8.746415339,0.792127358,6.746415339,0.09269961,50
2018,VIR,45,13.02351796,0.514865849,7.023517965,0.037846656,44
2019,VIR,41,9.435225369,0.75612716,7.435225369,0.003312057,40
2020,VIR,40,12.43633301,0.658158455,9.436333015,0.076159335,48
2021,VIR,57,19.21410968,0.791465358,16.41410968,0.092765969,91
2022,VIR,55,13.1954504,0.630921872,10.1954504,0.082854791,69
2023,VIR,57,15.07200372,0.526555008,10.07200372,0.066356708,57
2024,VIR,5,1.247655123,0,1.247655123,1,8
1990,VNM,119,90.02223495,0.376371608,18.02223495,0.029622311,197
1991,VNM,131,95.03730159,0.583864523,22.20396825,0.079442491,201
1992,VNM,138,91.09419192,0.698790571,33.59419192,0.074295155,191
1993,VNM,127,85.93095238,0.786299244,29.09761905,0.057225716,201
1994,VNM,177,120.1201533,0.684080524,40.28681999,0.085490841,269
1995,VNM,196,125.3620045,0.460845684,44.69533783,0.019629613,287
1996,VNM,293,173.4835796,0.656873257,70.5002463,0.043652638,423
1997,VNM,327,193.5816328,0.575906957,80.83163284,0.035259913,487
1998,VNM,313,163.871342,0.649284324,73.94038957,0.046457759,487
1999,VNM,361,200.1346376,0.546048177,90.03344708,0.037029407,595
2000,VNM,388,190.4562752,0.725623287,97.82294189,0.053522549,592
2001,VNM,419,226.9513102,0.752930846,92.95131017,0.072570411,695
2002,VNM,431,228.2763468,0.669878969,103.9430134,0.050460114,720
2003,VNM,621,296.6024884,0.693944824,156.0608217,0.060018556,909
2004,VNM,685,329.9272806,0.812317842,177.7772806,0.060251829,1066
2005,VNM,827,397.4269868,0.84889629,213.7603202,0.064929534,1200
2006,VNM,935,433.8933521,0.74726196,238.3933521,0.064025643,1425
2007,VNM,1065,504.8918426,0.834531618,269.536287,0.074498374,1598
2008,VNM,1443,763.4100875,0.794789633,370.4100875,0.061873334,2191
2009,VNM,1643,883.2877386,0.815971094,392.271072,0.082918557,2553
2010,VNM,2033,1097.34731,0.783650778,460.5973098,0.070911198,2971
2011,VNM,2254,1226.306536,0.793409263,522.3280008,0.06768626,3429
2012,VNM,2942,1582.685415,0.741931033,654.3913671,0.059228796,4238
2013,VNM,3494,1912.187675,0.757023352,771.0198175,0.068795078,5117
2014,VNM,3754,2023.837058,0.772229735,863.487058,0.061820623,5500
2015,VNM,4318,2350.658313,0.828649354,987.6154557,0.073528557,6456
2016,VNM,5589,3205.63375,0.796416763,1208.00875,0.065101752,8968
2017,VNM,6314,3496.743098,0.883380058,1455.340717,0.080862808,9442
2018,VNM,8442,4772.004596,0.920477823,1912.528405,0.091414809,12461
2019,VNM,12218,7081.306401,0.961413586,2833.732757,0.096487591,16903
2020,VNM,17301,10140.29032,0.995545763,3833.747536,0.110311555,22396
2021,VNM,17332,10698.88516,0.942901531,3636.554012,0.097673922,26301
2022,VNM,17180,11321.52455,0.91433634,3546.293385,0.091600474,29029
2023,VNM,17878,12360.63941,0.872364178,3506.737151,0.089249198,32232
2024,VNM,1937,1365.819821,0.803494113,366.8631541,0.998691262,5123
1990,VUT,2,2,0.222312394,,0,4
1991,VUT,2,1.5,0.179873777,0.5,0,3
1992,VUT,8,5.290909091,0.643644641,1.290909091,0,11
1993,VUT,2,2,0,,0,3
1994,VUT,8,5.5,0.39758349,2.5,0,8
1995,VUT,1,0.125,0.868682057,0.125,0,2
1996,VUT,4,1.791666667,1.714769523,1.291666667,0.348837209,7
1997,VUT,8,3.179281874,0.082463188,0.679281874,0,10
1998,VUT,3,0.916666667,1.143598114,0.916666667,0,6
1999,VUT,9,5.319444444,0.342042551,1.319444444,0,10
2000,VUT,9,3.467127496,1.451909345,1.967127496,0.152452262,17
2001,VUT,4,2.590909091,0.50567812,0.590909091,0,8
2002,VUT,8,5.730769231,0.362114806,1.730769231,0,14
2003,VUT,9,5.566666667,0.295495289,2.566666667,0,13
2004,VUT,13,9.386904762,0.331046668,1.886904762,0,16
2005,VUT,17,10.71911977,0.583424281,1.219119769,0.103656936,23
2006,VUT,11,4.711680672,1.788008618,2.211680672,0.070746164,15
2007,VUT,8,2.31984127,0.590691832,2.31984127,0,8
2008,VUT,9,2.972408964,1.964294486,1.972408964,0.16821373,14
2009,VUT,14,4.251226551,0.454554957,2.251226551,0,17
2010,VUT,16,6.987878788,0.917069118,4.487878788,0,29
2011,VUT,17,5.450727867,0.658092082,2.950727867,0.061153912,20
2012,VUT,21,4.514880952,0.661891282,3.514880952,0,16
2013,VUT,22,4.929019083,1.075635854,2.929019083,0.052080338,27
2014,VUT,30,9.152140155,0.478581348,6.152140155,0,32
2015,VUT,30,5.882681897,0.687836796,5.882681897,0.050737519,32
2016,VUT,36,8.392997095,0.600127318,5.892997095,0.048867517,39
2017,VUT,31,5.706874723,0.725441061,4.706874723,0.007457293,38
2018,VUT,24,7.497252523,0.545567134,3.497252523,0.017322363,37
2019,VUT,37,10.61082449,0.555824984,7.610824493,0.002048769,48
2020,VUT,43,10.17263319,1.105089068,8.839299852,0.113059241,56
2021,VUT,46,14.56446967,0.703074257,11.56446967,0.060350058,86
2022,VUT,49,14.68250746,0.78619863,13.68250746,0.071765808,73
2023,VUT,37,10.69265368,2.057673909,9.69265368,0.229482138,81
2024,VUT,2,1.25,0,0.25,1,2
2005,WLF,1,0.2,0.155945225,0.2,0,1
2007,WLF,1,0.285714286,0.67901051,0.285714286,0,2
2008,WLF,1,0.166666667,0,0.166666667,0,1
2009,WLF,1,1,0.150414975,,0,3
2010,WLF,1,0.125,0.778650257,0.125,0,1
2011,WLF,2,1.055555556,0.878604725,0.055555556,0,10
2013,WLF,2,0.897435897,0.77617206,0.897435897,0,7
2015,WLF,2,0.717647059,0.661295369,0.717647059,0,5
2017,WLF,1,0.666666667,0,0.666666667,0,2
2019,WLF,2,0.25,0.331758075,0.25,0,2
2020,WLF,3,0.198464912,0.206326688,0.198464912,0,4
2022,WLF,2,1.066666667,0.118908668,0.066666667,0,2
1990,WSM,3,3,0,,0,5
1991,WSM,4,4,0,,0,6
1992,WSM,10,9.555555556,0.241124056,0.555555556,0,36
1993,WSM,8,8,0.089393763,,0,22
1994,WSM,12,11.42857143,0.776327682,0.428571429,0.125,22
1995,WSM,7,5.119047619,0.44543496,1.119047619,0,13
1996,WSM,2,1.333333333,0,0.333333333,0,2
1997,WSM,6,3.533333333,0.771919368,1.533333333,0,11
1998,WSM,7,4.083333333,0.076472489,1.083333333,0,7
1999,WSM,10,5.866666667,0.524342815,1.033333333,0,12
2000,WSM,5,4.5,0.084856544,1.5,0,11
2001,WSM,6,3.592592593,0.351847577,0.259259259,0.010309278,8
2002,WSM,7,4.444444444,0.579090372,1.444444444,0,9
2003,WSM,4,2.076923077,0.466915322,1.076923077,0,8
2004,WSM,4,0.811111111,0.53128661,0.811111111,0,6
2005,WSM,7,2.753623188,0.500308866,1.753623188,0,6
2006,WSM,15,8.975490196,0.341067113,2.975490196,0.027853632,20
2007,WSM,6,3.433333333,0.018033438,1.433333333,0,8
2008,WSM,12,3.727355977,0.90336977,1.227355977,0.044714448,9
2009,WSM,21,6.023124478,0.749911242,4.023124478,0.044897971,14
2010,WSM,16,6.031573499,1.475985603,3.031573499,0.191452845,15
2011,WSM,19,5.767857143,1.057372886,4.267857143,0.063570691,24
2012,WSM,11,2.341520468,1.245557007,2.341520468,0.196865634,13
2013,WSM,15,4.40995671,0.946721318,4.40995671,0.050391021,23
2014,WSM,21,8.422307025,0.883237491,2.422307025,0.12093106,26
2015,WSM,17,6.139569907,0.474847428,4.139569907,0.002395263,38
2016,WSM,20,6.752089921,0.423877578,2.752089921,0.025441549,32
2017,WSM,27,9.291503536,0.65867641,4.291503536,0.044345572,30
2018,WSM,30,10.60729697,0.543822302,6.107296971,0.02289529,42
2019,WSM,40,11.73920266,0.439662795,8.739202656,0.006767849,57
2020,WSM,55,15.78982956,0.471217456,12.78982956,7.57E-04,85
2021,WSM,78,22.73046628,0.555540422,20.39713295,0.02825366,82
2022,WSM,66,21.66379069,0.677674074,13.66379069,0.083361988,102
2023,WSM,70,22.07283744,0.833701059,16.07283744,0.128072827,93
2024,WSM,3,1.24025974,0,1.24025974,1,11
1993,YDX,1,1,0.852256128,,0,3
1990,YEM,32,23.64285714,0.424439949,5.30952381,0.042296073,42
1991,YEM,29,17.87460317,0.475190552,7.374603175,0.041958973,45
1992,YEM,22,15.07202381,0.370642851,4.07202381,0.011058015,28
1993,YEM,29,20.90238095,0.271411381,3.902380952,0,41
1994,YEM,25,17.60437406,0.12268489,3.604374057,0,34
1995,YEM,26,16.06666667,0.372500864,5.733333333,0.012448133,41
1996,YEM,35,20.16944444,0.320442419,8.669444444,0.016526649,50
1997,YEM,47,32.44086453,0.40740291,8.440864528,0,69
1998,YEM,49,30.76309524,0.261153052,7.429761905,0.002167099,66
1999,YEM,47,29.20546953,0.265286734,7.70546953,0.017120081,72
2000,YEM,45,24.72198413,0.361213404,9.701984127,0.015730489,72
2001,YEM,66,45.14702381,0.421301327,10.14702381,0.008306195,109
2002,YEM,41,28.45,0.400203549,6.916666667,0.008787346,63
2003,YEM,49,32.44047619,0.452387133,8.94047619,0.025688073,81
2004,YEM,68,42.60793651,0.306041398,11.64126984,0.003352829,95
2005,YEM,76,46.01371961,0.43430229,13.59705295,0.017627593,109
2006,YEM,100,55.06683502,0.400756872,19.56683502,0.00232347,152
2007,YEM,100,51.90004718,0.443630278,18.73338051,0.025836375,135
2008,YEM,131,68.19005529,0.414914433,26.69005529,0.013763417,170
2009,YEM,183,87.98753746,0.579373148,39.8208708,0.046688529,225
2010,YEM,218,116.1052546,0.508439739,46.18858798,0.02092296,284
2011,YEM,264,123.1667877,0.575436989,59.41678768,0.041584468,292
2012,YEM,298,129.3464038,0.57630284,68.12140384,0.02615321,315
2013,YEM,345,146.280374,0.594237878,80.1970407,0.041261272,384
2014,YEM,381,177.0614967,0.569122931,87.89483006,0.033784868,464
2015,YEM,329,127.7068551,0.562441249,74.70685514,0.032076666,344
2016,YEM,376,139.3297576,0.693639619,82.99642431,0.052097742,383
2017,YEM,460,150.3901603,0.870086549,102.556827,0.083333575,450
2018,YEM,535,167.9631419,0.924318884,111.6631419,0.081098878,484
2019,YEM,709,242.8286234,1.154011036,169.3286234,0.115729627,712
2020,YEM,1086,349.9482742,1.324353425,246.1982742,0.158261879,838
2021,YEM,1594,512.7336112,1.372784719,345.2336112,0.180240169,1215
2022,YEM,1845,509.3174209,1.411286321,382.8174209,0.173754194,1306
2023,YEM,1722,508.6357181,1.661474225,365.4690514,0.163324465,1404
2024,YEM,182,55.1192268,0.975723234,38.6192268,0.996976252,238
1990,YUG,509,455.2222676,0.213828243,30.22226756,0.014278739,1079
1991,YUG,297,243.1871184,0.27623743,34.52045177,0.014220874,577
1992,YUG,185,143.7170635,0.297662591,26.71706349,0.018554976,399
1993,YUG,139,110.6807692,0.26332456,18.43076923,0.024781696,317
1994,YUG,135,110.2335165,0.578897826,19.23351648,0.052917965,347
1995,YUG,122,98.12857143,0.36617737,19.12857143,0.022929102,276
1996,YUG,167,121.0451049,0.303134553,26.18796204,0.018175043,376
1997,YUG,222,168.4276057,0.287450961,31.17205017,0.026123984,483
1998,YUG,174,137.8837302,0.363735864,23.86706349,0.021757462,363
1999,YUG,214,150.5340188,0.212427325,32.66259019,0.010794902,388
2000,YUG,184,134.7984306,0.316125529,30.79843062,0.02233231,395
2001,YUG,132,100.9035714,0.220755255,18.15357143,0.014315097,336
2002,YUG,135,98.23047343,0.292608312,22.03047343,0.016033721,329
2003,YUG,161,96.76291209,0.458849154,39.51291209,0.023769438,309
2004,YUG,153,91.1068807,0.369667579,38.02995762,0.018293532,281
2005,YUG,203,125.0701324,0.326432586,43.8201324,0.018563012,354
2006,YUG,144,75.55174045,0.3579896,28.88507379,0.004436785,287
2007,YUG,192,95.86607233,0.723139621,55.96607233,0.065145447,387
2008,YUG,25,12.2501073,0.202662948,4.9501073,0.003023405,45
2009,YUG,14,5.630555556,0.150477719,2.130555556,0,23
2010,YUG,11,4.247619048,0.255600654,0.738095238,0,17
2011,YUG,28,7.079304029,0.183964673,0.993589744,0.01086591,33
2012,YUG,10,2.952675257,0.22045031,0.144341924,0,11
2013,YUG,4,1.353968254,0.408838349,0.353968254,0,4
2014,YUG,9,2.45952381,0.511026119,2.45952381,0,18
2015,YUG,13,3.800385005,0.571491201,3.800385005,0.002082312,26
2016,YUG,30,5.807781122,0.501820646,4.807781122,0.021864482,38
2017,YUG,42,9.01598699,1.518202794,8.01598699,0.146411958,47
2018,YUG,19,8.543704951,0.263918368,4.543704951,0.027184701,27
2019,YUG,1,0.333333333,0,0.333333333,0,1
2020,YUG,3,1.392857143,0.390593817,0.392857143,0,7
2021,YUG,15,4.699542125,0.68979403,2.699542125,0.097527232,22
2022,YUG,12,6.001002063,0.07949856,1.001002063,0.002848527,16
2023,YUG,55,22.50987734,0.766674824,12.50987734,0.095562987,71
2024,YUG,14,3.787612388,5.662969769,3.120945721,1,18
1990,YUX,199,177.9083694,0.088332331,10.90836941,0.002810436,444
1991,YUX,141,115.2706867,0.189243617,13.07068668,0.018104833,315
1992,YUX,73,54.55039683,0.155079697,9.050396825,0,176
1993,YUX,38,27.8452381,0.192604368,5.845238095,0.017956392,103
1994,YUX,36,28.75952381,0.136522253,4.75952381,0.017385545,91
1995,YUX,27,23.54285714,0.235520712,1.542857143,0,55
1996,YUX,28,25.95,0.112256524,0.95,0,72
1997,YUX,35,31.16666667,0.119695519,1.666666667,0,86
1998,YUX,40,34.63333333,0.047419771,2.633333333,0,75
1999,YUX,31,26.56666667,0.145556667,1.4,0,69
2000,YUX,29,25.34285714,0.117994659,1.342857143,0,70
2001,YUX,38,31.31944444,0.09715267,3.319444444,0,63
2002,YUX,28,18.58095238,0.102327932,5.580952381,0,47
2003,YUX,31,19.90847763,0.10941971,7.408477633,0,51
2004,YUX,38,21.59556914,0.150645129,7.17890247,0,52
2005,YUX,36,19.48787879,0.304258812,9.737878788,0,69
2006,YUX,28,15.54686147,0.620299266,7.346861472,0.047781808,47
2007,YUX,33,13.43874269,0.793144907,8.605409357,0.082679692,48
2008,YUX,6,1.854761905,0.132035158,1.354761905,0,8
2009,YUX,1,0.125,0.482912574,0.125,0,2
2011,YUX,1,0.2,0,,0,1
1990,ZAF,3728,3465.544993,0.801355159,199.9620868,0.065712771,5222
1991,ZAF,3811,3518.96434,0.717861982,208.3810069,0.06273375,5310
1992,ZAF,3736,3420.644477,0.719630174,230.24289,0.060452808,5233
1993,ZAF,3836,3489.874083,0.624291787,240.9046384,0.044924031,5350
1994,ZAF,4174,3745.592191,0.65752868,292.9777796,0.048494918,5688
1995,ZAF,4146,3719.252255,0.640479742,294.4379689,0.047972753,5915
1996,ZAF,4850,4079.788276,0.671418724,523.612482,0.057059288,6140
1997,ZAF,4889,4053.76237,0.693697473,586.6525207,0.057245823,6345
1998,ZAF,5013,4123.711521,0.678093995,594.6073789,0.059107292,6434
1999,ZAF,5158,4217.832954,0.714351649,628.8046983,0.05879277,6693
2000,ZAF,5138,4188.513855,0.722534092,628.6686174,0.059394961,6783
2001,ZAF,5318,4420.39496,0.75201121,641.1580548,0.063193244,7259
2002,ZAF,5773,4766.134249,0.782789927,711.2473446,0.066630174,7640
2003,ZAF,6114,4719.458219,0.759065018,963.7381973,0.062738438,7386
2004,ZAF,7064,5438.26216,0.737355301,1122.458913,0.062916818,8648
2005,ZAF,7583,5760.809544,0.781360978,1216.955266,0.075008443,9155
2006,ZAF,8509,6441.090486,0.844165577,1351.710185,0.078865749,9961
2007,ZAF,8800,6565.515639,0.835760154,1524.819543,0.074736681,10501
2008,ZAF,9608,7161.866699,0.844315202,1578.609917,0.072945588,11431
2009,ZAF,10728,7956.224701,0.832443432,1813.442991,0.073640712,12444
2010,ZAF,11648,8595.614523,0.890781941,1939.619862,0.076423636,13396
2011,ZAF,13128,9580.904298,0.811155427,2233.97765,0.069592727,15327
2012,ZAF,14537,10391.80727,0.820159271,2403.856371,0.070719347,15839
2013,ZAF,15945,11353.4647,0.837111348,2739.544862,0.074158937,17592
2014,ZAF,18675,13302.9297,0.804906907,2993.806972,0.067938925,19807
2015,ZAF,18947,13140.20038,0.828769503,3220.176832,0.074199441,20727
2016,ZAF,20914,14250.79508,0.835939276,3609.554556,0.072117445,22764
2017,ZAF,22582,15374.57733,0.83307321,4029.480897,0.071204895,24089
2018,ZAF,24194,16208.80753,0.824213791,4348.252196,0.071481816,26135
2019,ZAF,26837,17989.03438,0.835587711,4919.50474,0.073518951,28088
2020,ZAF,28667,18832.39178,0.842176127,5375.709289,0.078117038,32711
2021,ZAF,30378,19136.61509,0.82433841,5663.612334,0.06963595,31601
2022,ZAF,31041,19217.84295,0.875315811,5765.757078,0.075306169,32147
2023,ZAF,29785,17739.98724,0.822942406,5589.568124,0.081006734,31196
2024,ZAF,2461,1318.499793,1.184920156,520.2997931,0.9953055,4864
1990,ZAR,9,8.014492754,0.175266318,1.014492754,0,25
1991,ZAR,11,9.681818182,0.548560219,0.681818182,0.070422535,36
1992,ZAR,14,10.49166667,0.789680595,1.491666667,0.031771247,34
1993,ZAR,6,4.544117647,0.976606785,0.544117647,0.064724919,20
1994,ZAR,5,3.083333333,2.605510631,1.083333333,0.108108108,9
1995,ZAR,8,8,0.181380239,,0,29
1996,ZAR,4,0.678113553,0.851237229,0.678113553,0.113436867,4
1997,ZAR,3,1.455555556,0.835546582,0.455555556,0,4
2001,ZAR,3,3,0,,0,1
2008,ZAR,1,1,0,,0,1
1990,ZMB,81,60.35515873,0.673868755,10.85515873,0.064795029,128
1991,ZMB,63,54.26190476,0.676803412,4.761904762,0.063734094,96
1992,ZMB,62,47.97712843,0.36861609,7.977128427,0.007146262,97
1993,ZMB,76,52.60533911,0.509668911,13.93867244,0.032474524,112
1994,ZMB,69,51.48220946,0.432290698,13.48220946,0.028389195,145
1995,ZMB,70,55.50333833,0.752638964,11.33667166,0.060663612,132
1996,ZMB,86,52.9275974,0.639635769,22.9275974,0.054705951,127
1997,ZMB,119,76.39319014,0.605888736,25.72652348,0.028292113,181
1998,ZMB,105,58.68371212,0.504489497,28.68371212,0.051179603,154
1999,ZMB,98,62.02201214,0.480892556,22.52201214,0.043456154,139
2000,ZMB,76,34.22332762,0.928769168,18.22332762,0.083362472,117
2001,ZMB,104,52.53386263,0.741648042,27.03386263,0.067128007,172
2002,ZMB,96,58.69366584,0.762360626,18.19366584,0.046212079,156
2003,ZMB,105,52.13976802,0.764007033,23.63976802,0.076201067,152
2004,ZMB,97,44.47220798,0.980028752,24.97220798,0.056291277,162
2005,ZMB,129,64.17383815,0.59816118,33.00717148,0.040867028,175
2006,ZMB,157,70.26538797,1.244347061,44.93205463,0.065385537,210
2007,ZMB,180,72.32888485,1.311732333,51.49555152,0.098280885,234
2008,ZMB,206,90.27024438,1.197032312,54.83691104,0.10651066,306
2009,ZMB,195,78.31371836,1.173009314,56.98038503,0.11120359,272
2010,ZMB,240,94.31181219,1.25070449,67.68681219,0.112055491,325
2011,ZMB,276,104.5020461,1.335744467,75.86871276,0.106516112,395
2012,ZMB,303,113.8163472,0.939480868,81.31634718,0.085109711,458
2013,ZMB,333,122.7089179,1.033453613,97.07247105,0.111620446,454
2014,ZMB,389,138.9134204,0.889309243,101.0800871,0.060553766,553
2015,ZMB,429,159.8009791,0.962365999,120.8009791,0.081841047,652
2016,ZMB,516,190.4052419,0.964704017,125.4052419,0.085483769,798
2017,ZMB,585,215.7088617,0.848102679,142.7088617,0.047938623,833
2018,ZMB,585,230.2534165,0.78550303,155.9200831,0.063042628,934
2019,ZMB,637,234.9744158,0.942270306,151.8077491,0.070212461,966
2020,ZMB,799,307.0718872,0.654304911,196.0718872,0.049671649,1147
2021,ZMB,926,349.4841938,0.877993546,237.9841938,0.064748333,1350
2022,ZMB,1030,383.6084953,0.815149806,265.025162,0.074953205,1582
2023,ZMB,1044,371.1196882,0.864274845,273.6966112,0.09265091,1579
2024,ZMB,74,22.87101135,0.174361055,16.87101135,1,161
1990,ZRX,18,17.4,0.058897589,1.4,0,53
1991,ZRX,3,2.25,0.084107308,0.25,0,3
1992,ZRX,8,4.483333333,0.596202891,1.483333333,0.055762082,11
1993,ZRX,9,9,0.045570319,,0,24
1994,ZRX,7,5.078571429,0.065651986,1.078571429,0,19
1995,ZRX,3,2.75,0.142695111,0.75,0,11
1996,ZRX,2,1.25,0.80984033,0.25,0.2,2
1998,ZRX,1,0.5,0,0.5,0,1
2000,ZRX,1,1,0,,0,1
1990,ZWE,222,196.0057359,0.497496461,22.50573593,0.033568127,304
1991,ZWE,187,160.9035714,0.681956231,18.73690476,0.050296318,284
1992,ZWE,242,208.2079832,0.429448933,24.87464986,0.036963417,350
1993,ZWE,237,192.3242424,0.508208577,33.82424242,0.043329604,362
1994,ZWE,268,223.6329726,0.503458604,30.38297258,0.037636072,393
1995,ZWE,272,211.705469,0.614876406,36.53880232,0.054571635,432
1996,ZWE,346,233.9438561,0.577696616,74.68195138,0.034884391,442
1997,ZWE,372,257.2058136,0.4382748,76.70581363,0.014181001,473
1998,ZWE,321,206.00902,0.618821736,69.20902003,0.03853402,455
1999,ZWE,361,252.2388447,0.491221005,62.36265421,0.020733372,500
2000,ZWE,340,239.195922,0.643358373,69.94592199,0.036635541,466
2001,ZWE,305,210.5900877,0.557881158,62.34008769,0.0496384,436
2002,ZWE,258,163.9803971,0.645481118,58.31373047,0.045149125,392
2003,ZWE,303,181.0630327,0.552760226,74.97969932,0.041421039,402
2004,ZWE,245,151.8973658,0.663662172,53.79888099,0.041566504,330
2005,ZWE,240,136.4810165,0.830496141,67.73101645,0.062546091,376
2006,ZWE,290,178.2230787,0.712379356,73.63974537,0.049797426,471
2007,ZWE,338,191.0226547,0.749474785,79.85598802,0.073542105,460
2008,ZWE,282,134.5677858,0.790426544,78.93445242,0.061727519,436
2009,ZWE,269,128.1579482,0.7641601,68.49128155,0.058690116,347
2010,ZWE,306,159.1569656,0.839068331,74.54267988,0.053699107,410
2011,ZWE,334,166.2450573,1.048159545,86.79505731,0.078493113,453
2012,ZWE,418,232.98463,0.590508234,91.81796337,0.039919878,609
2013,ZWE,440,253.0352628,0.634493385,91.03526282,0.047195881,692
2014,ZWE,573,328.6291601,0.668515861,131.1291601,0.038952344,904
2015,ZWE,561,310.5464879,0.669481585,118.7131546,0.047160481,1373
2016,ZWE,683,355.1494227,0.713381064,159.6494227,0.050570854,929
2017,ZWE,772,387.1593622,0.759537699,182.1593622,0.058897386,1056
2018,ZWE,883,454.4987678,0.666679946,241.4987678,0.047406225,1255
2019,ZWE,937,496.7252576,0.737178692,233.7252576,0.061342987,1393
2020,ZWE,1082,529.9383317,0.789417698,262.2716651,0.068204684,1455
2021,ZWE,1217,564.495416,0.735587697,296.7620827,0.061649072,1669
2022,ZWE,1294,631.6754295,0.779254834,307.4361822,0.066048453,1795
2023,ZWE,1161,550.1202876,0.798868407,283.1202876,0.085926783,1655
2024,ZWE,91,40.01246375,0.533448068,18.34579708,0.993320534,185
1990,,126107,121634.1823,0.356751568,249.9483961,0.035469825,176283
1991,,134127,129404.2113,0.442239044,308.7887876,0.042495171,198729
1992,,123006,118085.9401,0.444457347,310.223751,0.044016374,181684
1993,,117451,112323.1284,0.442271748,301.738642,0.041484103,165464
1994,,121558,115967.5876,0.439790933,364.0006484,0.040975818,167982
1995,,124095,118366.0135,0.480792251,367.9481693,0.044643832,172500
1996,,158826,138362.4536,0.486379577,1327.129845,0.047134809,242916
1997,,150100,133264.3549,0.511365402,1096.026622,0.048985419,232227
1998,,154892,136600.3966,0.502141168,1167.634106,0.049035907,239593
1999,,164507,142494.7993,0.536284866,1580.829434,0.050745226,260102
2000,,154345,137274.2858,0.385443689,1277.936327,0.03654964,207678
2001,,162524,149833.855,0.30081971,806.8109949,0.026936276,225860
2002,,168399,155891.4814,0.266311256,747.2262407,0.025092823,231225
2003,,203281,179962.6028,0.370676343,1273.665622,0.036533117,309040
2004,,172324,154272.8379,0.304398924,942.9422088,0.028608352,251134
2005,,170772,149912.9088,0.335214341,1254.531103,0.033607153,233485
2006,,168092,146115.4391,0.321227207,1432.61566,0.030702358,210805
2007,,178523,154287.1173,0.309927475,1540.039786,0.028857625,225940
2008,,162448,137499.0633,0.341110672,1618.344079,0.031212896,234629
2009,,132816,115715.7334,0.337058598,990.3242569,0.02854793,205029
2010,,136137,118418.8147,0.334601034,633.7412991,0.027351821,228501
2011,,128237,111826.4885,0.313826145,522.4876914,0.025090443,215122
2012,,125258,109330.6471,0.326390322,528.7958817,0.024287525,223545
2013,,118615,104548.5851,0.346877051,591.0845098,0.027636975,214305
2014,,102634,93613.57262,0.273506137,535.49368,0.020223074,181373
2015,,95424,86980.68189,0.262523821,444.4142484,0.018870471,182477
2016,,87785,76213.31225,0.30494825,600.080147,0.022614246,163855
2017,,83451,68212.2641,0.407472012,883.7920297,0.030534538,169309
2018,,80406,63660.9824,0.454485689,1081.142258,0.032088615,186162
2019,,96930,73405.63035,0.569912464,1567.005244,0.040538679,221705
2020,,110896,83803.56352,0.634292793,1971.611832,0.044257852,247124
2021,,122351,92009.93676,0.623623988,2207.482289,0.042353873,304726
2022,,112641,81995.5568,0.660995477,2200.738096,0.043493051,282830
2023,,87654,62521.15072,0.601810434,1906.897179,0.043910315,249147
2024,,5162,3315.799875,0.613680304,148.9639647,0.973190648,23601